{"type": "FeatureCollection", "features": [{"id": "0", "type": "Feature", "properties": {"id": 0, "boundary_id": "swsd_boundary", "name": "Snowmass Water and Sanitation District", "label": "Snowmass W&S", "display": "org", "areasqkm": 15.93, "huc_code": "", "label_lon": -106.931406, "label_lat": 39.225764, "source": "Colorado DOLA - Water and Sanitation Districts", "pulldate": "2026-07-29", "srcurl": "https://services3.arcgis.com/DgjqnJA1rgO92Soi/arcgis/rest/services/Water_and_Sanitation_Districts/FeatureServer/0", "caveat": "Official boundary from Colorado DOLA - Water and Sanitation Districts (lgid 49013), pulled 7/29/26."}, "geometry": {"type": "Polygon", "coordinates": [[[-106.935093295, 39.23266486100001], [-106.934684143, 39.232891070999976], [-106.934259355, 39.232944749], [-106.934340714, 39.24382742000001], [-106.940422788, 39.24373522400001], [-106.940542651, 39.25144572800002], [-106.934525924, 39.251383681], [-106.934369318, 39.24718765200002], [-106.91520941, 39.247139348000005], [-106.915210388, 39.247301676000035], [-106.91048600700002, 39.24738096200001], [-106.910335923, 39.23986449900001], [-106.915309097, 39.23975075], [-106.915301223, 39.239243097999974], [-106.915881126, 39.23923911899997], [-106.915860972, 39.236238461000035], [-106.91972693000001, 39.23623920800002], [-106.919670771, 39.22895668200002], [-106.920334414, 39.228955238000005], [-106.92031223, 39.22531496099998], [-106.915788895, 39.22533154899998], [-106.9157818, 39.224742374999984], [-106.915029907, 39.22474539899997], [-106.91479631, 39.217933008], [-106.910276977, 39.217957711], [-106.910221502, 39.214920119000006], [-106.910994676, 39.21490880899996], [-106.910822634, 39.20788286299996], [-106.915001547, 39.207744456000015], [-106.914802917, 39.20349856899999], [-106.930509362, 39.20314064800001], [-106.943775554, 39.20314472800003], [-106.943793554, 39.20020261099999], [-106.951762691, 39.20021052300002], [-106.951786188, 39.19590898400003], [-106.977224247, 39.19575442400003], [-106.97737535300001, 39.20296463899999], [-106.975042183, 39.202994138999976], [-106.9750456, 39.20311560700002], [-106.979768669, 39.203065401999964], [-106.97983829, 39.207022390000034], [-106.980208813, 39.206848292000004], [-106.980887121, 39.206354717999965], [-106.981379439, 39.20587745099999], [-106.98179229, 39.20613522399996], [-106.982479582, 39.20693390799999], [-106.983039955, 39.20684572900001], [-106.983703793, 39.206591747], [-106.984486038, 39.20647064600003], [-106.984695649, 39.207101842], [-106.983891871, 39.20740693899998], [-106.983707145, 39.20750598400002], [-106.983610536, 39.207590593000006], [-106.98355405, 39.207660256000025], [-106.983463338, 39.20779134800001], [-106.983487551, 39.208104551999995], [-106.98364436, 39.21013287599995], [-106.975110013, 39.21023092400006], [-106.974993817, 39.20652802099996], [-106.972519878, 39.20666439], [-106.966688871, 39.20673050699997], [-106.966634954, 39.20377906999996], [-106.960848664, 39.20384048500003], [-106.958812731, 39.205431009999934], [-106.958033801, 39.20544073999999], [-106.958062984, 39.206855250000004], [-106.957802107, 39.207101096], [-106.957540427, 39.20707724600004], [-106.957627175, 39.21122339000003], [-106.964984485, 39.211131315000024], [-106.96459908, 39.21187624400003], [-106.963115182, 39.212107662], [-106.962024377, 39.21248688499996], [-106.960988583, 39.21300923100001], [-106.958330437, 39.21359955299997], [-106.956956304, 39.214534897000014], [-106.954026996, 39.21464623800003], [-106.952533878, 39.21426184600002], [-106.951213629, 39.21477425599995], [-106.950442451, 39.214951684999974], [-106.949000211, 39.21472382500004], [-106.948675141, 39.21479444799996], [-106.948344283, 39.21544386], [-106.947114034, 39.215570326000005], [-106.94709655, 39.21600921300001], [-106.946748118, 39.21670654799998], [-106.946317812, 39.216982701000006], [-106.945783494, 39.217049385], [-106.944825782, 39.217299111000045], [-106.944044404, 39.217152254], [-106.944055583, 39.217553448000025], [-106.943014956, 39.22067434499997], [-106.942414939, 39.22104492999997], [-106.942520376, 39.22620954300002], [-106.94430596100001, 39.22613936800002], [-106.944458226, 39.23177048600001], [-106.935260008, 39.23184504199998], [-106.935257678, 39.23184344299999], [-106.935093295, 39.23266486100001]]]}}, {"id": "1", "type": "Feature", "properties": {"id": 1, "boundary_id": "bwcd_boundary", "name": "Basalt Water Conservancy District", "label": "Basalt Water Conservancy", "display": "org", "areasqkm": 519.39, "huc_code": "", "label_lon": -107.114756, "label_lat": 39.42943, "source": "Colorado conservancy districts shapefile, via West Divide WCD", "pulldate": "2026-08-26", "srcurl": "", "caveat": "Provided by Gwen Garcelon 8/26/26, received from the West Divide WCD engineer as public information. Statewide conservancy-district layer dated 11/2014. Replaces a KML that described itself as a general perimeter and covered 2,919 km2 - 77% of the watershed. CLIPPED to the Roaring Fork HUC-8 for display - this is NOT the legal boundary; the full district is 523 km\u00b2 and 4 km\u00b2 lies outside the watershed."}, "geometry": {"type": "Polygon", "coordinates": [[[-107.30295948104387, 39.53561572135858], [-107.29050108023937, 39.53506210874539], [-107.29052184556355, 39.53148189599492], [-107.27992331517831, 39.5312318572646], [-107.28002421192585, 39.534353143337555], [-107.27626830714972, 39.53446187613215], [-107.27630549593778, 39.53698653599915], [-107.27212996594326, 39.53707865121424], [-107.27223006043506, 39.539802163849636], [-107.26802000034434, 39.539884440250695], [-107.26801010838166, 39.540971953674976], [-107.25646999384347, 39.5408343405912], [-107.25615000000002, 39.54065], [-107.25283, 39.54056], [-107.25062861755252, 39.53919796343353], [-107.25051281052868, 39.53091360139875], [-107.26234603305215, 39.53072266850258], [-107.2622370411284, 39.52655934497749], [-107.23632709142018, 39.52614148235749], [-107.23633055193626, 39.53334707134225], [-107.22995, 39.53416000000002], [-107.22759, 39.53355000000007], [-107.22161, 39.534350000000025], [-107.22138, 39.53702999999997], [-107.21826, 39.53864999999999], [-107.21469, 39.53842000000001], [-107.21099911320833, 39.54138624235961], [-107.20415073274604, 39.54134301881169], [-107.20405613947605, 39.53756115679085], [-107.19496394563832, 39.53769448344386], [-107.19461290170521, 39.52700892382332], [-107.18017820217504, 39.527053285972094], [-107.05742015949126, 39.52689128702887], [-107.05990000000001, 39.52279], [-107.06310000000002, 39.52069000000003], [-107.06332, 39.51705999999996], [-107.06439, 39.513830000000006], [-107.06029, 39.508889999999944], [-107.05579, 39.510620000000024], [-107.05434, 39.510499999999986], [-107.05437, 39.50955000000008], [-107.05283, 39.50778000000008], [-107.05185, 39.505300000000005], [-107.05538, 39.50090000000001], [-107.0525, 39.50115999999999], [-107.04917, 39.49771999999996], [-107.04885386096791, 39.49753899634627], [-107.04881106711063, 39.48085579740082], [-106.99453977083795, 39.48081348713714], [-106.99317850201473, 39.39467303681465], [-106.94576933294461, 39.39493845360306], [-106.9451258272578, 39.37871858915876], [-106.94894721142535, 39.380352946222665], [-106.95138330607574, 39.38154421845963], [-106.9521571798208, 39.381597834861026], [-106.95274186890947, 39.38102191434727], [-106.95353728340605, 39.380309251977295], [-106.95495355254738, 39.38031875884036], [-106.95625881047273, 39.38096282213655], [-106.95748017264447, 39.38167488371299], [-106.95914729168318, 39.381447014572615], [-106.96046569572536, 39.38102519832422], [-106.96129646461046, 39.380045484258204], [-106.96253091593844, 39.37969166063007], [-106.96440307950256, 39.379127254287916], [-106.96435923529431, 39.37838538080019], [-106.96371864588448, 39.33551064115848], [-106.99420661171648, 39.33546564150167], [-107.01037280887985, 39.33543327700165], [-107.0103658848333, 39.30657229750036], [-107.12320230037251, 39.30663970898262], [-107.15802965593093, 39.306567522425176], [-107.15819677721075, 39.308941886470976], [-107.19834798395466, 39.308855120856435], [-107.19989468256598, 39.395816422562326], [-107.2189130632316, 39.39590652654996], [-107.21888343708493, 39.396731941462626], [-107.21888343607645, 39.39673194155167], [-107.21894040296758, 39.414498271448636], [-107.22366681728104, 39.41468829212759], [-107.2263871381247, 39.41500414435792], [-107.22903534660506, 39.41660022431311], [-107.2315598697131, 39.417147458454615], [-107.23367253090956, 39.417527356877876], [-107.23527387322595, 39.418162316782094], [-107.23588442788967, 39.41896856483886], [-107.23778810913772, 39.42128526751609], [-107.23845511376214, 39.42228822405699], [-107.2392461765666, 39.42300880103118], [-107.24038596934251, 39.42403799981589], [-107.24143674678552, 39.4244031716415], [-107.24245373141662, 39.424418600531446], [-107.24425531160338, 39.42354291665635], [-107.24507548026023, 39.422353293099974], [-107.24647908251139, 39.42174804762929], [-107.24755524080297, 39.42220026976532], [-107.24805518089907, 39.42299648986387], [-107.2483146939083, 39.42404262592827], [-107.24838235874618, 39.424742086737254], [-107.25056639855451, 39.42592617876235], [-107.25342374777213, 39.42697453446238], [-107.25438769487579, 39.428147150494425], [-107.25661880761389, 39.43148506601936], [-107.2564134131895, 39.43282051222875], [-107.25596246700586, 39.433547551553296], [-107.2546293121637, 39.43423914705113], [-107.25434428489983, 39.43520823088751], [-107.25464514117415, 39.4361309126862], [-107.25537216285244, 39.436957729315914], [-107.25771186565008, 39.4380510544833], [-107.25839378650284, 39.438878727495215], [-107.25857389910783, 39.439558475485356], [-107.25911476891294, 39.44091445946639], [-107.26045040541928, 39.4416943738134], [-107.26149050781979, 39.44173070562412], [-107.26232845878305, 39.4417804688279], [-107.26401850737368, 39.44164244650748], [-107.26488117426703, 39.44246655925616], [-107.26490954303073, 39.44334196391502], [-107.26427855122682, 39.44409006200028], [-107.2631693899485, 39.44472483421076], [-107.26172206638917, 39.44538369554249], [-107.26073142719406, 39.4461913288818], [-107.26091951624936, 39.44711618581545], [-107.26169699241288, 39.44809965043633], [-107.26323489689199, 39.44884055574453], [-107.26541420897591, 39.44984924743574], [-107.26626974756243, 39.451146503040086], [-107.26764244889, 39.45236358654505], [-107.26882429910216, 39.453269034814554], [-107.2694552486219, 39.454605687997145], [-107.27114120082663, 39.4571130251909], [-107.27204287248044, 39.45912761708681], [-107.27208444642301, 39.46040569806291], [-107.27160655227124, 39.461693932805346], [-107.27146439558385, 39.46218724557243], [-107.27132622278393, 39.46280311392334], [-107.27131122803875, 39.46373191837965], [-107.27243809637416, 39.46502382066972], [-107.27457686290118, 39.46615575785106], [-107.2756269398223, 39.4671688257198], [-107.27597511804923, 39.46814307489029], [-107.27581576695204, 39.46949516328831], [-107.27519916700791, 39.4713817756884], [-107.27579413008053, 39.47229863562225], [-107.27595934212596, 39.47320639062161], [-107.27713188760991, 39.47519811079748], [-107.2788598481934, 39.476197861251556], [-107.28041370956522, 39.47671046904893], [-107.28207653866504, 39.477098282731625], [-107.28564879371352, 39.478499673129704], [-107.28666458179913, 39.47914541044204], [-107.28717111994993, 39.48011650686243], [-107.2885252448474, 39.4807380489835], [-107.289865994388, 39.4816401440119], [-107.29173234484206, 39.48204957605244], [-107.29323545623768, 39.48236205163524], [-107.29535320293373, 39.48282828934119], [-107.29698040625645, 39.48281365428098], [-107.2985196514427, 39.482187571929586], [-107.29973854808523, 39.481445176842605], [-107.30108884508522, 39.48126077450813], [-107.30288338864102, 39.48152304642207], [-107.3039599601932, 39.482428412215036], [-107.30485565649015, 39.48374389014899], [-107.30504791746573, 39.48477369496592], [-107.30439730957598, 39.485609989351], [-107.30332146566208, 39.48657734442235], [-107.30334510055812, 39.48797839162758], [-107.30426254035214, 39.48957830040384], [-107.30588240040089, 39.490871250392296], [-107.3070213689526, 39.49181218432232], [-107.30722933840276, 39.49263144539103], [-107.30636136988772, 39.495101326650875], [-107.30621011927461, 39.49599779395679], [-107.30593541415085, 39.497947846758414], [-107.30573716915094, 39.5001591659788], [-107.3052967256241, 39.50188476884295], [-107.30527750305104, 39.50403998790233], [-107.30554689490818, 39.5053485676131], [-107.30610951326139, 39.506633807198334], [-107.30648438825857, 39.50839578409105], [-107.30650581280081, 39.50904356117554], [-107.30486177796739, 39.5097649004812], [-107.30277647472865, 39.509751504336485], [-107.30323185614293, 39.52460623672643], [-107.30765603701799, 39.524792172103126], [-107.30766403748046, 39.535112429675436], [-107.31648949803518, 39.535115670753484], [-107.3164675220507, 39.54231612967293], [-107.31544502444902, 39.54372893650072], [-107.30271801857948, 39.5434400314453], [-107.30295948104387, 39.53561572135858]]]}}, {"id": "2", "type": "Feature", "properties": {"id": 2, "boundary_id": "huc8_roaring_fork", "name": "Roaring Fork", "label": "Roaring Fork Watershed", "display": "frame", "areasqkm": 3767.49, "huc_code": "14010004", "label_lon": -106.941459, "label_lat": 39.274156, "source": "USGS WBD HUC-8 14010004", "pulldate": "2026-06-15", "srcurl": "https://hydro.nationalmap.gov/arcgis/rest/services/wbd/MapServer/4", "caveat": "Roaring Fork Watershed. Used directly by RFC/RWAPA/PCHR - HUC-8 boundary confirmed as their operating area."}, "geometry": {"type": "Polygon", "coordinates": [[[-107.08115, 39.56165], [-107.08412, 39.55483999999996], [-107.07976, 39.553810000000006], [-107.07394000000001, 39.55143999999997], [-107.07329, 39.550250000000055], [-107.07606, 39.54881999999999], [-107.0758, 39.548270000000045], [-107.0732, 39.547449999999984], [-107.07209, 39.54533000000002], [-107.06914, 39.543880000000016], [-107.06836, 39.543010000000066], [-107.06748, 39.538149999999966], [-107.06518000000001, 39.536100000000005], [-107.06026, 39.53333000000001], [-107.05795, 39.52999000000001], [-107.05730000000001, 39.52709000000001], [-107.05990000000001, 39.52279000000001], [-107.06310000000002, 39.52069000000003], [-107.06332, 39.51705999999997], [-107.06439, 39.513830000000006], [-107.06029, 39.50888999999996], [-107.05579, 39.510620000000024], [-107.05434, 39.510499999999986], [-107.05437, 39.509550000000075], [-107.05283, 39.50778000000004], [-107.05185, 39.505300000000005], [-107.05538, 39.50090000000001], [-107.0525, 39.50116000000003], [-107.04917, 39.49771999999997], [-107.04304, 39.494209999999995], [-107.04011, 39.496159999999975], [-107.0345, 39.49395000000003], [-107.03227, 39.494210000000024], [-107.03014, 39.49629000000002], [-107.02489000000001, 39.49614999999998], [-107.02153, 39.49542000000002], [-107.01439, 39.49117999999998], [-107.01189, 39.49598999999999], [-107.0102, 39.49756000000001], [-107.00864, 39.49770000000002], [-106.99736, 39.49493999999999], [-106.98866, 39.495140000000035], [-106.98631, 39.495629999999956], [-106.98418, 39.497969999999995], [-106.97689000000001, 39.503139999999995], [-106.97464000000001, 39.50385000000002], [-106.97226, 39.50374999999999], [-106.96973, 39.50071999999998], [-106.96616, 39.499559999999924], [-106.96521, 39.49866000000003], [-106.96496, 39.49721999999995], [-106.96656, 39.49558999999997], [-106.96652, 39.49423999999995], [-106.96380000000002, 39.49101999999998], [-106.96329, 39.48949999999998], [-106.9639, 39.48797], [-106.96334, 39.48703], [-106.9616, 39.48602], [-106.95478, 39.485030000000016], [-106.95384000000001, 39.48392000000001], [-106.95391, 39.481329999999986], [-106.9526, 39.479079999999975], [-106.95019, 39.476850000000034], [-106.93631, 39.47232999999999], [-106.93427, 39.471390000000014], [-106.93186, 39.46752999999998], [-106.92750000000001, 39.467730000000024], [-106.92488, 39.46719000000006], [-106.92199, 39.46437999999996], [-106.91939, 39.46390000000001], [-106.9167, 39.46229999999999], [-106.91306, 39.45700999999999], [-106.91295, 39.455539999999985], [-106.91071, 39.453680000000006], [-106.90778, 39.44861000000001], [-106.90585, 39.446540000000006], [-106.90326, 39.445119999999996], [-106.90158, 39.44226000000001], [-106.89893, 39.44050000000001], [-106.89433, 39.439119999999974], [-106.88897, 39.440720000000006], [-106.88477, 39.44328000000002], [-106.8773, 39.44212999999997], [-106.87652, 39.44115999999996], [-106.8758, 39.43606999999998], [-106.87455, 39.43496999999999], [-106.86849000000001, 39.433520000000016], [-106.86075, 39.433859999999996], [-106.85937, 39.42810999999996], [-106.85164, 39.42628999999999], [-106.84883, 39.42673000000002], [-106.84582, 39.42358999999998], [-106.84308, 39.42214999999993], [-106.83847, 39.422229999999956], [-106.83417, 39.42313000000003], [-106.83278, 39.42422000000001], [-106.82633, 39.422799999999995], [-106.82377, 39.42593999999998], [-106.81956, 39.42792999999999], [-106.80762, 39.42885], [-106.80442, 39.428729999999995], [-106.8031, 39.42702000000004], [-106.79289, 39.42581999999999], [-106.79078, 39.42233999999997], [-106.78812, 39.420259999999985], [-106.77844, 39.41786999999998], [-106.77289, 39.41783999999999], [-106.76893000000001, 39.41894999999999], [-106.76621, 39.42229000000003], [-106.76371, 39.42318], [-106.7599, 39.42233999999997], [-106.75235, 39.42224000000003], [-106.74477, 39.41941000000002], [-106.73898, 39.422940000000004], [-106.73391, 39.421210000000016], [-106.73161, 39.42165000000003], [-106.72778, 39.42397000000002], [-106.72387000000002, 39.42499999999997], [-106.71881, 39.423440000000056], [-106.71407, 39.42549999999998], [-106.70374, 39.427380000000014], [-106.70266, 39.42703000000004], [-106.70265, 39.428350000000016], [-106.6997, 39.43025999999998], [-106.68714, 39.43230000000002], [-106.68593, 39.43307000000004], [-106.68491, 39.43508000000006], [-106.68467, 39.43705], [-106.68574, 39.440259999999974], [-106.68453, 39.44268000000002], [-106.68361, 39.443899999999985], [-106.68084, 39.44338999999998], [-106.67774, 39.443880000000014], [-106.67709, 39.44481000000001], [-106.67642, 39.45013999999999], [-106.67274, 39.45098000000004], [-106.66817, 39.45062999999997], [-106.66429, 39.45221999999999], [-106.66054, 39.45480999999997], [-106.65604, 39.45369000000002], [-106.65448, 39.45868], [-106.6559, 39.46288000000003], [-106.64963, 39.46503], [-106.64227, 39.46604], [-106.63994, 39.46394999999997], [-106.636, 39.46327999999999], [-106.63322, 39.46100999999995], [-106.62533, 39.45949000000001], [-106.62249, 39.45710000000001], [-106.61858, 39.45631999999995], [-106.61365000000002, 39.45733999999997], [-106.60944, 39.456870000000016], [-106.60797, 39.453069999999954], [-106.60497, 39.45111999999997], [-106.59933, 39.45085000000004], [-106.59817, 39.44926000000001], [-106.59127, 39.446899999999964], [-106.58994, 39.44561999999996], [-106.58132, 39.445359999999994], [-106.58025, 39.441690000000015], [-106.57754, 39.440549999999995], [-106.57714, 39.43914], [-106.57481, 39.43679], [-106.57158, 39.43598999999999], [-106.56989, 39.434590000000014], [-106.56498, 39.43360999999999], [-106.56270000000002, 39.43254000000004], [-106.56151, 39.42981999999999], [-106.55890000000001, 39.42796999999999], [-106.55775, 39.42433999999999], [-106.55613, 39.42201999999996], [-106.55042, 39.420190000000005], [-106.54547000000001, 39.41557], [-106.54433, 39.413409999999985], [-106.54442000000002, 39.41032999999999], [-106.54229, 39.40803], [-106.54361, 39.40569000000001], [-106.54253, 39.40203999999994], [-106.53953, 39.402370000000005], [-106.53480000000002, 39.40412999999998], [-106.53192, 39.40417], [-106.52805000000001, 39.40325000000002], [-106.52185, 39.40032999999999], [-106.52408, 39.394049999999986], [-106.52334, 39.389549999999986], [-106.52388, 39.38748000000003], [-106.52291, 39.385460000000045], [-106.52344, 39.38242], [-106.52254, 39.380960000000044], [-106.51973000000001, 39.38018999999998], [-106.51908, 39.376570000000015], [-106.51643, 39.37197999999999], [-106.51686, 39.369930000000004], [-106.51613, 39.36826000000001], [-106.5123, 39.366389999999974], [-106.50983, 39.36273000000001], [-106.50766, 39.36134000000002], [-106.50527, 39.35697], [-106.50378000000002, 39.356109999999994], [-106.50606, 39.355240000000016], [-106.50819, 39.35036999999995], [-106.50776, 39.34804999999997], [-106.50523, 39.34651999999999], [-106.50287, 39.34361], [-106.50308, 39.34103000000002], [-106.5017, 39.337279999999964], [-106.50284, 39.33608999999996], [-106.50364, 39.33147000000002], [-106.50347, 39.32815999999999], [-106.50224, 39.32600000000002], [-106.50376, 39.32191000000001], [-106.5028, 39.31847999999997], [-106.50644, 39.31319000000001], [-106.50445, 39.310470000000024], [-106.50176, 39.309390000000015], [-106.49765, 39.30876999999999], [-106.49277, 39.30517000000002], [-106.4927, 39.30391000000004], [-106.50009, 39.301340000000046], [-106.50254, 39.29834999999998], [-106.50354, 39.295260000000006], [-106.50278, 39.29047999999996], [-106.50436, 39.28749000000001], [-106.50412, 39.284899999999986], [-106.49989000000001, 39.281579999999984], [-106.49847, 39.27914999999996], [-106.49618, 39.27799999999996], [-106.49411, 39.277960000000036], [-106.49013, 39.273270000000025], [-106.48301, 39.27256], [-106.48382, 39.271510000000006], [-106.48349, 39.26810000000005], [-106.48415, 39.2657], [-106.48177, 39.26199], [-106.48108000000002, 39.25951999999999], [-106.48298, 39.25817000000001], [-106.48325000000001, 39.25512999999998], [-106.48613, 39.253879999999995], [-106.48853, 39.24863000000002], [-106.49684, 39.24325000000003], [-106.49767, 39.24217000000003], [-106.49694, 39.24089000000002], [-106.49799, 39.23963000000002], [-106.4988, 39.23521], [-106.49726, 39.23275999999999], [-106.49469, 39.23188999999998], [-106.49316, 39.22959000000003], [-106.48965, 39.22781999999997], [-106.49232, 39.22534999999996], [-106.49123, 39.22282000000001], [-106.4921, 39.22177999999999], [-106.49172, 39.2208], [-106.49399, 39.21939999999999], [-106.49291, 39.21534000000004], [-106.49451000000002, 39.21179999999998], [-106.49508, 39.208559999999984], [-106.49386, 39.2069], [-106.49458, 39.20008999999999], [-106.49365000000002, 39.198350000000005], [-106.49561, 39.194630000000046], [-106.49815, 39.19253999999998], [-106.49997000000002, 39.18340999999998], [-106.50464, 39.17920000000004], [-106.50837, 39.17801999999994], [-106.50996, 39.1747], [-106.50853, 39.16806999999996], [-106.50985000000001, 39.16480000000001], [-106.51414, 39.16181000000002], [-106.51894, 39.15969999999996], [-106.52126, 39.15741], [-106.52729, 39.160940000000046], [-106.53113, 39.161270000000016], [-106.53548, 39.16311000000004], [-106.53645000000002, 39.159429999999965], [-106.53811, 39.15803999999999], [-106.5441, 39.15869000000003], [-106.55184, 39.161509999999936], [-106.55712, 39.15701000000002], [-106.56125, 39.15574999999998], [-106.56173, 39.15493999999996], [-106.56269, 39.15181000000001], [-106.56222, 39.150540000000014], [-106.56092, 39.14963999999998], [-106.56087, 39.14633999999999], [-106.55886, 39.14389999999999], [-106.55963, 39.13961], [-106.56481, 39.13278000000003], [-106.56392000000001, 39.131220000000035], [-106.56053, 39.12850000000002], [-106.55908, 39.12490000000002], [-106.55804, 39.12400999999996], [-106.55819, 39.12104000000002], [-106.5592, 39.11910000000001], [-106.56361, 39.115439999999985], [-106.56482, 39.11319999999997], [-106.5649, 39.108929999999994], [-106.56383, 39.10805], [-106.56365, 39.106419999999986], [-106.56992, 39.103870000000015], [-106.57361, 39.10452000000002], [-106.57555, 39.104140000000015], [-106.58069, 39.10096], [-106.58636000000001, 39.09572000000005], [-106.58596, 39.092160000000014], [-106.58675, 39.089430000000014], [-106.58512, 39.084319999999984], [-106.58391, 39.083290000000005], [-106.58119, 39.082499999999996], [-106.57699, 39.07939999999999], [-106.57916, 39.07829], [-106.57984, 39.076750000000004], [-106.57949, 39.07464000000002], [-106.57771, 39.07210000000003], [-106.57714, 39.06292999999998], [-106.57841, 39.05619000000001], [-106.57784, 39.05244999999999], [-106.57983, 39.04954000000001], [-106.58456, 39.04672000000001], [-106.5891, 39.045650000000016], [-106.59543, 39.045349999999985], [-106.59731, 39.04460999999998], [-106.59765, 39.040239999999955], [-106.59973, 39.03452000000002], [-106.5979, 39.03168999999995], [-106.59365, 39.03013999999999], [-106.59142, 39.02552000000005], [-106.59481, 39.02204000000001], [-106.59459, 39.02000000000002], [-106.59523, 39.017730000000014], [-106.59429, 39.016860000000015], [-106.59522, 39.01453000000003], [-106.59554, 39.010390000000044], [-106.59425, 39.00583999999999], [-106.5946, 39.00280999999998], [-106.59879, 38.99836], [-106.60153000000001, 38.99787000000002], [-106.60345, 38.99665999999999], [-106.61112, 38.99540000000002], [-106.61271, 38.99563999999999], [-106.61345, 38.99617000000002], [-106.61403, 38.99901], [-106.61483, 39.00002000000002], [-106.61959, 39.00282], [-106.62346, 39.00366], [-106.62451, 39.00614], [-106.62771, 39.00770000000002], [-106.62955, 39.010269999999956], [-106.63007, 39.012199999999986], [-106.63316, 39.012119999999975], [-106.63765, 39.01457], [-106.6383, 39.01930000000002], [-106.64842, 39.022180000000006], [-106.65006, 39.026459999999965], [-106.6496, 39.02765000000005], [-106.64648, 39.03080000000001], [-106.64681, 39.03310999999997], [-106.6482, 39.036059999999985], [-106.65199, 39.038639999999994], [-106.65199, 39.041119999999985], [-106.65521, 39.04414999999999], [-106.65819000000002, 39.04377000000002], [-106.6626, 39.04196000000002], [-106.66469, 39.04188000000003], [-106.66664, 39.04240999999996], [-106.66787, 39.04363000000003], [-106.67311, 39.0447], [-106.67447, 39.04587999999998], [-106.68488000000002, 39.04518999999998], [-106.68637, 39.048080000000034], [-106.68796, 39.04976999999997], [-106.69063, 39.051159999999975], [-106.69295, 39.05501999999998], [-106.6967, 39.055739999999965], [-106.70304, 39.05593000000002], [-106.70651, 39.05443999999997], [-106.70874, 39.05174999999998], [-106.71034, 39.047629999999984], [-106.71364, 39.0487], [-106.71696, 39.048399999999994], [-106.72292000000002, 39.04513999999999], [-106.72941, 39.046509999999984], [-106.73211, 39.04638000000004], [-106.73555, 39.044859999999986], [-106.73957, 39.04606], [-106.74052, 39.04592999999999], [-106.74222, 39.044059999999966], [-106.74603, 39.04287999999998], [-106.74967, 39.04276999999998], [-106.74705, 39.038960000000046], [-106.74469, 39.02664999999998], [-106.74816, 39.026580000000045], [-106.75158, 39.02529000000003], [-106.75674, 39.01970000000006], [-106.76182, 39.019309999999976], [-106.7616, 39.01586000000005], [-106.76374, 39.013270000000006], [-106.76814, 39.01017999999996], [-106.76874, 39.007610000000035], [-106.77501, 39.005969999999955], [-106.77625, 39.00495000000002], [-106.77757, 39.00162], [-106.78055, 38.99969999999999], [-106.78251, 38.99930000000001], [-106.78208, 38.99868000000004], [-106.78331000000001, 38.997199999999935], [-106.78374, 38.99545999999999], [-106.78223, 38.99087999999999], [-106.78463, 38.98627000000005], [-106.78787, 38.98428000000003], [-106.79069, 38.98406000000002], [-106.79415, 38.984739999999945], [-106.79629, 38.98432999999995], [-106.80034, 38.982070000000036], [-106.7998, 38.97938999999999], [-106.80396, 38.97814000000002], [-106.80842, 38.97896000000002], [-106.811, 38.9787], [-106.81698, 38.98133000000001], [-106.82731, 38.97765000000001], [-106.83085, 38.97928999999995], [-106.83219, 38.98078000000002], [-106.83445, 38.980889999999995], [-106.83618, 38.98356000000003], [-106.83955000000002, 38.98448999999998], [-106.84108, 38.98564999999999], [-106.84578000000002, 38.98629999999998], [-106.84882000000002, 38.989149999999995], [-106.85242, 38.995430000000034], [-106.85481, 38.99687999999998], [-106.85648, 38.99889], [-106.85689, 39.00097000000007], [-106.85965000000002, 39.00571], [-106.85924, 39.00711999999998], [-106.86037, 39.00916000000001], [-106.86135, 39.00964000000002], [-106.86556, 39.008279999999985], [-106.8675, 39.006890000000006], [-106.8766, 39.007190000000044], [-106.8782, 39.00480000000001], [-106.87657, 38.99967999999998], [-106.87677, 38.997379999999986], [-106.87798, 38.994449999999986], [-106.88185, 38.99259999999998], [-106.88439, 38.99051], [-106.8905, 38.99111000000004], [-106.89332, 38.98960000000001], [-106.89641, 38.990249999999996], [-106.90017, 38.99237000000003], [-106.90381, 38.99199000000001], [-106.90806, 38.99252000000003], [-106.90764, 38.99495999999999], [-106.91034000000002, 39.000820000000004], [-106.91131, 39.000050000000016], [-106.91783, 38.99935000000002], [-106.92933, 39.004990000000056], [-106.93458, 39.00555000000002], [-106.93584, 39.007199999999976], [-106.93771, 39.00773000000004], [-106.94547, 39.014829999999996], [-106.94898000000002, 39.014840000000014], [-106.95067, 39.01629000000002], [-106.95462, 39.01678999999999], [-106.95905, 39.01536999999996], [-106.96406000000002, 39.01709000000001], [-106.96499, 39.01930999999997], [-106.96408, 39.02068], [-106.96524, 39.02341999999999], [-106.96377, 39.02879], [-106.96754, 39.03096000000006], [-106.96905, 39.02925999999997], [-106.97279, 39.02863999999996], [-106.97973, 39.03064], [-106.9832, 39.030289999999994], [-106.98895, 39.031170000000024], [-106.99601, 39.03397000000003], [-107.00216, 39.03085], [-107.00839, 39.02921999999998], [-107.01099, 39.02718999999997], [-107.01208, 39.02376999999999], [-107.01407, 39.02288], [-107.01579, 39.02037000000001], [-107.01687, 39.01600999999996], [-107.02137, 39.01384000000002], [-107.02298000000002, 39.01406999999999], [-107.02508, 39.016409999999986], [-107.03225000000002, 39.01495999999999], [-107.03546000000001, 39.015389999999975], [-107.04069, 39.01776000000001], [-107.04353, 39.01612999999998], [-107.0459, 39.01555999999999], [-107.04747, 39.014559999999996], [-107.04847, 39.01050999999998], [-107.04763, 39.00910000000001], [-107.04783, 39.00571999999999], [-107.04689, 39.000939999999986], [-107.04458, 38.99790999999999], [-107.04636, 38.99281], [-107.04622, 38.98837000000002], [-107.04897, 38.98566000000001], [-107.05147, 38.984960000000015], [-107.05461000000001, 38.985619999999976], [-107.05951, 38.987780000000015], [-107.06216, 38.987559999999995], [-107.06537, 38.98837000000002], [-107.06681, 38.98946000000002], [-107.0658, 38.991479999999996], [-107.06645, 38.99314999999999], [-107.07717, 38.996599999999994], [-107.07744, 38.99822000000001], [-107.07874, 38.999940000000024], [-107.08272, 38.99942], [-107.08483, 39.00040999999995], [-107.09098, 39.00727000000002], [-107.09209, 39.00925999999996], [-107.09526, 39.01073000000003], [-107.09587, 39.01075999999999], [-107.0956, 39.008969999999984], [-107.09662, 39.001980000000025], [-107.09841, 38.99960999999998], [-107.09799, 38.99812999999999], [-107.09927, 38.99689], [-107.10249, 38.99595999999997], [-107.10345, 38.99176999999999], [-107.10695000000001, 38.99306000000002], [-107.11011, 38.993420000000015], [-107.11162000000002, 38.99286999999997], [-107.11752000000001, 38.99466000000001], [-107.12091, 38.992099999999986], [-107.12518, 38.99105999999997], [-107.12907, 38.99396000000004], [-107.13425, 38.992169999999966], [-107.14, 38.99381000000006], [-107.14334000000001, 38.99617000000002], [-107.14733000000001, 38.993939999999995], [-107.15384, 38.99383000000002], [-107.15675, 38.99515000000001], [-107.15969, 38.997480000000046], [-107.16125, 39.001270000000005], [-107.16594, 39.004509999999975], [-107.16614, 39.00705000000001], [-107.16882, 39.00911], [-107.17052, 39.01372999999994], [-107.17206, 39.015389999999975], [-107.17252, 39.01792000000001], [-107.17156, 39.020380000000046], [-107.17257, 39.02289000000002], [-107.17730000000002, 39.02835999999999], [-107.17823, 39.03034000000002], [-107.18001, 39.02981999999996], [-107.18102, 39.03080000000001], [-107.18446, 39.03166999999997], [-107.18748, 39.03134000000001], [-107.18937, 39.032840000000014], [-107.1934, 39.033419999999985], [-107.19874, 39.03140000000002], [-107.20411, 39.030710000000035], [-107.21333, 39.03169999999993], [-107.21539, 39.03014999999998], [-107.21884, 39.02966], [-107.22271, 39.02803], [-107.22548000000002, 39.02343000000002], [-107.23245, 39.01987999999998], [-107.23544, 39.02033000000001], [-107.23699, 39.02193999999999], [-107.23912, 39.021939999999965], [-107.24384, 39.023910000000015], [-107.25089, 39.02864999999996], [-107.25703, 39.026430000000005], [-107.25948, 39.027319999999996], [-107.26176, 39.02713000000003], [-107.26585, 39.029770000000006], [-107.26867, 39.029689999999974], [-107.27257, 39.031010000000016], [-107.27658, 39.03020000000001], [-107.27805, 39.03213], [-107.28050000000002, 39.03360999999997], [-107.28176, 39.03660000000002], [-107.27737, 39.04106000000001], [-107.27778, 39.044089999999976], [-107.27972, 39.046040000000026], [-107.2806, 39.048350000000006], [-107.27837, 39.05412999999998], [-107.28029, 39.05711999999996], [-107.28545, 39.05993999999999], [-107.28635, 39.060999999999986], [-107.28702, 39.06380000000003], [-107.28501000000001, 39.06708], [-107.28665, 39.06993000000002], [-107.2824, 39.074760000000005], [-107.28194, 39.07801000000005], [-107.28252, 39.08051999999998], [-107.28069, 39.08248999999994], [-107.27952, 39.085149999999956], [-107.27776, 39.086640000000024], [-107.27692, 39.089930000000024], [-107.28178, 39.09512], [-107.28113, 39.09666], [-107.27911, 39.09768000000001], [-107.28199, 39.10018000000001], [-107.28386, 39.104999999999976], [-107.28413, 39.10981999999996], [-107.28315, 39.11277999999997], [-107.28802, 39.11454000000004], [-107.28181000000001, 39.119360000000036], [-107.28282, 39.12187000000001], [-107.28266000000002, 39.12377999999997], [-107.28503, 39.12536999999994], [-107.28459, 39.12656000000003], [-107.28379, 39.126749999999966], [-107.28377, 39.12836999999999], [-107.28614, 39.13346999999997], [-107.28633, 39.13682999999997], [-107.29211, 39.14413000000006], [-107.29372, 39.14478000000002], [-107.29472, 39.14849999999996], [-107.29602, 39.150540000000014], [-107.29567, 39.153800000000004], [-107.2991, 39.156730000000024], [-107.30404, 39.15568999999997], [-107.30504, 39.15675000000002], [-107.30796, 39.157469999999975], [-107.31105, 39.15944], [-107.31574, 39.16398000000004], [-107.31891, 39.16550999999999], [-107.32452, 39.165959999999934], [-107.32771, 39.16536999999999], [-107.33282, 39.16618000000003], [-107.33582, 39.16747], [-107.33723, 39.16908], [-107.34369, 39.16872000000004], [-107.35345, 39.173039999999965], [-107.35408, 39.17612000000002], [-107.35811, 39.18075000000002], [-107.35958, 39.18474999999999], [-107.36323, 39.18611], [-107.36519, 39.188339999999975], [-107.36706, 39.192100000000046], [-107.37714, 39.19941999999998], [-107.37766, 39.200929999999985], [-107.37728, 39.20434000000002], [-107.37842, 39.20616999999995], [-107.37861, 39.208090000000006], [-107.38063, 39.21007000000002], [-107.37811, 39.21479999999998], [-107.37698, 39.22022000000001], [-107.37684, 39.22334999999994], [-107.37805, 39.224400000000024], [-107.37861, 39.22618999999995], [-107.37797, 39.22870999999999], [-107.3793, 39.23112000000001], [-107.37587, 39.23687], [-107.37149000000001, 39.23905], [-107.37511, 39.24253000000002], [-107.37691, 39.246280000000034], [-107.38432, 39.24783999999999], [-107.38618, 39.25032], [-107.39049, 39.25064], [-107.39164, 39.25231], [-107.39217, 39.254979999999975], [-107.39449, 39.256810000000016], [-107.39356, 39.25920999999999], [-107.39143, 39.26054000000002], [-107.39152, 39.26373999999999], [-107.38464, 39.26733000000001], [-107.37939, 39.26908999999997], [-107.37771, 39.27109999999999], [-107.37755000000001, 39.27273999999996], [-107.37857, 39.27506000000002], [-107.38318000000001, 39.275559999999956], [-107.38877, 39.27856999999997], [-107.39185, 39.27937999999999], [-107.39664, 39.28342999999996], [-107.39699, 39.28428999999998], [-107.39606, 39.29019], [-107.39761, 39.291850000000004], [-107.39703, 39.29429000000004], [-107.39825, 39.29514999999999], [-107.40507, 39.292779999999986], [-107.40866000000001, 39.29402], [-107.41278, 39.291959999999996], [-107.41459, 39.293510000000005], [-107.42193, 39.29698999999997], [-107.43121, 39.29883999999997], [-107.4346, 39.298690000000015], [-107.43723, 39.29975000000002], [-107.43798, 39.30109999999999], [-107.43956, 39.30213999999999], [-107.43949, 39.303180000000026], [-107.43706, 39.30701000000002], [-107.43896, 39.30898000000002], [-107.44089000000001, 39.30844999999997], [-107.44497, 39.308700000000016], [-107.44701, 39.30597999999996], [-107.45, 39.30451999999998], [-107.45154, 39.30460999999995], [-107.45411, 39.30644000000001], [-107.45636, 39.307019999999994], [-107.45712, 39.309259999999995], [-107.45914, 39.309739999999984], [-107.46132, 39.31286000000001], [-107.46449, 39.31451000000002], [-107.46324, 39.31711000000003], [-107.46405, 39.32006000000002], [-107.46575, 39.32230999999998], [-107.46337, 39.324320000000014], [-107.46123, 39.32773000000002], [-107.4562, 39.32934000000002], [-107.45156, 39.32976000000002], [-107.44975, 39.332589999999975], [-107.44569, 39.33505999999997], [-107.44305, 39.33902000000001], [-107.43874, 39.341000000000015], [-107.43878, 39.34347999999997], [-107.43678, 39.346419999999966], [-107.43222000000002, 39.34721], [-107.43069, 39.34805999999999], [-107.43047, 39.35407000000003], [-107.42898, 39.35610000000001], [-107.42936000000002, 39.35966000000001], [-107.42789000000002, 39.36265000000001], [-107.42520000000002, 39.363920000000014], [-107.42668, 39.36725000000001], [-107.42783, 39.37563000000001], [-107.4245, 39.37924999999996], [-107.42509, 39.38298000000004], [-107.42804, 39.38786000000003], [-107.42725, 39.395679999999935], [-107.42200000000001, 39.39604999999999], [-107.42025, 39.39902], [-107.41972, 39.40435999999999], [-107.41666, 39.406330000000004], [-107.41503, 39.40679999999997], [-107.40853, 39.40638999999999], [-107.40612, 39.40776], [-107.40321, 39.40810999999996], [-107.40123, 39.41012999999999], [-107.40042, 39.4127], [-107.39737, 39.41615999999999], [-107.39796, 39.41942999999999], [-107.39367, 39.42317000000003], [-107.39438, 39.42567], [-107.39139, 39.42715000000005], [-107.38534, 39.42817999999999], [-107.38156, 39.42755000000001], [-107.38068, 39.43195999999998], [-107.38372, 39.43984999999998], [-107.38336000000001, 39.44240000000003], [-107.38466000000001, 39.446069999999985], [-107.38389, 39.449719999999985], [-107.38419, 39.456350000000015], [-107.38552000000001, 39.46225000000004], [-107.3869, 39.466269999999994], [-107.39033, 39.47231], [-107.39179, 39.47722000000003], [-107.39399, 39.479739999999936], [-107.39449, 39.48416000000001], [-107.39232, 39.484970000000004], [-107.38894, 39.48752000000003], [-107.38539, 39.492510000000024], [-107.38497, 39.49448000000004], [-107.38103, 39.495459999999945], [-107.37985, 39.49910000000004], [-107.37968, 39.50660000000001], [-107.37905, 39.50946999999998], [-107.37969, 39.510349999999995], [-107.37891, 39.511449999999996], [-107.37209000000001, 39.51732000000001], [-107.36861, 39.518550000000026], [-107.36842, 39.52008000000001], [-107.36165, 39.52157999999999], [-107.36205, 39.523229999999984], [-107.36568000000001, 39.52702999999998], [-107.36656, 39.53053000000003], [-107.36586, 39.53330000000005], [-107.36616, 39.536190000000005], [-107.36556, 39.536819999999985], [-107.35931, 39.53747999999994], [-107.35608, 39.543210000000066], [-107.34848, 39.54319], [-107.34337, 39.54571999999999], [-107.33824, 39.54658], [-107.33723, 39.54765000000003], [-107.3307, 39.54953999999999], [-107.32035, 39.541360000000026], [-107.31687, 39.541760000000004], [-107.31501, 39.544330000000016], [-107.3114, 39.54523000000002], [-107.30797000000001, 39.54382000000001], [-107.30417, 39.54386000000002], [-107.30008, 39.54304000000004], [-107.29857, 39.54393999999997], [-107.29199, 39.54319999999995], [-107.27939, 39.538390000000014], [-107.27707, 39.53957000000001], [-107.2746, 39.538860000000014], [-107.27098, 39.541430000000034], [-107.26915, 39.54173999999996], [-107.26491, 39.54111000000003], [-107.25924, 39.54243], [-107.25615000000002, 39.54065], [-107.25283, 39.54055999999998], [-107.24622, 39.536469999999966], [-107.24243, 39.53554], [-107.2417, 39.53437000000002], [-107.24032, 39.53381999999996], [-107.23772, 39.533170000000005], [-107.22995, 39.53416000000002], [-107.22759, 39.53355000000004], [-107.22161, 39.53435000000002], [-107.22138, 39.53702999999997], [-107.21826, 39.53864999999996], [-107.21469, 39.53842000000001], [-107.21087, 39.541489999999975], [-107.20032, 39.54170000000003], [-107.19788, 39.542910000000006], [-107.19459, 39.54623000000001], [-107.19318, 39.54686999999996], [-107.19151, 39.54617], [-107.18909000000001, 39.543500000000044], [-107.18863, 39.54240000000001], [-107.18949, 39.54051999999998], [-107.18593, 39.54000999999998], [-107.18129000000002, 39.54039000000004], [-107.18122, 39.542159999999996], [-107.18029, 39.54360000000001], [-107.17572, 39.54404000000002], [-107.17507, 39.543970000000044], [-107.17393, 39.54221999999998], [-107.16202, 39.54254000000002], [-107.16005, 39.54384999999999], [-107.15726, 39.5439], [-107.15426000000001, 39.54346000000001], [-107.15172, 39.542170000000034], [-107.14614, 39.54155000000003], [-107.14335, 39.54162000000003], [-107.14038, 39.54296999999998], [-107.13363, 39.54284999999996], [-107.12684, 39.54881], [-107.12723, 39.55207], [-107.13042, 39.555409999999995], [-107.12419000000001, 39.55760000000003], [-107.12075, 39.556400000000025], [-107.11211, 39.555520000000044], [-107.11122, 39.56033000000001], [-107.10502, 39.56051], [-107.0995, 39.56271999999999], [-107.0942, 39.56393999999996], [-107.08538, 39.56180000000004], [-107.08115, 39.56165]]]}}, {"id": "3", "type": "Feature", "properties": {"id": 3, "boundary_id": "huc10_crystal_river", "name": "Crystal River", "label": "Crystal River Watershed", "display": "org", "areasqkm": 937.6, "huc_code": "1401000407", "label_lon": -107.242026, "label_lat": 39.193052, "source": "USGS WBD HUC-10 1401000407", "pulldate": "2026-07-12", "srcurl": "https://hydro.nationalmap.gov/arcgis/rest/services/wbd/MapServer/5", "caveat": "Crystal River. Confirmed by CVEPA via Gwen (7/28/26) as their full operating area."}, "geometry": {"type": "Polygon", "coordinates": [[[-107.2236, 39.400299999999994], [-107.2155, 39.39309999999998], [-107.2032, 39.38709999999999], [-107.2012, 39.38709999999999], [-107.1975, 39.389000000000024], [-107.1943, 39.38690000000001], [-107.1898, 39.387499999999974], [-107.1866, 39.38979999999996], [-107.1848, 39.39419999999998], [-107.1791, 39.394800000000025], [-107.1663, 39.39169999999999], [-107.1582, 39.386399999999995], [-107.1577, 39.38530000000002], [-107.1489, 39.388299999999965], [-107.1418, 39.387999999999955], [-107.1416, 39.385799999999996], [-107.139, 39.38239999999993], [-107.1391, 39.37940000000005], [-107.1369, 39.37689999999999], [-107.132, 39.37649999999997], [-107.1324, 39.3708], [-107.13130000000001, 39.36889999999998], [-107.1365, 39.36560000000001], [-107.137, 39.36129999999993], [-107.1367, 39.36009999999999], [-107.1335, 39.3586], [-107.1296, 39.358399999999996], [-107.1294, 39.35600000000005], [-107.1277, 39.3547], [-107.1283, 39.350699999999975], [-107.1275, 39.3442], [-107.1294, 39.342300000000066], [-107.1292, 39.34029999999999], [-107.13060000000002, 39.33939999999999], [-107.1292, 39.33760000000004], [-107.1289, 39.33539999999997], [-107.1318, 39.3307], [-107.1322, 39.32730000000004], [-107.1339, 39.32569999999993], [-107.1342, 39.321799999999996], [-107.1436, 39.307800000000036], [-107.1447, 39.304200000000016], [-107.1439, 39.30300000000001], [-107.1442, 39.299500000000016], [-107.145, 39.298300000000026], [-107.1397, 39.29050000000002], [-107.1364, 39.28879999999999], [-107.1364, 39.284899999999986], [-107.1347, 39.282299999999985], [-107.1344, 39.27940000000001], [-107.1391, 39.27300000000002], [-107.137, 39.26680000000002], [-107.142, 39.26050000000003], [-107.14750000000001, 39.25889999999997], [-107.1503, 39.256], [-107.15270000000001, 39.25610000000003], [-107.1489, 39.24949999999999], [-107.146, 39.247500000000024], [-107.1458, 39.245700000000014], [-107.1476, 39.24240000000002], [-107.1485, 39.23789999999998], [-107.1473, 39.2337], [-107.1424, 39.22930000000003], [-107.1386, 39.228699999999925], [-107.1353, 39.22030000000002], [-107.1304, 39.216100000000054], [-107.1285, 39.2098], [-107.1253, 39.20530000000003], [-107.1253, 39.20069999999998], [-107.1196, 39.199400000000054], [-107.1176, 39.19810000000004], [-107.1188, 39.19769999999999], [-107.1209, 39.19200000000003], [-107.1208, 39.18770000000002], [-107.1193, 39.18589999999999], [-107.12, 39.183299999999996], [-107.1192, 39.17970000000003], [-107.1146, 39.17169999999998], [-107.1114, 39.16859999999997], [-107.1061, 39.17010000000001], [-107.1022, 39.169300000000014], [-107.1025, 39.16669999999997], [-107.1016, 39.165700000000044], [-107.0945, 39.16249999999999], [-107.0931, 39.160700000000034], [-107.0902, 39.16030000000001], [-107.0878, 39.15520000000001], [-107.0847, 39.15119999999996], [-107.0829, 39.15019999999999], [-107.0842, 39.14820000000004], [-107.0844, 39.145800000000015], [-107.0773, 39.13920000000001], [-107.0778, 39.1354], [-107.0754, 39.13230000000002], [-107.07220000000001, 39.131500000000045], [-107.0716, 39.12899999999996], [-107.0662, 39.121400000000015], [-107.0668, 39.11919999999999], [-107.0633, 39.116500000000016], [-107.0613, 39.113099999999996], [-107.0583, 39.1113], [-107.0533, 39.1105], [-107.0462, 39.10189999999997], [-107.0411, 39.0992], [-107.0362, 39.09470000000001], [-107.0303, 39.09329999999998], [-107.0275, 39.091200000000015], [-107.0196, 39.089299999999945], [-107.01120000000002, 39.083100000000016], [-107.0046, 39.0746], [-106.9979, 39.07000000000002], [-106.9967, 39.069499999999984], [-106.9889, 39.07080000000001], [-106.988, 39.06809999999998], [-106.98650000000002, 39.06690000000002], [-106.9864, 39.0625], [-106.9908, 39.05989999999998], [-106.9905, 39.05739999999998], [-106.9892, 39.055799999999984], [-106.9898, 39.0519], [-106.9941, 39.0509], [-106.9965, 39.04939999999999], [-106.999, 39.04360000000002], [-107.0012, 39.042], [-106.996, 39.033999999999985], [-107.0022, 39.030899999999946], [-107.00701559252249, 39.02957962928977], [-107.00839, 39.02921999999998], [-107.01099, 39.02718999999997], [-107.01100062763001, 39.027156656181646], [-107.01120000000002, 39.026999999999994], [-107.0121, 39.0238], [-107.0141, 39.02290000000003], [-107.0158, 39.02039999999998], [-107.0169, 39.01599999999995], [-107.02161270719351, 39.01387467388511], [-107.02231587240472, 39.01397512733408], [-107.02496731457373, 39.01628444094102], [-107.02508, 39.016409999999986], [-107.0258648554841, 39.01625130046312], [-107.0323, 39.015], [-107.04023497534465, 39.017553818205386], [-107.04069, 39.01776000000001], [-107.04075671315837, 39.01772171198353], [-107.041, 39.017800000000015], [-107.04509097922535, 39.01575458070032], [-107.0459, 39.01555999999999], [-107.04747, 39.014559999999996], [-107.04815450312884, 39.01178781160955], [-107.0485, 39.01049999999999], [-107.04800935498565, 39.00973678187299], [-107.04763, 39.00910000000001], [-107.04783, 39.00571999999999], [-107.04777782144465, 39.00545468305198], [-107.0478, 39.00500000000001], [-107.04690000000001, 39.00079999999997], [-107.0446, 38.997899999999966], [-107.0464, 38.992799999999995], [-107.04626838221107, 38.98990446821212], [-107.04622034715037, 38.98838101029225], [-107.0492, 38.9856], [-107.0515, 38.98500000000002], [-107.0595, 38.987799999999986], [-107.0654, 38.98840000000002], [-107.06679282082744, 38.98949435934622], [-107.0658, 38.991479999999996], [-107.06580437710208, 38.991491246051616], [-107.0658, 38.99150000000002], [-107.06594218684602, 38.99184531762416], [-107.06645, 38.99314999999999], [-107.06648390523183, 38.99316091363741], [-107.0665, 38.99319999999998], [-107.07482859163467, 38.9958465751749], [-107.07717, 38.996599999999994], [-107.07744, 38.99822000000001], [-107.07868526357905, 38.99986758140974], [-107.07870000000001, 38.999900000000025], [-107.07870892364593, 38.99989888469529], [-107.07874, 38.999940000000024], [-107.08272, 38.99942], [-107.08421744139436, 39.00012259744007], [-107.0848, 39.00039999999995], [-107.0921, 39.00930000000003], [-107.09344855019467, 39.00989000729632], [-107.09526, 39.01073000000003], [-107.09557209288978, 39.01074534920816], [-107.0959, 39.01080000000002], [-107.09657953054405, 39.002257360404435], [-107.09662, 39.001980000000025], [-107.09841, 38.99960999999998], [-107.0982884210026, 38.99918158507411], [-107.09800430462958, 38.99811614269519], [-107.09804045599715, 38.99808112179826], [-107.1025, 38.995999999999995], [-107.1035, 38.99179999999998], [-107.10357169497463, 38.991814855709926], [-107.10695000000001, 38.99306000000002], [-107.11011, 38.993420000000015], [-107.1105485204357, 38.99326027675804], [-107.1175, 38.994700000000016], [-107.12010875768588, 38.99270509246285], [-107.12091, 38.992099999999986], [-107.12112137221341, 38.99204852239421], [-107.1252, 38.99110000000006], [-107.1291, 38.99399999999996], [-107.1343, 38.99219999999999], [-107.13778528723135, 38.993178365644205], [-107.14, 38.99381000000006], [-107.14048340451707, 38.99415158224792], [-107.1433, 38.99620000000003], [-107.14377480004025, 38.99592700428119], [-107.14733000000001, 38.993939999999995], [-107.15384, 38.99383000000002], [-107.15386830992618, 38.99384284217402], [-107.15969761661339, 38.997498505466005], [-107.15974136792289, 38.99760480427357], [-107.1612, 39.00130000000004], [-107.1659, 39.004500000000014], [-107.1661, 39.007000000000026], [-107.16613841570425, 39.00702988013823], [-107.16614, 39.00705000000001], [-107.16821090649788, 39.00864183145354], [-107.1688, 39.00910000000001], [-107.1705, 39.013699999999965], [-107.1705147131667, 39.01371563319338], [-107.17052, 39.01372999999994], [-107.17206, 39.015389999999975], [-107.1723800008382, 39.01715002331155], [-107.1725, 39.01789999999999], [-107.17216903493146, 39.018819368031345], [-107.17156, 39.020380000000046], [-107.17257, 39.02289000000002], [-107.17274964767883, 39.02309777146905], [-107.1782, 39.030300000000025], [-107.1782099176304, 39.03029724519289], [-107.17823, 39.03034000000002], [-107.18001, 39.02981999999996], [-107.18102, 39.03080000000001], [-107.18438255179808, 39.031650414085526], [-107.18450000000001, 39.03169999999993], [-107.18592844197913, 39.031509550652665], [-107.18748, 39.03134000000001], [-107.18937, 39.032840000000014], [-107.1934, 39.033419999999985], [-107.19874, 39.03140000000002], [-107.20411, 39.030710000000035], [-107.21086087285629, 39.031434946537566], [-107.2133, 39.03169999999995], [-107.21330391931154, 39.03169720058214], [-107.21333, 39.03169999999993], [-107.21389182038614, 39.031277280970166], [-107.2154, 39.03020000000006], [-107.21572275264289, 39.03010274394178], [-107.21884, 39.02966], [-107.22271, 39.02803], [-107.225319315063, 39.02369685890324], [-107.22548252220577, 39.023428715508906], [-107.23240635682544, 39.019902230878564], [-107.23636584190866, 39.02129169179812], [-107.23699, 39.02193999999999], [-107.23821348429625, 39.02194000446579], [-107.2438, 39.02390000000002], [-107.24542937480574, 39.02497868949871], [-107.25089, 39.02864999999996], [-107.25186370806821, 39.02829797192625], [-107.25739745973614, 39.026563489834764], [-107.25948, 39.027319999999996], [-107.26156049241314, 39.02714662734283], [-107.26186201262402, 39.02719585073397], [-107.26585, 39.029770000000006], [-107.26585885630126, 39.02976974885788], [-107.2659, 39.02980000000005], [-107.27247354067397, 39.030977354279614], [-107.27257, 39.031010000000016], [-107.27272604841518, 39.03097848175508], [-107.27666120839298, 39.03030662365431], [-107.27805, 39.03213], [-107.28015818501393, 39.03340352234013], [-107.28056794054994, 39.03377123056281], [-107.28174298103303, 39.036559615434435], [-107.27978850860126, 39.03860301393691], [-107.27737, 39.04106000000001], [-107.27778, 39.044089999999976], [-107.27781904120738, 39.04412924377429], [-107.28058788687518, 39.048381398925564], [-107.27837, 39.05412999999998], [-107.28029, 39.05711999999996], [-107.28122378741551, 39.05763035767357], [-107.28564294389813, 39.0601672481711], [-107.28572164396701, 39.06025994015097], [-107.28700000000002, 39.06380000000003], [-107.285202787497, 39.0667654156581], [-107.28501000000001, 39.06708], [-107.28501103336181, 39.067081795857874], [-107.285, 39.06710000000001], [-107.2866, 39.0699], [-107.28372474768109, 39.07325454722683], [-107.2824, 39.074760000000005], [-107.28194, 39.07801000000005], [-107.282498736451, 39.08042798324765], [-107.28250000000001, 39.0805], [-107.2823124681454, 39.08074341529681], [-107.28069, 39.08248999999994], [-107.28032175102166, 39.08332723767333], [-107.2778, 39.08660000000001], [-107.27779782385389, 39.08660797956934], [-107.27776, 39.086640000000024], [-107.2773333321834, 39.08831115330344], [-107.2769, 39.08990000000002], [-107.27692176254648, 39.08992309700867], [-107.27692, 39.089930000000024], [-107.28178, 39.09512], [-107.28147209689996, 39.09584950200423], [-107.28111395579026, 39.09666810177302], [-107.27911, 39.09768000000001], [-107.2791209643633, 39.097689518127], [-107.2791, 39.09770000000001], [-107.28199663274142, 39.100197097329215], [-107.28386, 39.104999999999976], [-107.28401614470752, 39.107787549702735], [-107.2841, 39.10980000000001], [-107.28310000000002, 39.11279999999996], [-107.28573318436727, 39.11371358758501], [-107.28797154581265, 39.11452249019241], [-107.28407769057895, 39.11760000190645], [-107.28181000000001, 39.119360000000036], [-107.28181979933669, 39.11938435367386], [-107.28180000000002, 39.11939999999995], [-107.28267043302226, 39.12365545884285], [-107.28266000000002, 39.12377999999997], [-107.28297602671462, 39.12399202452623], [-107.285, 39.12540000000004], [-107.2838, 39.12670000000001], [-107.2838, 39.12674762503782], [-107.28379, 39.126749999999966], [-107.28377, 39.12836999999999], [-107.28432766878602, 39.12957011479748], [-107.2861, 39.133499999999984], [-107.2863, 39.1368], [-107.288111861574, 39.139080631998716], [-107.29211, 39.14413000000006], [-107.29286872955345, 39.14443632342044], [-107.2937, 39.144799999999954], [-107.29377602616059, 39.14498842753537], [-107.29472, 39.14849999999996], [-107.29599931451322, 39.15050754069486], [-107.29586576328437, 39.15197664076892], [-107.29567, 39.153800000000004], [-107.2991, 39.156730000000024], [-107.3037551400947, 39.15574997663956], [-107.304, 39.155699999999996], [-107.30408590398925, 39.15573865907739], [-107.30504, 39.15675000000002], [-107.30790100124, 39.15745545317924], [-107.308, 39.157500000000006], [-107.3157, 39.164000000000016], [-107.31852778099635, 39.16532552973355], [-107.31891, 39.16550999999999], [-107.32452, 39.165959999999934], [-107.32527130759055, 39.16582105164345], [-107.3328, 39.16619999999998], [-107.3372, 39.169099999999965], [-107.34035420725837, 39.16890593789234], [-107.34369, 39.16872000000004], [-107.35345, 39.173039999999965], [-107.35408, 39.17612000000002], [-107.35811, 39.18075000000002], [-107.35958, 39.18474999999999], [-107.35958197560608, 39.18475073615884], [-107.3596, 39.184799999999946], [-107.3632, 39.18610000000002], [-107.36692970687545, 39.1918380336807], [-107.36706, 39.192100000000046], [-107.37472582305884, 39.19766705546182], [-107.3771, 39.19940000000004], [-107.37729583332353, 39.20419792312577], [-107.37728, 39.20434000000002], [-107.37735471194472, 39.20445993545609], [-107.3786, 39.2081], [-107.3806, 39.21010000000001], [-107.3781, 39.21479999999998], [-107.37767413722995, 39.21689069480169], [-107.37698, 39.22022000000001], [-107.3769377083399, 39.221165548943986], [-107.3768, 39.223299999999995], [-107.3786, 39.226200000000006], [-107.37847181652914, 39.22673411239441], [-107.37797, 39.22870999999999], [-107.37929431494577, 39.231109698878974], [-107.37862203282586, 39.23225661307803], [-107.37587, 39.23687], [-107.37370228195279, 39.23794894539177], [-107.3715, 39.238999999999976], [-107.37153062867267, 39.2390297797281], [-107.37149000000001, 39.23905], [-107.37511, 39.24253000000002], [-107.37542994594828, 39.24319658406288], [-107.3769, 39.24629999999997], [-107.37972537527772, 39.24687277035018], [-107.38432, 39.24783999999999], [-107.38618, 39.25032], [-107.39049, 39.25064], [-107.39054798705443, 39.25072420936782], [-107.39214646752292, 39.25486145378027], [-107.39217, 39.254979999999975], [-107.39449, 39.256810000000016], [-107.39356, 39.25920999999999], [-107.39315298368913, 39.25946415288828], [-107.3914, 39.26049999999998], [-107.39150000000001, 39.2637], [-107.37952029933497, 39.269046322401266], [-107.37939, 39.26908999999997], [-107.37771, 39.27109999999999], [-107.37756612561358, 39.27257471580314], [-107.3775, 39.272700000000036], [-107.37829540016848, 39.27443543529203], [-107.37857, 39.27506000000002], [-107.37858227643837, 39.27506133173646], [-107.3786, 39.27509999999998], [-107.3832, 39.27560000000005], [-107.3834875083214, 39.27572559436249], [-107.38877, 39.27856999999997], [-107.39185, 39.27937999999999], [-107.39591234487847, 39.282814799995265], [-107.3966, 39.28339999999999], [-107.39613635241612, 39.289705649835405], [-107.39606, 39.29019], [-107.39759249856428, 39.29183125705517], [-107.397, 39.29429999999995], [-107.3983, 39.29520000000001], [-107.40510000000002, 39.29279999999998], [-107.40589841697528, 39.293066151363895], [-107.40866000000001, 39.29402], [-107.40870005093113, 39.29399997574861], [-107.41285290000597, 39.29202242995982], [-107.41459, 39.293510000000005], [-107.42085413465132, 39.296479964451116], [-107.4216, 39.2969], [-107.42182559981383, 39.29694050771615], [-107.42193, 39.29698999999997], [-107.43121, 39.29883999999997], [-107.43217051569171, 39.29879750872887], [-107.43703046596129, 39.29966958245945], [-107.43723, 39.29975000000002], [-107.43798, 39.30109999999999], [-107.43909935737764, 39.30183679732119], [-107.43954654746258, 39.30233986856928], [-107.43953497144983, 39.30251185614753], [-107.4371, 39.3067], [-107.43718431393623, 39.30681407575239], [-107.43706, 39.30701000000002], [-107.43821190082542, 39.30820435540166], [-107.4388, 39.30900000000002], [-107.445, 39.30870000000004], [-107.447, 39.30599999999997], [-107.45098313161736, 39.30457745796536], [-107.45141339583044, 39.3046026017811], [-107.45177119842232, 39.304774633588465], [-107.45411, 39.30644000000001], [-107.45636, 39.307019999999994], [-107.45680755289102, 39.308339120430276], [-107.4571, 39.309299999999986], [-107.45828946402871, 39.30953789719993], [-107.45912505781398, 39.30973644952483], [-107.4613, 39.31289999999998], [-107.4637584508514, 39.31412923896975], [-107.46449, 39.31451000000002], [-107.46436499562722, 39.31477001797975], [-107.4632, 39.31710000000005], [-107.46328686797027, 39.31728069862175], [-107.46405, 39.32006000000002], [-107.46562573091882, 39.32214553169202], [-107.4657, 39.32229999999999], [-107.46361318098899, 39.32411463161101], [-107.46337, 39.324320000000014], [-107.46154664846051, 39.3272254563578], [-107.45692936816462, 39.32910656115809], [-107.45660104455379, 39.329211643895235], [-107.45320797041558, 39.32961085058759], [-107.45156, 39.32976000000002], [-107.44975, 39.332589999999975], [-107.44569, 39.33505999999997], [-107.44471002678756, 39.33653001639808], [-107.443, 39.33899999999998], [-107.4387, 39.341000000000015], [-107.4387670270396, 39.342675694889536], [-107.43878, 39.34347999999997], [-107.43679229557017, 39.346401926332035], [-107.43658460127855, 39.34645385574039], [-107.43222000000002, 39.34721], [-107.43112361992947, 39.34781910395169], [-107.4308, 39.34789999999999], [-107.43079508323336, 39.34800162165819], [-107.43069, 39.34805999999999], [-107.43047, 39.35407000000003], [-107.42898, 39.35610000000001], [-107.42936000000002, 39.35966000000001], [-107.42789000000002, 39.36265000000001], [-107.42544348407827, 39.36380505075369], [-107.4225, 39.36390000000003], [-107.4208, 39.36529999999999], [-107.4155, 39.36330000000001], [-107.40510000000002, 39.36339999999998], [-107.4018, 39.36210000000001], [-107.39670000000001, 39.35830000000001], [-107.3893, 39.359799999999986], [-107.384, 39.35580000000003], [-107.377, 39.35999999999996], [-107.3763, 39.361000000000004], [-107.37720000000002, 39.363299999999974], [-107.3747, 39.367699999999985], [-107.3691, 39.37089999999995], [-107.3711, 39.37530000000003], [-107.3705, 39.377900000000025], [-107.3693, 39.378899999999994], [-107.3635, 39.3785], [-107.3543, 39.3729], [-107.35000000000001, 39.37200000000002], [-107.3477, 39.36940000000001], [-107.3408, 39.36790000000003], [-107.3307, 39.37330000000004], [-107.3248, 39.373400000000046], [-107.3218, 39.374599999999944], [-107.3193, 39.37919999999999], [-107.3161, 39.3807], [-107.3163, 39.383399999999995], [-107.3134, 39.38879999999999], [-107.304, 39.391200000000026], [-107.2989, 39.391200000000026], [-107.29740000000001, 39.393799999999985], [-107.2912, 39.397300000000016], [-107.286, 39.39670000000003], [-107.2879, 39.403500000000065], [-107.2795, 39.40470000000001], [-107.2768, 39.4037], [-107.2748, 39.404599999999974], [-107.2739, 39.40880000000002], [-107.27270000000001, 39.40950000000001], [-107.2719, 39.406900000000036], [-107.2699, 39.40490000000002], [-107.2675, 39.40319999999999], [-107.2645, 39.40280000000003], [-107.2625, 39.39890000000003], [-107.2571, 39.400699999999944], [-107.255, 39.400599999999955], [-107.2549, 39.40230000000001], [-107.253, 39.40350000000006], [-107.2463, 39.40470000000001], [-107.2441, 39.406299999999995], [-107.2406, 39.412399999999984], [-107.2411, 39.4136], [-107.2392, 39.415300000000016], [-107.2373, 39.41890000000002], [-107.2361, 39.41880000000004], [-107.23380000000002, 39.41519999999999], [-107.2313, 39.41369999999999], [-107.2277, 39.409600000000026], [-107.2246, 39.40430000000001], [-107.2236, 39.400299999999994]]]}}, {"id": "4", "type": "Feature", "properties": {"id": 4, "boundary_id": "rfwsd_boundary", "name": "Roaring Fork Water and Sanitation District", "label": "Roaring Fork W&S", "display": "org", "areasqkm": 7.33, "huc_code": "", "label_lon": -107.251359, "label_lat": 39.433353, "source": "Colorado DOLA - Water and Sanitation Districts", "pulldate": "2026-07-28", "srcurl": "https://services3.arcgis.com/DgjqnJA1rgO92Soi/arcgis/rest/services/Water_and_Sanitation_Districts/FeatureServer", "caveat": "Matches the 2007 SGM CAD map (Iron Bridge/Aspen Glen/Teller Springs/Cottrell Ranch along CR 109)."}, "geometry": {"type": "MultiPolygon", "coordinates": [[[[-107.263024679, 39.444368382000036], [-107.265405806, 39.44437383500002], [-107.26542253700002, 39.443455066000055], [-107.26489253, 39.44345421199999], [-107.265057282, 39.44319209299999], [-107.265200238, 39.442404111000016], [-107.265016591, 39.441911421], [-107.26438642900001, 39.44163166899998], [-107.261958393, 39.441956802000014], [-107.260861838, 39.441835974999975], [-107.259705988, 39.44134515999999], [-107.259198291, 39.44097756399995], [-107.259170604, 39.440632892], [-107.258824521, 39.440074283000044], [-107.258681132, 39.43934153100001], [-107.25820377200002, 39.438731611999934], [-107.25706075600002, 39.43766813200004], [-107.255985276, 39.437272038000025], [-107.255069461, 39.43662932300004], [-107.254597824, 39.43569094199999], [-107.254490956, 39.43547832200006], [-107.255927944, 39.43547279100003], [-107.255929766, 39.43436703199999], [-107.25577061000001, 39.434366652], [-107.25363101, 39.43436146899998], [-107.253605698, 39.435472376999996], [-107.25360865900001, 39.43581077300002], [-107.252548829, 39.435813059000026], [-107.251850671, 39.436000563000015], [-107.251540743, 39.43579034199998], [-107.250866467, 39.43517558299997], [-107.249104771, 39.436056121], [-107.251229769, 39.438345786000006], [-107.251172456, 39.440536053000024], [-107.246546781, 39.44047702200003], [-107.246528802, 39.436591953], [-107.241915269, 39.43661892699998], [-107.241906282, 39.43303962800004], [-107.237292755, 39.43303963099995], [-107.237187857, 39.42951655299996], [-107.239636819, 39.42951409000003], [-107.239764463, 39.42340369600003], [-107.238915472, 39.422698127999986], [-107.237902216, 39.421249145000026], [-107.237163001, 39.420477736], [-107.237158135, 39.420264939000035], [-107.237714714, 39.420257283], [-107.237686726, 39.41903310599999], [-107.238526788, 39.419022270000006], [-107.238391298, 39.416804178000014], [-107.236912308, 39.416839910999975], [-107.236374712, 39.41675967199999], [-107.236113127, 39.41573566199996], [-107.235804274, 39.41523707599997], [-107.235261006, 39.41473892399997], [-107.235337469, 39.412366637000005], [-107.234768261, 39.41209475600004], [-107.237560562, 39.41212244799998], [-107.24118818, 39.413118879], [-107.241566727, 39.412393643999984], [-107.242919598, 39.41239070099998], [-107.242538866, 39.41317631900002], [-107.242754027, 39.41384558300001], [-107.244783395, 39.41458602999999], [-107.247120748, 39.41633230299997], [-107.247853912, 39.41650066099999], [-107.249359626, 39.41768806699999], [-107.249300978, 39.41930449699996], [-107.249287937, 39.421971822000046], [-107.24865155, 39.42197061800001], [-107.248238677, 39.422496638999995], [-107.24795339, 39.422773634000016], [-107.248072243, 39.422980947999974], [-107.248387123, 39.42405484500001], [-107.248481702, 39.42430088099999], [-107.249889592, 39.425297250999996], [-107.250264698, 39.42579892999997], [-107.25119896, 39.426186643], [-107.252870812, 39.42670042400002], [-107.253183223, 39.42684249199997], [-107.25385506, 39.42714421199995], [-107.254397962, 39.427953904999995], [-107.255888255, 39.42798109099996], [-107.255963847, 39.42781833899996], [-107.258391386, 39.43079505599997], [-107.262279872, 39.43353291399997], [-107.268216682, 39.43436111799997], [-107.272945098, 39.435143691000036], [-107.272860949, 39.43731138800002], [-107.277555415, 39.437266435999966], [-107.277485647, 39.45373901199997], [-107.27647170200001, 39.4499555], [-107.275841764, 39.44831411800003], [-107.274460638, 39.44684253599996], [-107.271072584, 39.44677088999996], [-107.27092000400002, 39.45194064700003], [-107.27111344000001, 39.45253246300003], [-107.269429118, 39.45387301900001], [-107.269184614, 39.45387897200003], [-107.268604783, 39.453085977000036], [-107.266332465, 39.45160937099999], [-107.266123303, 39.450926553000016], [-107.265032978, 39.44969797099997], [-107.263228707, 39.448918447], [-107.261885517, 39.44825895499996], [-107.26156896, 39.44803002600005], [-107.26298551000001, 39.447991890999965], [-107.263024679, 39.444368382000036]]], [[[-107.279127586, 39.459617296000005], [-107.279887962, 39.459515913999994], [-107.280543363, 39.457846434000025], [-107.280644258, 39.45537760199999], [-107.282258873, 39.45536979599997], [-107.282231889, 39.45913795299996], [-107.287025278, 39.459155942999985], [-107.286943638, 39.466790515999996], [-107.28108001, 39.466642666999995], [-107.279994285, 39.466610085000006], [-107.280017819, 39.466338355000026], [-107.279487251, 39.46633524800001], [-107.27947425500001, 39.466882859], [-107.280112885, 39.46690467700006], [-107.280118771, 39.469603363], [-107.279842657, 39.46921712000003], [-107.279553908, 39.46800081399999], [-107.27845692100001, 39.461037320999985], [-107.279333192, 39.46064931099999], [-107.279127586, 39.459617296000005]]], [[[-107.278593447, 39.47613545299998], [-107.277812504, 39.47577349], [-107.277251736, 39.47536211600003], [-107.276477919, 39.47443680899996], [-107.27589620400002, 39.47311307600002], [-107.275822066, 39.46731202099997], [-107.27570349900002, 39.46730790099999], [-107.274454837, 39.466118668], [-107.272856184, 39.465187182], [-107.272096999, 39.464537196], [-107.27138503200001, 39.463703212000034], [-107.271375457, 39.46271692999997], [-107.27082814900001, 39.46298099999996], [-107.270942583, 39.45734901600001], [-107.271272673, 39.457422443], [-107.271289123, 39.45765957900003], [-107.27172855, 39.457656434000036], [-107.271885133, 39.458095989999975], [-107.272998122, 39.458105160000024], [-107.272854259, 39.45764637399998], [-107.273395973, 39.45764187999997], [-107.273466346, 39.45750446400001], [-107.277197986, 39.45754908100004], [-107.277129402, 39.458112648], [-107.277422669, 39.46007839999998], [-107.27878662, 39.46630254300002], [-107.278976017, 39.46730530699995], [-107.279034998, 39.46796693499997], [-107.279105835, 39.46833932999995], [-107.279288463, 39.46901935300001], [-107.279393762, 39.469287124999994], [-107.279546953, 39.46953068700002], [-107.279742706, 39.46974156700001], [-107.280453968, 39.470285931000014], [-107.281094336, 39.47083815500002], [-107.281793992, 39.471556314], [-107.282453182, 39.47229778699998], [-107.282662373, 39.472504701999995], [-107.282968879, 39.47270962499998], [-107.284434939, 39.473564769], [-107.284755418, 39.47385927900005], [-107.284962121, 39.474170575000045], [-107.285223353, 39.47468166800001], [-107.285780446, 39.47613316500003], [-107.285653465, 39.47773490800003], [-107.283755656, 39.476958193999984], [-107.282642926, 39.47653028500003], [-107.281971906, 39.47716720700004], [-107.278593447, 39.47613545299998]]]]}}, {"id": "5", "type": "Feature", "properties": {"id": 5, "boundary_id": "mvmd_boundary", "name": "Mid-Valley Metropolitan District", "label": "Mid-Valley Metro", "display": "org", "areasqkm": 8.66, "huc_code": "", "label_lon": -107.089141, "label_lat": 39.392059, "source": "Colorado DOLA - All Active Districts", "pulldate": "2026-07-28", "srcurl": "https://services3.arcgis.com/DgjqnJA1rgO92Soi/arcgis/rest/services/All_Active_DOLA_Districts_-_private_staging_area_view/FeatureServer", "caveat": "Matches the PLSS-referenced SGM map (LGID-64211, El Jebel/Emma area). Cleaned 7/30/26: dropped 6 tiny interior holes/slivers left over from the DOLA source geometry - kept exterior ring(s) only, since a municipal/district boundary has no legitimate internal exclaves."}, "geometry": {"type": "Polygon", "coordinates": [[[-107.076616349, 39.395359541], [-107.076770231, 39.38837574500003], [-107.077566269, 39.388348914000005], [-107.077556585, 39.38815029300001], [-107.077591266, 39.38796851100002], [-107.077733919, 39.387750702999995], [-107.077722041, 39.38716886000003], [-107.077667063, 39.386948525000015], [-107.07774278000001, 39.38677431999997], [-107.07789787, 39.38654947800001], [-107.078462457, 39.38649090099997], [-107.078902771, 39.38630326499996], [-107.078891831, 39.38617959699997], [-107.079013361, 39.38597484000004], [-107.0793858, 39.38556116499999], [-107.079417602, 39.38545647199997], [-107.079363468, 39.385114260000044], [-107.07944032800002, 39.38469078799999], [-107.079383944, 39.38444845], [-107.079433096, 39.384314279000016], [-107.079626411, 39.38410454400004], [-107.079135271, 39.382569873000016], [-107.078777857, 39.38213226799999], [-107.078306329, 39.38075776899998], [-107.078334371, 39.38043747899996], [-107.078236833, 39.38028297700001], [-107.076087992, 39.38027374000003], [-107.076017687, 39.37677425700001], [-107.067067761, 39.37675630699996], [-107.067106272, 39.37269821900001], [-107.065792813, 39.370448443], [-107.0664869, 39.37026879700001], [-107.067125892, 39.37054367199999], [-107.067134469, 39.369809686999986], [-107.067412574, 39.36947392299999], [-107.065392865, 39.368615099999985], [-107.066624794, 39.36864121299998], [-107.06908649, 39.36866922699999], [-107.069622605, 39.368862268999955], [-107.070201462, 39.36906898599999], [-107.07112648400002, 39.36962673999997], [-107.072131823, 39.370815774000015], [-107.072689903, 39.37076612500001], [-107.073609551, 39.37097816299997], [-107.075253239, 39.370839993], [-107.075253941, 39.37106144500006], [-107.07572909000001, 39.37107967999999], [-107.075946359, 39.37112766499996], [-107.075941235, 39.370899365000014], [-107.076200771, 39.37073859699998], [-107.077762243, 39.370206135], [-107.078739866, 39.370151953999994], [-107.079401581, 39.370321238], [-107.080363268, 39.37089292400002], [-107.081167645, 39.37201607700001], [-107.081263136, 39.372326158], [-107.081241912, 39.372499186000056], [-107.08330271, 39.37335953399997], [-107.083589342, 39.37354800999997], [-107.084174029, 39.37351664799998], [-107.08535345, 39.375151877], [-107.085364284, 39.37630093999999], [-107.085373006, 39.378717206], [-107.086831637, 39.379141572], [-107.087509632, 39.37927813400001], [-107.089157122, 39.380112104999995], [-107.090923731, 39.38039315699999], [-107.09162808, 39.38059838899999], [-107.092439676, 39.38135390999996], [-107.094387011, 39.38367856899999], [-107.094721983, 39.38367944299999], [-107.094804745, 39.38727164999999], [-107.095249906, 39.38727386599998], [-107.0954805, 39.38799407100001], [-107.096295002, 39.388564096999986], [-107.09687660300001, 39.38876547000002], [-107.098802687, 39.388657164], [-107.09943315, 39.388644789999965], [-107.100371725, 39.389029659], [-107.100839275, 39.389514680999994], [-107.100887993, 39.39075040800003], [-107.101617071, 39.390734430000016], [-107.10161769, 39.39115575099998], [-107.102223662, 39.39233093499995], [-107.106536512, 39.393750938], [-107.108541552, 39.394200184], [-107.108554089, 39.39552266199999], [-107.108630644, 39.396073629000014], [-107.108613762, 39.397418169999995], [-107.108567052, 39.397415379], [-107.108558272, 39.398881592000016], [-107.110626485, 39.399397745], [-107.110628955, 39.39823055399998], [-107.113506724, 39.39823327199997], [-107.113536687, 39.40013139500002], [-107.113556156, 39.40137590700001], [-107.113566681, 39.40202494199994], [-107.115042754, 39.40276226700003], [-107.116969371, 39.403437800999974], [-107.13353151100002, 39.40536900600001], [-107.133496426, 39.408647134999995], [-107.133474305, 39.409819407], [-107.133466002, 39.41025980799994], [-107.133401987, 39.412129913], [-107.133337125, 39.41402524999998], [-107.128475149, 39.414067974000005], [-107.128816503, 39.410250949999934], [-107.11425396400001, 39.41026066899998], [-107.114308164, 39.40832663700001], [-107.113599883, 39.40831715900001], [-107.11360763800002, 39.408434526], [-107.112018583, 39.40844552099999], [-107.109556846, 39.408465930999995], [-107.109594565, 39.40664449499998], [-107.104746403, 39.40669634800001], [-107.104672117, 39.410304597999975], [-107.099993948, 39.41026827599997], [-107.100062644, 39.406323211000014], [-107.09546488300002, 39.40624985799999], [-107.095446888, 39.40537686799998], [-107.09063983200001, 39.40537317799999], [-107.090662503, 39.406204882999965], [-107.085910426, 39.40613093], [-107.085743616, 39.40283916599996], [-107.08590785, 39.395411021], [-107.076616349, 39.395359541]]]}}, {"id": "6", "type": "Feature", "properties": {"id": 6, "boundary_id": "wdwcd_boundary", "name": "West Divide Water Conservancy District", "label": "West Divide Water Conservancy", "display": "org", "areasqkm": 538.0, "huc_code": "", "label_lon": -107.335832, "label_lat": 39.329943, "source": "Colorado DOLA - All Active Districts", "pulldate": "2026-07-28", "srcurl": "https://services3.arcgis.com/DgjqnJA1rgO92Soi/arcgis/rest/services/All_Active_DOLA_Districts_-_private_staging_area_view/FeatureServer", "caveat": "Real official FULL district boundary from Colorado DOLA, 7/28/26. Cleaned 7/29/26: source MultiPolygon had 40 parts - the main 1998.6 km2 district plus one 5.65 km2 secondary piece, and 38 tiny sliver fragments (0.67 km2 down to sub-hectare specks), mostly hugging river/stream corridors (district boundaries are commonly drawn along stream centerlines, and digitizing slivers accumulate along those same lines) - rendered as scattered artifacts on the map. Dropped anything under 1.0 km2 as likely digitizing noise, kept the two significant pieces. Still pending a sanity-check with the district itself (state-maintained special-district data can trace back to old scanned drawings). Cleaned 7/30/26: dropped 36 tiny interior holes/slivers left over from the DOLA source geometry - kept exterior ring(s) only, since a municipal/district boundary has no legitimate internal exclaves. CLIPPED 7/30/26 to the Roaring Fork HUC-8 watershed for display - this is NOT the legal boundary. Real extent is the full West Divide district (~2,005 sq km); 1,467 sq km lies outside the watershed and was removed. Project scope is the Roaring Fork watershed only."}, "geometry": {"type": "Polygon", "coordinates": [[[-107.31584, 39.535020000000046], [-107.31914, 39.53534999999999], [-107.31928, 39.53051000000002], [-107.31894, 39.530489999999986], [-107.31895, 39.52915000000004], [-107.31198, 39.52876999999996], [-107.31208, 39.52501000000003], [-107.31834, 39.525299999999966], [-107.3183, 39.521050000000024], [-107.31636, 39.51828000000003], [-107.31635, 39.516369999999995], [-107.31747, 39.51747000000006], [-107.31822, 39.51741999999996], [-107.31821, 39.51677000000001], [-107.31642, 39.51555999999999], [-107.3193, 39.51579999999999], [-107.31862, 39.51569], [-107.3188, 39.515330000000006], [-107.32134, 39.51581000000002], [-107.31695, 39.51486999999999], [-107.31787, 39.51558000000003], [-107.31586, 39.515299999999996], [-107.31645, 39.51480000000003], [-107.31197, 39.51321999999998], [-107.31165, 39.513529999999996], [-107.31164, 39.51315999999998], [-107.30951, 39.51212000000005], [-107.30661, 39.50910000000004], [-107.30439, 39.50070999999996], [-107.30654, 39.4909], [-107.30426, 39.49085], [-107.3036, 39.49019000000003], [-107.30394, 39.48868000000001], [-107.30287, 39.48623999999999], [-107.30275, 39.484850000000044], [-107.30415000000002, 39.48316], [-107.30413, 39.482590000000016], [-107.30295000000001, 39.48159], [-107.30093, 39.48119000000005], [-107.29699, 39.482730000000004], [-107.29109, 39.482040000000005], [-107.28762, 39.48021], [-107.28570000000002, 39.477230000000006], [-107.28700000000002, 39.47983999999999], [-107.28532, 39.478300000000004], [-107.27859, 39.476140000000036], [-107.27703, 39.47510000000001], [-107.27505000000001, 39.47036000000001], [-107.27542, 39.46703999999997], [-107.27210000000001, 39.46454], [-107.27139, 39.46370000000001], [-107.27138, 39.46272000000003], [-107.27083, 39.46298000000001], [-107.27094, 39.456850000000024], [-107.26919, 39.45388999999998], [-107.26955, 39.45377000000003], [-107.26856, 39.45184999999997], [-107.2663, 39.45045000000003], [-107.26337, 39.44757000000003], [-107.2614, 39.44668000000002], [-107.26039, 39.44552000000002], [-107.26022, 39.44445000000003], [-107.26136, 39.44334999999996], [-107.26314, 39.44272000000001], [-107.26414, 39.44147000000002], [-107.26367, 39.43997999999996], [-107.26054, 39.44030999999994], [-107.25922, 39.43956999999998], [-107.25891, 39.439949999999975], [-107.25699, 39.43757], [-107.25502, 39.436810000000015], [-107.25443, 39.43559], [-107.25569, 39.43557999999999], [-107.25385, 39.43372], [-107.25377, 39.43295000000005], [-107.25039, 39.43268000000002], [-107.25042, 39.434389999999986], [-107.25022, 39.432600000000015], [-107.24949000000001, 39.432399999999994], [-107.24815, 39.43354999999999], [-107.24893, 39.43244999999999], [-107.24787, 39.431759999999976], [-107.24745, 39.429099999999984], [-107.24632, 39.42949000000001], [-107.24735, 39.42899], [-107.24695, 39.428400000000046], [-107.24561, 39.42861000000001], [-107.24667, 39.42818999999999], [-107.24553, 39.42754000000004], [-107.2431, 39.42779000000006], [-107.24079, 39.42524999999999], [-107.2428, 39.425050000000006], [-107.2415, 39.42555000000002], [-107.24321, 39.42775000000001], [-107.24547, 39.42746999999997], [-107.24563, 39.426950000000026], [-107.24514, 39.42636999999998], [-107.24439, 39.42671000000001], [-107.2461, 39.424640000000025], [-107.24556, 39.42306000000002], [-107.24614, 39.422659999999965], [-107.24754, 39.42288000000004], [-107.24568, 39.423029999999954], [-107.24628000000001, 39.42451999999999], [-107.24691, 39.424640000000025], [-107.24624, 39.42462999999998], [-107.24526, 39.42637999999999], [-107.24573, 39.42686000000003], [-107.24787983471069, 39.42634950413224], [-107.24588, 39.42689000000004], [-107.2457, 39.427509999999984], [-107.24671, 39.42809000000002], [-107.24791, 39.427509999999984], [-107.24685, 39.42815999999998], [-107.24744, 39.428920000000005], [-107.24871, 39.42846999999999], [-107.24752, 39.42902999999997], [-107.24783, 39.429849999999966], [-107.24949000000001, 39.42925999999997], [-107.2479, 39.42997], [-107.24802, 39.43177], [-107.24909, 39.43195000000003], [-107.25226, 39.42936000000001], [-107.25174000000001, 39.427679999999995], [-107.25057, 39.427120000000066], [-107.25117, 39.428270000000055], [-107.25046, 39.42702000000004], [-107.24849958480974, 39.426202339393015], [-107.24872, 39.42615000000004], [-107.25141, 39.42728], [-107.25207, 39.42801000000004], [-107.2528, 39.427759999999985], [-107.25212, 39.42811999999997], [-107.25232, 39.42948000000004], [-107.25355000000002, 39.43068], [-107.25224, 39.42957000000001], [-107.2514, 39.43022000000001], [-107.25158, 39.43064000000001], [-107.25097, 39.430530000000005], [-107.24939000000002, 39.431909999999995], [-107.25106, 39.432719999999975], [-107.25382, 39.43265000000002], [-107.25537, 39.431650000000026], [-107.25583, 39.43078999999999], [-107.25598, 39.430159999999994], [-107.25386, 39.42713999999996], [-107.25026, 39.42580000000001], [-107.24848, 39.42430000000001], [-107.2477, 39.42231999999999], [-107.24672, 39.421640000000025], [-107.24227, 39.42435000000002], [-107.24065, 39.42402999999997], [-107.23892000000001, 39.42270000000001], [-107.23589, 39.41916999999998], [-107.23641, 39.418179999999985], [-107.23572, 39.417000000000016], [-107.23569, 39.41514000000002], [-107.23032, 39.410139999999984], [-107.23017, 39.40880999999997], [-107.22827, 39.40789999999999], [-107.22733, 39.40645000000002], [-107.22736, 39.40345999999999], [-107.22658, 39.40188999999996], [-107.2276, 39.40188999999996], [-107.22788, 39.39981], [-107.22635000000001, 39.39916999999997], [-107.22534, 39.39720000000001], [-107.22152, 39.39419999999998], [-107.21909, 39.393670000000036], [-107.21878, 39.39286000000001], [-107.21956, 39.392630000000025], [-107.22201, 39.39360999999998], [-107.21971, 39.3925], [-107.2184, 39.39037999999998], [-107.21765, 39.390009999999954], [-107.21836, 39.38985999999997], [-107.21744, 39.38893999999998], [-107.21624, 39.389529999999986], [-107.21468, 39.38893999999998], [-107.21468, 39.38944], [-107.21587000000001, 39.38975], [-107.21749, 39.38941000000001], [-107.21788, 39.38962000000001], [-107.21758, 39.389930000000035], [-107.21427, 39.389930000000035], [-107.21415, 39.38890999999998], [-107.21264, 39.38747000000003], [-107.21152, 39.38743], [-107.21045, 39.38638000000002], [-107.20995, 39.38656000000001], [-107.20999, 39.38747000000003], [-107.20881, 39.386969999999984], [-107.21037, 39.38578999999998], [-107.20985, 39.38553000000001], [-107.20895, 39.38650000000002], [-107.20767, 39.385999999999996], [-107.20719, 39.38510999999996], [-107.20463, 39.383010000000006], [-107.20358, 39.382679999999986], [-107.20311, 39.38061999999999], [-107.20392, 39.38144999999997], [-107.20459, 39.38143999999998], [-107.20390000000002, 39.380390000000006], [-107.2037, 39.37825000000003], [-107.20431, 39.375820000000026], [-107.20301, 39.375509999999984], [-107.20287, 39.37426999999998], [-107.20283, 39.375509999999984], [-107.20149, 39.37448000000003], [-107.20031, 39.37165999999999], [-107.20051, 39.36940000000001], [-107.20197, 39.36733000000006], [-107.20214, 39.35933000000005], [-107.20311, 39.357209999999974], [-107.20373, 39.352850000000004], [-107.20465, 39.351169999999975], [-107.20593, 39.35022999999997], [-107.20636, 39.348670000000055], [-107.20832, 39.34707000000002], [-107.20808, 39.34396000000002], [-107.20859, 39.34233999999994], [-107.20757, 39.34074999999998], [-107.20769, 39.338010000000004], [-107.20654, 39.33669], [-107.20637, 39.33572999999999], [-107.20689, 39.33028999999997], [-107.20756, 39.329420000000006], [-107.20887, 39.32939999999999], [-107.20924, 39.327830000000006], [-107.20747, 39.32432000000002], [-107.20703, 39.321429999999964], [-107.20757, 39.32104000000001], [-107.20738, 39.319489999999945], [-107.20802, 39.31764999999998], [-107.20949, 39.31600999999994], [-107.2094, 39.31096999999995], [-107.21108, 39.30734000000002], [-107.2107, 39.30616999999996], [-107.211, 39.304709999999986], [-107.21285, 39.30203999999997], [-107.21299, 39.297909999999995], [-107.21416, 39.29571000000001], [-107.21431, 39.29439], [-107.2159, 39.29221999999999], [-107.21946, 39.289790000000025], [-107.21967, 39.28877999999997], [-107.21783, 39.28626], [-107.21824, 39.28434000000006], [-107.22095, 39.28119], [-107.22325, 39.27220999999999], [-107.22538, 39.26924999999998], [-107.2245, 39.26725999999998], [-107.22554, 39.26660000000001], [-107.22675, 39.26421000000003], [-107.22726, 39.261740000000025], [-107.22976, 39.259229999999995], [-107.23233, 39.25535000000002], [-107.23352, 39.25221999999998], [-107.23317, 39.25073000000004], [-107.23536000000001, 39.24717], [-107.23521, 39.24626999999999], [-107.2329, 39.24376000000002], [-107.23249, 39.241850000000035], [-107.23281, 39.240930000000056], [-107.23218, 39.23957999999999], [-107.232, 39.23730000000002], [-107.23063, 39.23485999999996], [-107.2275, 39.23219000000004], [-107.227, 39.23119999999998], [-107.22669000000002, 39.22883000000004], [-107.22502, 39.22551000000004], [-107.2256, 39.22402000000003], [-107.22555, 39.222560000000016], [-107.2235, 39.22077999999995], [-107.22547, 39.220009999999974], [-107.22637, 39.218990000000055], [-107.2248, 39.21500000000001], [-107.22624, 39.21106000000002], [-107.22843, 39.20974], [-107.23034, 39.20732999999996], [-107.23068, 39.20331999999997], [-107.23018, 39.20223000000002], [-107.23037, 39.20077000000002], [-107.23181000000001, 39.19819000000006], [-107.23180000000002, 39.13865000000001], [-107.23747, 39.13824000000001], [-107.23767, 39.11851999999999], [-107.2555, 39.118179999999974], [-107.27359, 39.118459999999985], [-107.27342, 39.13846000000005], [-107.2866, 39.13847], [-107.28596000000002, 39.16594999999998], [-107.28606, 39.179990000000025], [-107.28689, 39.194570000000006], [-107.28618, 39.208799999999975], [-107.2869, 39.221060000000044], [-107.37646, 39.221040000000016], [-107.37632, 39.221590000000006], [-107.37689215662583, 39.22218395819486], [-107.37684, 39.22334999999994], [-107.37790881489802, 39.22427748616198], [-107.37798, 39.22562999999996], [-107.37746000000001, 39.226999999999975], [-107.37816704803313, 39.22793414222208], [-107.37797, 39.22870999999999], [-107.37845753725036, 39.229593452249105], [-107.37641, 39.233899999999984], [-107.37464, 39.235429999999994], [-107.37209000000001, 39.23654999999997], [-107.3717, 39.23817], [-107.37243021547728, 39.23858206281014], [-107.37149000000001, 39.23905], [-107.37511, 39.24253000000002], [-107.37538343690849, 39.243099686674235], [-107.37541, 39.24387000000001], [-107.37593414533085, 39.244247020396344], [-107.37691, 39.246280000000034], [-107.38432, 39.24783999999999], [-107.38618, 39.25032], [-107.39049, 39.25064], [-107.39091635636433, 39.251259153724746], [-107.39086, 39.251709999999946], [-107.39182, 39.25348999999998], [-107.39187980890912, 39.253518118366806], [-107.39217, 39.254979999999975], [-107.39449, 39.256810000000016], [-107.39356, 39.25920999999999], [-107.39143, 39.26054000000002], [-107.39152, 39.26373999999999], [-107.38464, 39.26733000000001], [-107.37939, 39.26908999999997], [-107.37771, 39.27109999999999], [-107.37755000000001, 39.27273999999996], [-107.37857, 39.27506000000002], [-107.38318000000001, 39.275559999999956], [-107.38877, 39.27856999999997], [-107.39185, 39.27937999999999], [-107.39664, 39.28342999999996], [-107.39699, 39.28428999999998], [-107.39606, 39.29019], [-107.39761, 39.291850000000004], [-107.39703, 39.29429000000004], [-107.39825, 39.29514999999999], [-107.40507, 39.292779999999986], [-107.40866000000001, 39.29402], [-107.41278, 39.291959999999996], [-107.41459, 39.293510000000005], [-107.42193, 39.29698999999997], [-107.43121, 39.29883999999997], [-107.4346, 39.298690000000015], [-107.43723, 39.29975000000002], [-107.43798, 39.30109999999999], [-107.43956, 39.30213999999999], [-107.43949, 39.303180000000026], [-107.43706, 39.30701000000002], [-107.43896, 39.30898000000002], [-107.44089000000001, 39.30844999999997], [-107.44497, 39.308700000000016], [-107.44701, 39.30597999999996], [-107.45, 39.30451999999998], [-107.45154, 39.30460999999995], [-107.45411, 39.30644000000001], [-107.45636, 39.307019999999994], [-107.45712, 39.309259999999995], [-107.45914, 39.309739999999984], [-107.46132, 39.31286000000001], [-107.46449, 39.31451000000002], [-107.46324, 39.31711000000003], [-107.46405, 39.32006000000002], [-107.46575, 39.32230999999998], [-107.46337, 39.324320000000014], [-107.46123, 39.32773000000002], [-107.4562, 39.32934000000002], [-107.45156, 39.32976000000002], [-107.44975, 39.332589999999975], [-107.44569, 39.33505999999997], [-107.44305, 39.33902000000001], [-107.43874, 39.341000000000015], [-107.43878, 39.34347999999997], [-107.43678, 39.346419999999966], [-107.43222000000002, 39.34721], [-107.43069, 39.34805999999999], [-107.43047, 39.35407000000003], [-107.42898, 39.35610000000001], [-107.42936000000002, 39.35966000000001], [-107.42789000000002, 39.36265000000001], [-107.42520000000002, 39.363920000000014], [-107.42668, 39.36725000000001], [-107.42783, 39.37563000000001], [-107.4245, 39.37924999999996], [-107.42509, 39.38298000000004], [-107.42804, 39.38786000000003], [-107.42725, 39.395679999999935], [-107.42200000000001, 39.39604999999999], [-107.42025, 39.39902], [-107.41972, 39.40435999999999], [-107.41666, 39.406330000000004], [-107.41503, 39.40679999999997], [-107.40853, 39.40638999999999], [-107.40612, 39.40776], [-107.40321, 39.40810999999996], [-107.40123, 39.41012999999999], [-107.40042, 39.4127], [-107.39737, 39.41615999999999], [-107.39796, 39.41942999999999], [-107.39367, 39.42317000000003], [-107.39438, 39.42567], [-107.39139, 39.42715000000005], [-107.38534, 39.42817999999999], [-107.38156, 39.42755000000001], [-107.38068, 39.43195999999998], [-107.38372, 39.43984999999998], [-107.38336000000001, 39.44240000000003], [-107.38466000000001, 39.446069999999985], [-107.38389, 39.449719999999985], [-107.38419, 39.456350000000015], [-107.38552000000001, 39.46225000000004], [-107.3869, 39.466269999999994], [-107.39033, 39.47231], [-107.39179, 39.47722000000003], [-107.39399, 39.479739999999936], [-107.39449, 39.48416000000001], [-107.39232, 39.484970000000004], [-107.38894, 39.48752000000003], [-107.38539, 39.492510000000024], [-107.38497, 39.49448000000004], [-107.38103, 39.495459999999945], [-107.37985, 39.49910000000004], [-107.37968, 39.50660000000001], [-107.37905, 39.50946999999998], [-107.37969, 39.510349999999995], [-107.37891, 39.511449999999996], [-107.37209000000001, 39.51732000000001], [-107.36861, 39.518550000000026], [-107.36842, 39.52008000000001], [-107.36165, 39.52157999999999], [-107.36205, 39.523229999999984], [-107.36568000000001, 39.52702999999998], [-107.36656, 39.53053000000003], [-107.36586, 39.53330000000005], [-107.36616, 39.536190000000005], [-107.36556, 39.536819999999985], [-107.35931, 39.53747999999994], [-107.35608, 39.543210000000066], [-107.34848, 39.54319], [-107.34337, 39.54571999999999], [-107.33824, 39.54658], [-107.33723, 39.54765000000003], [-107.3307, 39.54953999999999], [-107.32035, 39.541360000000026], [-107.31687, 39.541760000000004], [-107.31605085029499, 39.54289186156128], [-107.31584, 39.535020000000046]]]}}, {"id": "7", "type": "Feature", "properties": {"id": 7, "boundary_id": "carbondale_boundary", "name": "Town of Carbondale", "label": "Carbondale", "display": "org", "areasqkm": 5.22, "huc_code": "", "label_lon": -107.214015, "label_lat": 39.396091, "source": "Colorado DOLA - Municipal Boundaries", "pulldate": "2026-07-28", "srcurl": "https://services3.arcgis.com/DgjqnJA1rgO92Soi/arcgis/rest/services/Municipal_Boundary/FeatureServer", "caveat": "Water supply: Crystal River, substantial water rights (per Gwen, 7/28/26). Cleaned 7/30/26: dropped 5 tiny interior holes/slivers left over from the DOLA source geometry - kept exterior ring(s) only, since a municipal/district boundary has no legitimate internal exclaves."}, "geometry": {"type": "Polygon", "coordinates": [[[-107.2142, 39.379119999999965], [-107.21506, 39.38106999999997], [-107.21665, 39.38124999999998], [-107.22452, 39.39084999999999], [-107.22453000000002, 39.393550000000054], [-107.22128, 39.393620000000006], [-107.22131, 39.39416999999999], [-107.22533, 39.39719000000002], [-107.22669000000002, 39.399450000000066], [-107.22836, 39.399879999999996], [-107.22789, 39.400230000000015], [-107.22614, 39.39988999999998], [-107.22617, 39.400620000000025], [-107.22793, 39.401089999999975], [-107.22794, 39.40187000000002], [-107.22657, 39.40188999999996], [-107.22579, 39.40103], [-107.22336, 39.401039999999966], [-107.2233, 39.40583000000003], [-107.22152, 39.40583000000003], [-107.22163, 39.40763999999998], [-107.22212, 39.407630000000026], [-107.22471, 39.410750000000014], [-107.22584, 39.41091000000003], [-107.22584, 39.4142], [-107.22625, 39.41494999999999], [-107.22552, 39.41500999999998], [-107.22553907790144, 39.41504696343404], [-107.22669000000002, 39.41651000000006], [-107.22208, 39.41552], [-107.22198, 39.41472000000004], [-107.22551, 39.41500999999998], [-107.22238, 39.41471000000003], [-107.22255, 39.41383000000001], [-107.22521, 39.41423000000004], [-107.2226, 39.411], [-107.22173, 39.411079999999984], [-107.22251, 39.41104000000001], [-107.22256, 39.41245999999999], [-107.22182597901656, 39.412469410525375], [-107.22194, 39.414120000000004], [-107.2213, 39.41487999999999], [-107.22044, 39.41483999999998], [-107.21824, 39.41342999999999], [-107.2182, 39.41264000000005], [-107.21719, 39.411429999999974], [-107.21674, 39.41150000000001], [-107.21505, 39.40893000000003], [-107.21582, 39.40893000000002], [-107.21548, 39.40831], [-107.20996, 39.40822000000001], [-107.20949, 39.40310000000004], [-107.20692, 39.400410000000015], [-107.2073, 39.40018999999998], [-107.20715, 39.39789999999998], [-107.20636, 39.39791999999999], [-107.20408, 39.395849999999996], [-107.20270000000001, 39.39256999999999], [-107.20252, 39.38670000000004], [-107.20825, 39.38651999999997], [-107.20745, 39.385999999999996], [-107.20718, 39.38510000000002], [-107.20462, 39.38299999999999], [-107.20357, 39.38266999999999], [-107.2031, 39.38061999999999], [-107.20391000000001, 39.38143999999998], [-107.20458, 39.38143999999998], [-107.20453, 39.380499999999955], [-107.20526, 39.380360000000024], [-107.20834, 39.38079000000005], [-107.20781000000001, 39.379699999999985], [-107.20937, 39.37818999999997], [-107.21045, 39.37584000000003], [-107.21179, 39.374759999999995], [-107.2141, 39.374370000000006], [-107.21486, 39.375160000000015], [-107.21478, 39.37764], [-107.2142, 39.379119999999965]]]}}, {"id": "8", "type": "Feature", "properties": {"id": 8, "boundary_id": "aspen_boundary", "name": "City of Aspen", "label": "Aspen", "display": "org", "areasqkm": 11.32, "huc_code": "", "label_lon": -106.84065, "label_lat": 39.19766, "source": "Colorado DOLA - Municipal Boundaries", "pulldate": "2026-07-28", "srcurl": "https://services3.arcgis.com/DgjqnJA1rgO92Soi/arcgis/rest/services/Municipal_Boundary/FeatureServer", "caveat": "Water supply: Maroon & Castle Creeks; new storage planned at Woody Creek (per Gwen, 7/28/26). Cleaned 7/29/26: dropped 2 sub-hectare sliver fragments (0.0021 and 0.0001 km2) from the source MultiPolygon, kept the main 9.95 km2 city boundary. Cleaned 7/30/26: dropped 11 tiny interior holes/slivers left over from the DOLA source geometry - kept exterior ring(s) only, since a municipal/district boundary has no legitimate internal exclaves."}, "geometry": {"type": "Polygon", "coordinates": [[[-106.82626, 39.18522999999998], [-106.82582, 39.187709999999996], [-106.82641, 39.18781000000001], [-106.82642, 39.18904999999997], [-106.82482000000002, 39.188750000000006], [-106.82434, 39.18906999999998], [-106.82881, 39.19139000000003], [-106.82949000000002, 39.190889999999996], [-106.82946, 39.19169000000001], [-106.83153, 39.19221999999999], [-106.83141, 39.192579999999964], [-106.83271, 39.192669999999985], [-106.83284, 39.19227000000001], [-106.83462, 39.19217], [-106.83391, 39.191509999999965], [-106.83444, 39.190889999999996], [-106.83492, 39.19101999999999], [-106.83501, 39.190039999999996], [-106.83404, 39.18907999999999], [-106.83588, 39.18839999999999], [-106.8361, 39.18567000000002], [-106.83703, 39.183090000000036], [-106.83798, 39.181869999999975], [-106.8404, 39.181829999999984], [-106.84035, 39.17819000000002], [-106.84971, 39.178239999999946], [-106.84974, 39.17939999999999], [-106.85141, 39.179849999999995], [-106.85539, 39.17965000000001], [-106.85541, 39.18108999999998], [-106.85624, 39.18108000000006], [-106.85762, 39.177240000000005], [-106.85918, 39.17702999999999], [-106.85915, 39.178280000000015], [-106.8614, 39.17825], [-106.85944, 39.17873000000001], [-106.85832, 39.18173000000002], [-106.8567172751088, 39.18276670680693], [-106.85755, 39.183090000000036], [-106.85652, 39.18344000000005], [-106.85488, 39.18549999999998], [-106.85877, 39.185469999999995], [-106.85938, 39.20104999999998], [-106.85499, 39.201089999999986], [-106.85538, 39.20413999999995], [-106.86042, 39.20831], [-106.86115, 39.208340000000014], [-106.86208, 39.21014000000004], [-106.86129, 39.21032000000004], [-106.86122, 39.215540000000004], [-106.86066992806495, 39.21552119412188], [-106.86062, 39.21635000000003], [-106.8612, 39.21636999999999], [-106.8612, 39.21699999999999], [-106.86141, 39.21808], [-106.85977, 39.217720000000035], [-106.85967000835423, 39.217130049289864], [-106.85935520990132, 39.217156807158375], [-106.85888, 39.218290000000025], [-106.85841, 39.21831999999996], [-106.85846, 39.21765000000002], [-106.85662, 39.21842999999998], [-106.85413, 39.216499999999975], [-106.85406, 39.21842999999998], [-106.85369, 39.21842999999998], [-106.85397, 39.21468999999998], [-106.85025, 39.214680000000044], [-106.84874, 39.21354000000004], [-106.84878, 39.21262000000001], [-106.84771, 39.21162999999996], [-106.84734, 39.20745000000001], [-106.84798, 39.20708], [-106.84783, 39.206159999999976], [-106.84837, 39.206159999999976], [-106.84861, 39.20838], [-106.84849, 39.206159999999976], [-106.84899000000001, 39.20615999999998], [-106.84943000000001, 39.20459000000002], [-106.84563, 39.20464], [-106.84558, 39.20826999999999], [-106.83966, 39.208220000000004], [-106.83925, 39.20753000000001], [-106.83962, 39.21079999999998], [-106.83797, 39.209849999999996], [-106.83713, 39.20805000000001], [-106.83368, 39.206700000000005], [-106.83314000000001, 39.20702999999999], [-106.82956, 39.204009999999975], [-106.8285, 39.20390999999999], [-106.82649, 39.20241000000001], [-106.82686, 39.20195999999997], [-106.82554, 39.20137999999999], [-106.82343000000002, 39.20139000000003], [-106.82343000000002, 39.20082000000001], [-106.82216, 39.20008999999999], [-106.82207, 39.19847000000001], [-106.82068, 39.196420000000025], [-106.81733, 39.19721000000001], [-106.81664, 39.19644000000001], [-106.815, 39.19644000000001], [-106.81312000000001, 39.195689999999956], [-106.81232, 39.19568000000001], [-106.81232, 39.19629000000001], [-106.81141, 39.196290000000005], [-106.81042, 39.19706999999999], [-106.80968, 39.19648999999999], [-106.81002, 39.19626000000001], [-106.80892, 39.19626000000001], [-106.80781, 39.19503999999997], [-106.80779, 39.19363000000001], [-106.80927, 39.19281999999999], [-106.8088, 39.190990000000035], [-106.80796, 39.19062], [-106.80874, 39.18982000000001], [-106.80712, 39.18905999999998], [-106.80767, 39.18861000000002], [-106.80931000000001, 39.18856000000002], [-106.80813, 39.18841], [-106.80821, 39.18612], [-106.80547, 39.18731999999998], [-106.80594, 39.18818], [-106.8017, 39.18767999999997], [-106.80195, 39.18103000000003], [-106.80326, 39.181910000000016], [-106.80584000000002, 39.182210000000026], [-106.80682, 39.18204000000002], [-106.80681, 39.18142000000001], [-106.80603, 39.1808], [-106.80892, 39.18016999999998], [-106.80919, 39.17951999999997], [-106.8101, 39.18034999999996], [-106.81092, 39.17958999999999], [-106.81182000000001, 39.18016999999998], [-106.81181, 39.181449999999955], [-106.81418, 39.181760000000004], [-106.81649, 39.18139999999997], [-106.81536, 39.18223999999996], [-106.81759840108172, 39.182854020113204], [-106.81796, 39.18253999999999], [-106.81800735569342, 39.18296620124069], [-106.82626, 39.18522999999998]]]}}, {"id": "9", "type": "Feature", "properties": {"id": 9, "boundary_id": "gws_boundary", "name": "City of Glenwood Springs", "label": "Glenwood Springs", "display": "org", "areasqkm": 6.74, "huc_code": "", "label_lon": -107.324748, "label_lat": 39.522696, "source": "Colorado DOLA - Municipal Boundaries", "pulldate": "2026-07-28", "srcurl": "https://services3.arcgis.com/DgjqnJA1rgO92Soi/arcgis/rest/services/Municipal_Boundary/FeatureServer", "caveat": "Water supply: Grizzly & No Name creeks, some Roaring Fork rights (per Gwen, 7/28/26). Cleaned 7/29/26: dropped 3 tiny fragments (0.016, 0.0011, and one literally zero-area) from the source MultiPolygon, kept the main 15.38 km2 city boundary. Cleaned 7/30/26: dropped 8 tiny interior holes/slivers left over from the DOLA source geometry - kept exterior ring(s) only, since a municipal/district boundary has no legitimate internal exclaves. CLIPPED 7/30/26 to the Roaring Fork HUC-8 watershed for display - this is NOT the legal boundary. Real extent is the full City of Glenwood Springs municipal boundary (~15.5 sq km); 9 sq km lies outside the watershed and was removed. Project scope is the Roaring Fork watershed only."}, "geometry": {"type": "Polygon", "coordinates": [[[-107.32781000000001, 39.52537999999996], [-107.32821, 39.527520000000045], [-107.32849, 39.52858999999998], [-107.32992, 39.52860999999999], [-107.32983, 39.533059999999985], [-107.33447, 39.533170000000005], [-107.33423, 39.54058999999998], [-107.33894, 39.540670000000034], [-107.33919, 39.533129999999986], [-107.34059, 39.53314000000002], [-107.34059, 39.532659999999986], [-107.34112, 39.53266000000002], [-107.34137, 39.53362000000004], [-107.3419, 39.53362999999995], [-107.3419, 39.533150000000006], [-107.34866, 39.533179999999966], [-107.34856, 39.54073000000001], [-107.35336, 39.54075000000004], [-107.35328805522143, 39.54320270644847], [-107.34848, 39.54319], [-107.34595632246811, 39.54443953999209], [-107.34361, 39.544419999999995], [-107.34356495131739, 39.54562348515908], [-107.34337, 39.54571999999999], [-107.33824, 39.54658], [-107.33723, 39.54765000000003], [-107.3307, 39.54953999999999], [-107.32035, 39.541360000000026], [-107.31687, 39.541760000000004], [-107.31596137712144, 39.543015488829354], [-107.31615, 39.53520999999997], [-107.31913, 39.53531999999996], [-107.31896, 39.52908999999999], [-107.31194, 39.52880999999997], [-107.31205, 39.52507], [-107.31977, 39.52537999999996], [-107.31912, 39.52199000000001], [-107.31643, 39.51834999999997], [-107.31643, 39.516369999999995], [-107.31795, 39.51718999999999], [-107.31841, 39.51691000000002], [-107.31585, 39.51546000000003], [-107.31644, 39.514790000000005], [-107.31196000000001, 39.51321999999998], [-107.31149, 39.5137], [-107.3102, 39.513049999999986], [-107.30723, 39.510449999999985], [-107.30719000000002, 39.50946999999998], [-107.30641000000001, 39.50877], [-107.30636, 39.50752999999999], [-107.30715, 39.50752000000003], [-107.30713, 39.506119999999996], [-107.30808, 39.50613], [-107.30849, 39.50675000000001], [-107.309, 39.506560000000015], [-107.30611, 39.50231000000002], [-107.3051, 39.502269999999974], [-107.30632, 39.49500999999996], [-107.30737, 39.495020000000025], [-107.30734, 39.500000000000014], [-107.30767, 39.49995999999997], [-107.30967, 39.50369999999998], [-107.31018, 39.50421000000001], [-107.31176, 39.50296000000003], [-107.31584, 39.50268], [-107.31684, 39.50705999999998], [-107.3163, 39.50752000000003], [-107.31877, 39.509970000000024], [-107.32122, 39.51002], [-107.32114000000001, 39.512940000000036], [-107.32240823982399, 39.5141829592959], [-107.32257950338601, 39.51486801354402], [-107.32116, 39.51317000000001], [-107.32096, 39.51563000000001], [-107.32238, 39.51645999999999], [-107.32290145454546, 39.516155818181815], [-107.32311, 39.51699], [-107.32441, 39.51679000000001], [-107.32371, 39.51563000000001], [-107.32256621887176, 39.51433778925972], [-107.32415, 39.51589000000003], [-107.32548, 39.51817999999999], [-107.32621, 39.52099], [-107.33018, 39.52095999999997], [-107.33006000000002, 39.52537000000004], [-107.32781000000001, 39.52537999999996]]]}}, {"id": "10", "type": "Feature", "properties": {"id": 10, "boundary_id": "basalt_boundary", "name": "Town of Basalt", "label": "Basalt", "display": "org", "areasqkm": 5.46, "huc_code": "", "label_lon": -107.03157, "label_lat": 39.371989, "source": "Colorado DOLA - Municipal Boundaries", "pulldate": "2026-07-28", "srcurl": "https://services3.arcgis.com/DgjqnJA1rgO92Soi/arcgis/rest/services/Municipal_Boundary/FeatureServer/0", "caveat": "Real official municipal boundary from Colorado DOLA, 7/28/26. ~5.2 sq km. Straddles Eagle/Pitkin/Garfield county lines - included since it sits within the Roaring Fork watershed and RFWSD/MVMD both serve it. Cleaned 7/30/26: dropped 19 tiny interior holes/slivers left over from the DOLA source geometry - kept exterior ring(s) only, since a municipal/district boundary has no legitimate internal exclaves."}, "geometry": {"type": "MultiPolygon", "coordinates": [[[[-107.016835087, 39.34714698000001], [-107.016276773, 39.346959913999946], [-107.015770582, 39.346834833000045], [-107.015397461, 39.34678845200001], [-107.014944707, 39.34676585900004], [-107.014001223, 39.346762802999976], [-107.013545676, 39.34676582999996], [-107.013348725, 39.34676894600005], [-107.01323995, 39.34662514], [-107.013338874, 39.34662135799999], [-107.01301438000002, 39.34620851600001], [-107.012929537, 39.34616540999997], [-107.013230296, 39.34586447099996], [-107.015260982, 39.343968653], [-107.015247863, 39.34345838499995], [-107.019890405, 39.343422875000016], [-107.019935459, 39.34707267399997], [-107.024630482, 39.34708160499999], [-107.024639768, 39.34779748900003], [-107.028174719, 39.34776063599997], [-107.02801431, 39.34785605700003], [-107.026678537, 39.348650633999995], [-107.025199842, 39.34941063700004], [-107.024455542, 39.35019606600003], [-107.024413504, 39.35074648899997], [-107.024416212, 39.350866486000015], [-107.022774851, 39.35003021100002], [-107.021588793, 39.34946688400001], [-107.020656079, 39.34901103800001], [-107.020096579, 39.34871998599999], [-107.01917216600002, 39.34828976599995], [-107.01889000700001, 39.34815337399996], [-107.018043025, 39.347745057000004], [-107.017630193, 39.34754251899998], [-107.016993259, 39.347224218999976], [-107.016835087, 39.34714698000001]]], [[[-107.038708802, 39.35433683799997], [-107.03874943, 39.35433726299998], [-107.039479026, 39.35437040699996], [-107.040337699, 39.356180612], [-107.039690768, 39.35784452399997], [-107.039073957, 39.35785106399997], [-107.038206428, 39.35744123799996], [-107.037658331, 39.357138763999984], [-107.037364242, 39.35697646499999], [-107.033826931, 39.355280376000046], [-107.033823115, 39.355278549000005], [-107.033822828, 39.35521043700001], [-107.033819009, 39.35431149099999], [-107.034607757, 39.354315594], [-107.035168776, 39.354318507999984], [-107.038708802, 39.35433683799997]]], [[[-107.037073878, 39.35715996999999], [-107.037195548, 39.35721834000003], [-107.037259193, 39.35724848000003], [-107.037256898, 39.35728680300002], [-107.037269698, 39.357873945000044], [-107.037275317, 39.35813173], [-107.037278022, 39.35814541300001], [-107.037290791, 39.358424891999995], [-107.037291698, 39.35887176099996], [-107.037356242, 39.361832354], [-107.037071186, 39.36182298599999], [-107.036332582, 39.361832686000014], [-107.036331653, 39.36142470899998], [-107.036331821, 39.36102687299999], [-107.035537715, 39.361027172000014], [-107.035555077, 39.36182593900005], [-107.03565591500002, 39.36184156799998], [-107.035938729, 39.362020212000026], [-107.036019039, 39.362138488999996], [-107.036094293, 39.36224932200005], [-107.03610086, 39.36226603400001], [-107.03613807600001, 39.36236258400005], [-107.03619062, 39.36249446899999], [-107.03619141900002, 39.36250714600005], [-107.036153282, 39.36250764699997], [-107.036158335, 39.362521241000024], [-107.036678929, 39.36251163899996], [-107.036940833, 39.36250664800004], [-107.03697997600001, 39.36250606399998], [-107.03699812400001, 39.36250575099998], [-107.037086533, 39.36250459000006], [-107.037174951, 39.36250377199996], [-107.037225176, 39.36250311200005], [-107.037255718, 39.36250271099999], [-107.037258558, 39.36248516800001], [-107.037277791, 39.36239635899999], [-107.03728865400001, 39.36234302599999], [-107.037809458, 39.36233632699999], [-107.037755512, 39.361016575999976], [-107.038286026, 39.361009603999946], [-107.038293446, 39.361601555999975], [-107.03830243, 39.36213784600005], [-107.038306587, 39.36248890099996], [-107.038324053, 39.36291428999999], [-107.038342437, 39.363361980999976], [-107.038369007, 39.36401241800001], [-107.038373491, 39.36412223899997], [-107.038395588, 39.364663199999946], [-107.038398651, 39.36490164399997], [-107.038382412, 39.36490157100002], [-107.038070611, 39.36489975199995], [-107.037945825, 39.36489126000004], [-107.03773828, 39.364877134], [-107.037071519, 39.364730172999984], [-107.036504126, 39.36453997899999], [-107.035781788, 39.364260316], [-107.035294568, 39.364091685999995], [-107.035266333, 39.364035159000004], [-107.035029954, 39.36396091000002], [-107.035389234, 39.36339897800002], [-107.035055297, 39.363321740000025], [-107.034659068, 39.36323872399999], [-107.034035405, 39.36310788800001], [-107.033948346, 39.363089808], [-107.03384891, 39.36306937699996], [-107.033848816, 39.36310827399995], [-107.033848607, 39.36346456199994], [-107.033844829, 39.36416432000001], [-107.034389159, 39.364283633000014], [-107.034974435, 39.36454356100002], [-107.035086967, 39.364492093999985], [-107.035403845, 39.364614405999994], [-107.036474367, 39.36498844899999], [-107.037151461, 39.36517958000002], [-107.037691056, 39.36525483], [-107.038390461, 39.365270476999974], [-107.038401041, 39.365267188999994], [-107.038404742, 39.36548978199997], [-107.038411546, 39.36580384899999], [-107.038420356, 39.366167000000004], [-107.038421234, 39.366203180999975], [-107.038423855, 39.366333139000034], [-107.038380999, 39.36688929200002], [-107.038378004, 39.36698166099999], [-107.0383669, 39.36751210099998], [-107.038664245, 39.36738597099998], [-107.039017446, 39.36740076800001], [-107.038962329, 39.36741952199999], [-107.039018283, 39.367421863999944], [-107.039802049, 39.367529108000035], [-107.040212032, 39.367602405000014], [-107.040201628, 39.36766038300003], [-107.040122889, 39.36796308400002], [-107.041022837, 39.36791628899999], [-107.041024214, 39.36800032299999], [-107.041794594, 39.36823258700002], [-107.042790019, 39.36868828300001], [-107.044178078, 39.36859185399997], [-107.04512002, 39.36836732500001], [-107.046543416, 39.36867427400005], [-107.047321917, 39.36859184800001], [-107.0493424, 39.368240985999996], [-107.050768555, 39.367990586], [-107.051451997, 39.36789574400004], [-107.052137109, 39.36783352599999], [-107.053133505, 39.367790815000006], [-107.054011723, 39.367681483000005], [-107.05470561100002, 39.367552103999955], [-107.055513945, 39.36734604399998], [-107.056148133, 39.36714232099999], [-107.058307388, 39.36631616599997], [-107.058929718, 39.36606972099998], [-107.060596602, 39.366070406000006], [-107.060721748, 39.366104928000006], [-107.061891529, 39.36654619200003], [-107.063215762, 39.36708415300005], [-107.06418935200001, 39.36756093800003], [-107.065243154, 39.368122180000064], [-107.065244857, 39.36811762599998], [-107.066104041, 39.36856300300001], [-107.066954223, 39.36888624400001], [-107.067727832, 39.369151082000016], [-107.068937463, 39.36958553699999], [-107.069216999, 39.36979775700002], [-107.06951886, 39.36992732700001], [-107.070516842, 39.370394783000016], [-107.070601544, 39.37040303699999], [-107.070641428, 39.370419527000024], [-107.070663705, 39.370417416], [-107.07228032100001, 39.371092519999976], [-107.072472975, 39.371155230000014], [-107.072661397, 39.371197870000046], [-107.07281134700001, 39.37121771200002], [-107.073014178, 39.37123225800005], [-107.075253134, 39.371062731999984], [-107.075941235, 39.370899392], [-107.076199964, 39.370739884], [-107.077762243, 39.370206135], [-107.078119319, 39.37017957200001], [-107.078575006, 39.37014566500001], [-107.078739866, 39.370151953999994], [-107.079401616, 39.370321237], [-107.080363304, 39.37089295099997], [-107.080751447, 39.37143610400001], [-107.081166842, 39.37201735699997], [-107.08121705, 39.372290478000004], [-107.08126644500001, 39.37230019100001], [-107.081241112, 39.37250046600004], [-107.082057146, 39.372851135], [-107.08330191300001, 39.37336081100001], [-107.083672623, 39.373611361999984], [-107.08373182, 39.37382271300002], [-107.083798432, 39.37434365300001], [-107.083856345, 39.374853726000026], [-107.083994454, 39.37623875499997], [-107.084052146, 39.376305853999995], [-107.084090251, 39.376649105], [-107.084825458, 39.376650081000015], [-107.084848657, 39.37631116299999], [-107.085362689, 39.376302234000015], [-107.085372227, 39.378718478000025], [-107.085375421, 39.37961486], [-107.085375515, 39.37964109999996], [-107.08537557100001, 39.37965699899999], [-107.085378812, 39.379667334999965], [-107.085386903, 39.37969355900001], [-107.085394887, 39.379719785], [-107.08540273, 39.379746011999984], [-107.085410434, 39.379772296], [-107.085418031, 39.379798581999985], [-107.085425522, 39.379824897], [-107.085432767, 39.37985124199998], [-107.085439977, 39.37987761500002], [-107.085447044, 39.379904017999976], [-107.08545397100002, 39.379930394999974], [-107.085460758, 39.37995682899999], [-107.085484943, 39.380113376999965], [-107.085517564, 39.38026901499997], [-107.085517908, 39.380271076999975], [-107.085521938, 39.38029520800001], [-107.085526174, 39.380321484], [-107.085530267, 39.380347734000054], [-107.0855326, 39.380363354999965], [-107.085534219, 39.38037398700002], [-107.085537995, 39.38040026900007], [-107.085541665, 39.380426580999966], [-107.085545158, 39.38045289499999], [-107.085548545, 39.380479210000004], [-107.08555175700002, 39.380505555000035], [-107.085554825, 39.38053190299999], [-107.085557754, 39.380558251000025], [-107.08556054, 39.38058460200004], [-107.085561696, 39.38059581399995], [-107.085575856, 39.38077315099998], [-107.085572907, 39.38125241399999], [-107.085573152, 39.381263312], [-107.085574583, 39.38132694400005], [-107.085573699, 39.38132695600002], [-107.085594349, 39.383670289000015], [-107.085671032, 39.387953888], [-107.085707465, 39.389143981], [-107.086364329, 39.38961583899997], [-107.08636176100002, 39.38961801799998], [-107.086542747, 39.38974910099994], [-107.08674165, 39.38989317599998], [-107.08693397, 39.390032506], [-107.087126361, 39.39017183599996], [-107.087315589, 39.390308901000026], [-107.087512732, 39.39045170899996], [-107.08770991200001, 39.390594541999995], [-107.087900725, 39.390732738999986], [-107.088097834, 39.39087549], [-107.088333043, 39.39104589699999], [-107.088566596, 39.391215037000016], [-107.088656306, 39.391286671000046], [-107.088788317, 39.39138265499998], [-107.089009633, 39.391543573], [-107.089023454, 39.39155362200005], [-107.088903042, 39.391653332], [-107.08944080000002, 39.392043622], [-107.089452445, 39.39205867100001], [-107.089504449, 39.392108372], [-107.089553342, 39.39216480299996], [-107.089595492, 39.392224418], [-107.089630559, 39.39228673500002], [-107.08965825800001, 39.39235124799993], [-107.089678364, 39.39241743099999], [-107.08968124, 39.39243310099998], [-107.089686001, 39.392459062], [-107.08968775400001, 39.39246861099997], [-107.089690714, 39.39248475200002], [-107.08969521, 39.392552660000035], [-107.089695774, 39.39262252000006], [-107.089698208, 39.392669221999974], [-107.089702303, 39.392929235000004], [-107.089702748, 39.39310584899996], [-107.089700724, 39.39323511599996], [-107.08969899500002, 39.39334558200002], [-107.088733022, 39.39283262600002], [-107.08848917, 39.392690355999996], [-107.088248495, 39.39254277599998], [-107.088011111, 39.39238995899994], [-107.087777132, 39.39223197700001], [-107.087546671, 39.392068907000024], [-107.087319838, 39.39190082600001], [-107.087096743, 39.39172781499995], [-107.086668045, 39.39141973700001], [-107.08619403, 39.39102420900001], [-107.08550706, 39.39045425899997], [-107.08484406, 39.38979772899998], [-107.082385559, 39.387294340000025], [-107.08200741600001, 39.38688275400002], [-107.081439477, 39.38625232600003], [-107.08131601200002, 39.38599348599997], [-107.080979811, 39.38524253600001], [-107.080765047, 39.38462040400002], [-107.080719695, 39.38034934100005], [-107.079394118, 39.38036723500003], [-107.078311698, 39.380396499000014], [-107.078178452, 39.38011702800004], [-107.07777980900002, 39.37947276700002], [-107.077198668, 39.377971096999964], [-107.077155888, 39.37795830000001], [-107.076545225, 39.37628240900003], [-107.076156949, 39.37547511299997], [-107.076004099, 39.375227922000036], [-107.07601377, 39.37632842200005], [-107.076017687, 39.37677425700001], [-107.072059735, 39.37675685900003], [-107.070766781, 39.37675115299999], [-107.068771628, 39.376753939000004], [-107.06802274000002, 39.376214153999996], [-107.06800242, 39.37514144800005], [-107.06787327800001, 39.374791259], [-107.067599894, 39.37446342900001], [-107.0683854, 39.374169195000036], [-107.068362536, 39.37411949799999], [-107.068342839, 39.37406901700001], [-107.06833416900001, 39.374043513], [-107.068313024, 39.37396611399999], [-107.068302983, 39.373913938000015], [-107.068287024, 39.37379135299998], [-107.067723144, 39.37375478000003], [-107.067468663, 39.37331894699997], [-107.067106272, 39.37269821900001], [-107.066409746, 39.371503116000014], [-107.065792813, 39.370448443], [-107.0664869, 39.37026879700001], [-107.067126704, 39.37054234899998], [-107.067133655, 39.36981095600002], [-107.06741176, 39.36947521899999], [-107.067137872, 39.369365589000004], [-107.066770249, 39.36921841299998], [-107.066145069, 39.36894804000002], [-107.065591015, 39.36866388799999], [-107.065370413, 39.36854480900003], [-107.064264067, 39.368002615], [-107.06328527, 39.367481113000004], [-107.062846666, 39.36729250300003], [-107.062681345, 39.36719799799997], [-107.062085573, 39.36695055100002], [-107.06129824, 39.366669274], [-107.060612824, 39.36644369199997], [-107.06023267200001, 39.366346062999945], [-107.059815365, 39.36627828199996], [-107.059625758, 39.36625145500005], [-107.059380794, 39.36628407399997], [-107.058911662, 39.366437040000015], [-107.058554936, 39.36654449000005], [-107.057937239, 39.366816764], [-107.057338098, 39.367074154000015], [-107.056925972, 39.36724101599999], [-107.056437941, 39.36739422399999], [-107.056062969, 39.367531234999994], [-107.055706557, 39.36765333600003], [-107.05516150600002, 39.36779263300002], [-107.054691059, 39.367886890000044], [-107.054239533, 39.36798092300001], [-107.053580122, 39.36807768600002], [-107.052825923, 39.368161067999935], [-107.051805926, 39.36818926099998], [-107.051372311, 39.368239027000016], [-107.050449643, 39.36839796999999], [-107.048830133, 39.36866880099999], [-107.047775538, 39.368844133000046], [-107.046474638, 39.368993382], [-107.045398898, 39.369066273000016], [-107.043886316, 39.369042219999976], [-107.041710737, 39.36895353900002], [-107.039807619, 39.36893688400001], [-107.039006883, 39.368978446], [-107.038673959, 39.369001524000005], [-107.03858858, 39.36900088799999], [-107.038493858, 39.36900010199997], [-107.037633103, 39.36899216500004], [-107.03691061200001, 39.369026891000004], [-107.03683235, 39.369029786000006], [-107.036850985, 39.36989445499999], [-107.03747042, 39.369768381000036], [-107.038039821, 39.36963870599999], [-107.038114625, 39.369621604000024], [-107.038351758, 39.36954536299999], [-107.038462424, 39.36950991299997], [-107.038346478, 39.36938443799995], [-107.03828465900001, 39.36931726099999], [-107.038344896, 39.36931833699998], [-107.03835188700002, 39.369316130000016], [-107.038352122, 39.36931881799997], [-107.038541703, 39.369333130999955], [-107.03876193, 39.36933333899995], [-107.039336705, 39.36932852599998], [-107.039179366, 39.369413659999985], [-107.039122255, 39.36943088599998], [-107.038766386, 39.369537495000024], [-107.038354821, 39.369645191999986], [-107.038359014, 39.36979685000003], [-107.038374771, 39.37031633800001], [-107.0383816, 39.37054825199998], [-107.038405213, 39.37134667899998], [-107.038413023, 39.37162355800002], [-107.038418282, 39.37214831799996], [-107.038418892, 39.37241947099998], [-107.037390206, 39.37241720000004], [-107.0358998, 39.372413758000036], [-107.034265224, 39.37241015400002], [-107.03384508, 39.37240912600002], [-107.033839923, 39.37261928500001], [-107.033830823, 39.37301410399999], [-107.033829934, 39.37325784399998], [-107.033826582, 39.37399824500002], [-107.033823014, 39.37493190799995], [-107.033817095, 39.376286084], [-107.033724232, 39.376286615], [-107.029471623, 39.376316177], [-107.029471484, 39.37631628899998], [-107.028300312, 39.37632439300001], [-107.024540471, 39.37633536800001], [-107.024540335, 39.37621128200005], [-107.02453898, 39.374986976], [-107.024538732, 39.374986978999985], [-107.024538903, 39.37495399800003], [-107.024539017, 39.374877468], [-107.024539116, 39.374800224000005], [-107.02453876000001, 39.374538349], [-107.024537218, 39.37368988000001], [-107.024580354, 39.373680392999994], [-107.024614683, 39.373672752], [-107.02476444, 39.37363988200003], [-107.024744634, 39.372974336], [-107.024727239, 39.37237449499996], [-107.024619241, 39.37238002099999], [-107.024538135, 39.37238080399999], [-107.024535762, 39.37227267200001], [-107.024535905, 39.372197487000015], [-107.024536053, 39.37195891900002], [-107.024535546, 39.37190109600002], [-107.023120632, 39.37196875299995], [-107.023121716, 39.37203200499993], [-107.022324611, 39.37198811700002], [-107.021778953, 39.372008668000014], [-107.021467804, 39.37202034699994], [-107.021468029, 39.372043904], [-107.020845515, 39.37208840700001], [-107.020378426, 39.37219401499998], [-107.01996286, 39.37223461500002], [-107.019963815, 39.37206062200003], [-107.019964189, 39.372036947000005], [-107.019964673, 39.37201837700002], [-107.019966698, 39.371743073], [-107.019984125, 39.36934268199998], [-107.019971335, 39.369342863999975], [-107.01992731, 39.36613294000005], [-107.019917068, 39.36538613299999], [-107.02187333, 39.36539170900003], [-107.024502413, 39.36538530199999], [-107.024528597, 39.36521981000001], [-107.024523193, 39.364972704999964], [-107.024517489, 39.364711916000026], [-107.024525768, 39.36439611500002], [-107.024535457, 39.36404893400004], [-107.024542685, 39.36378392200001], [-107.024536895, 39.36353686500002], [-107.024531106, 39.363289808000026], [-107.024522734, 39.362932571999984], [-107.02452326600002, 39.362721471999976], [-107.024522345, 39.36247434900002], [-107.02451523600001, 39.36222730899999], [-107.02450901, 39.361980256000045], [-107.024503911, 39.361826206999986], [-107.024508629, 39.361799028999975], [-107.02453964, 39.361760869], [-107.024610628, 39.36173111199999], [-107.024756383, 39.36172372100002], [-107.024871359, 39.36172428199999], [-107.02501115500002, 39.361727608999956], [-107.025195104, 39.361727956999985], [-107.025226061, 39.36172824000003], [-107.025347218, 39.361728377000006], [-107.02556203600001, 39.36172489100001], [-107.025847594, 39.36172116700006], [-107.025898017, 39.36172188300003], [-107.02624304000001, 39.361728024000016], [-107.026624825, 39.36172579099996], [-107.026620909, 39.36176344599998], [-107.026957382, 39.361760109], [-107.02814461000001, 39.36178099500001], [-107.027940139, 39.36147124299995], [-107.027943551, 39.36146963200003], [-107.026966719, 39.36021994000004], [-107.026564953, 39.35971649799995], [-107.025466271, 39.358367632999986], [-107.025395787, 39.358280518000015], [-107.025328638, 39.35820141800006], [-107.025249805, 39.35811354600002], [-107.025181044, 39.35804167499999], [-107.025096075, 39.35795628600004], [-107.024976041, 39.357844236999995], [-107.02494179, 39.35781413499999], [-107.024927369, 39.35780162300002], [-107.024792259, 39.35785109400003], [-107.024633829, 39.357911542000004], [-107.024637956, 39.358121731999994], [-107.024668834, 39.35969422699999], [-107.022146507, 39.35971725100004], [-107.02167688700001, 39.359721530999956], [-107.02114026000001, 39.35972641999999], [-107.017599342, 39.359760384000026], [-107.017133073, 39.35974926800001], [-107.015340831, 39.35976081999998], [-107.015324216, 39.358493790000026], [-107.010647332, 39.35849968800002], [-107.010592561, 39.355777807000045], [-107.010752397, 39.35576969400001], [-107.014320057, 39.35558855299999], [-107.014229204, 39.35539305099998], [-107.01416195300001, 39.35522607600006], [-107.014107977, 39.355100804999985], [-107.013961137, 39.355015865000006], [-107.013912841, 39.35486683700003], [-107.013819609, 39.35472525500001], [-107.01377369400001, 39.35468706300001], [-107.013911795, 39.354488597999975], [-107.01393295200002, 39.35440993100006], [-107.013973211, 39.35426023499997], [-107.014467805, 39.35381260499997], [-107.015528681, 39.35344171800001], [-107.015762032, 39.353421339], [-107.015909569, 39.35340845200003], [-107.016449084, 39.353361333], [-107.016719266, 39.35333773399996], [-107.016919202, 39.35338353899997], [-107.017165949, 39.35348011900002], [-107.01753628400002, 39.35362507399998], [-107.018361506, 39.353858726999974], [-107.018370006, 39.35386113399999], [-107.01878618, 39.35397896700003], [-107.019294774, 39.354122964999966], [-107.019851731, 39.35428065200001], [-107.019912564, 39.354297874999986], [-107.020204077, 39.35457177099997], [-107.020743792, 39.354092760999976], [-107.020776718, 39.35406353899999], [-107.020965278, 39.35390855500003], [-107.020255253, 39.353353961], [-107.019929573, 39.353097052000024], [-107.020144899, 39.35293107199996], [-107.01997552500002, 39.35280275300003], [-107.019613986, 39.352522586000006], [-107.019537072, 39.352431827000004], [-107.019493976, 39.35231041299996], [-107.019360287, 39.351565291], [-107.019417568, 39.35139223999995], [-107.019211204, 39.35112993700001], [-107.018646459, 39.35052183599998], [-107.018730095, 39.35042292599998], [-107.017611255, 39.35008253199996], [-107.016597761, 39.34951236099993], [-107.015827504, 39.349079019], [-107.015084376, 39.34873310200001], [-107.014474458, 39.348449187000014], [-107.014002438, 39.34812544000002], [-107.013852018, 39.34791423399998], [-107.013768167, 39.34765329700004], [-107.013658083, 39.347310721], [-107.013583895, 39.34707984999996], [-107.013534502, 39.34701455099996], [-107.014350952, 39.347018081], [-107.01485713, 39.34701729400004], [-107.015302195, 39.34704422500001], [-107.015725233, 39.34710136399999], [-107.016139123, 39.34720748499995], [-107.016521881, 39.34732639800003], [-107.016886799, 39.34746717100001], [-107.017758861, 39.347877909999994], [-107.018021785, 39.34800307500002], [-107.019073486, 39.348503730999994], [-107.01959268, 39.348744851000006], [-107.020326176, 39.34910484099998], [-107.02173775, 39.349809969999974], [-107.022193961, 39.350035795000025], [-107.022259633, 39.35013335499998], [-107.024422099, 39.35112725200001], [-107.024435677, 39.351733718999995], [-107.024467931, 39.353199232000016], [-107.024486582, 39.35405709000001], [-107.024502636, 39.35463134799999], [-107.024571246, 39.35535091899999], [-107.024551097, 39.355686873000025], [-107.024818492, 39.355907525000006], [-107.025111956, 39.35651570099998], [-107.025161029, 39.356576845], [-107.025402911, 39.357212122], [-107.025584044, 39.35745071600001], [-107.026285643, 39.35805054499996], [-107.028047814, 39.35955703900002], [-107.028982277, 39.360355882000064], [-107.029104005, 39.360437392999984], [-107.030102652, 39.36116522100001], [-107.03096767, 39.36184889300001], [-107.031773518, 39.361858942000026], [-107.032226423, 39.36186468200002], [-107.032662522, 39.361870298], [-107.033169377, 39.361876358], [-107.033739934, 39.36188364], [-107.033846084, 39.36188499600001], [-107.033844997, 39.361631697000014], [-107.033843639, 39.36099724899998], [-107.033829961, 39.36099343400001], [-107.033831546, 39.36088470499995], [-107.033832182, 39.360726941], [-107.033832869, 39.36055713299997], [-107.03383476, 39.36038521100003], [-107.033835771, 39.36021333000006], [-107.033836784, 39.36004072799999], [-107.033837521, 39.35986655300002], [-107.03383924200001, 39.35969151199998], [-107.033840964, 39.35951633400001], [-107.033842694, 39.35934035900003], [-107.03384283, 39.359230435000015], [-107.033844233, 39.35903846099998], [-107.033845983, 39.35879896400001], [-107.033848276, 39.35848492099999], [-107.03384966, 39.35841259899999], [-107.033833348, 39.358416992999985], [-107.033835572, 39.35838205699996], [-107.033828025, 39.355602548], [-107.037073878, 39.357159970999994], [-107.037073878, 39.35715996999999]]]]}}]}