{"type": "FeatureCollection", "features": [{"id": "0", "type": "Feature", "properties": {"org_name": "Basalt Water Conservancy District", "org_short": "BWCD", "category": "Water Providers", "website": "bwcd.org", "source": "KML export", "pulldate": "2026-07-09", "srcurl": "", "caveat": "Provided by Eric Mangeot (Sphero Environmental). Service area, general perimeter, subject to change. Exported as a closed boundary line - auto-converted to polygon by clean_org_boundary.py."}, "geometry": {"type": "Polygon", "coordinates": [[[-106.561180007509, 39.1556404032333], [-106.561176436227, 39.1556429220897], [-106.561156274451, 39.1556500358362], [-106.561040579068, 39.1556515859287], [-106.561042569932, 39.1557416635637], [-106.560811178844, 39.1557447634142], [-106.560813169422, 39.1558348410576], [-106.560581778005, 39.1558379404587], [-106.560583768297, 39.1559280181105], [-106.560352376549, 39.1559311170623], [-106.560354366555, 39.1560211947225], [-106.560122974476, 39.156024293225], [-106.560124964196, 39.1561143708937], [-106.559777875569, 39.1561190178012], [-106.559779864856, 39.1562090954832], [-106.559432775707, 39.1562137413723], [-106.55943476456, 39.1563038190676], [-106.559087674888, 39.1563084639383], [-106.559089663309, 39.156398541647], [-106.558858269855, 39.1564016376633], [-106.558860257989, 39.1564917153804], [-106.558513167299, 39.1564963585587], [-106.558515155, 39.156586436289], [-106.557820972495, 39.1565957195755], [-106.557822959321, 39.1566857973341], [-106.557360170216, 39.1566919839154], [-106.557362156461, 39.1567820616921], [-106.55713076156, 39.1567851543038], [-106.557132747519, 39.156875232089], [-106.557017049908, 39.1568767782275], [-106.557019035729, 39.1569668560161], [-106.556903337961, 39.1569684020448], [-106.556905323643, 39.1570584798369], [-106.556789625719, 39.1570600257557], [-106.556791611263, 39.1571501035512], [-106.556675913183, 39.1571516493602], [-106.556679884001, 39.1573318049566], [-106.556564185618, 39.1573333506606], [-106.55657014147, 39.1576035840589], [-106.556454442635, 39.1576051296629], [-106.556458412953, 39.1577852852642], [-106.556342713814, 39.1577868307633], [-106.556344698839, 39.1578769085666], [-106.556228999544, 39.1578784539558], [-106.55623098443, 39.1579685317626], [-106.555999585519, 39.1579716222063], [-106.556001570119, 39.1580617000216], [-106.555885870503, 39.1580632450761], [-106.555889839435, 39.158243400712], [-106.555774139515, 39.1582449456616], [-106.555776123847, 39.1583350234822], [-106.555660423771, 39.158336568322], [-106.555662407964, 39.1584266461461], [-106.555546707731, 39.1584281908759], [-106.555548691787, 39.1585182687034], [-106.555432991397, 39.1585198133234], [-106.555434975314, 39.1586098911543], [-106.555319274769, 39.1586114356644], [-106.555321258546, 39.1587015134989], [-106.555205557845, 39.1587030578991], [-106.555207541484, 39.1587931357369], [-106.555091840626, 39.1587946800272], [-106.555093824127, 39.1588847578685], [-106.554978123113, 39.1588863020489], [-106.554980106475, 39.1589763798937], [-106.554748704125, 39.15897946792], [-106.554750687201, 39.1590695457731], [-106.554634985865, 39.1590710896189], [-106.554636968803, 39.1591611674755], [-106.55440556581, 39.1591642548325], [-106.554407548462, 39.1592543326975], [-106.554176145138, 39.1592574196051], [-106.554178127504, 39.1593474974784], [-106.554062425681, 39.1593490407649], [-106.554064407908, 39.1594391186417], [-106.55394870593, 39.1594406618183], [-106.553952670116, 39.1596208175772], [-106.553836967833, 39.1596223606489], [-106.553838949792, 39.159712438531], [-106.553723247353, 39.1597139814928], [-106.553725229174, 39.1598040593784], [-106.553609526579, 39.1598056022302], [-106.553613489951, 39.1599857580068], [-106.553497787052, 39.1599873007537], [-106.553499768605, 39.1600773786447], [-106.553384065549, 39.1600789212817], [-106.553386046963, 39.1601689991761], [-106.553154640531, 39.1601720841155], [-106.553156621658, 39.1602621620182], [-106.552925214896, 39.1602652465082], [-106.552931157447, 39.1605354802372], [-106.552815453611, 39.1605370223247], [-106.5528213958, 39.1608072560551], [-106.552705691512, 39.1608087980425], [-106.552707672112, 39.1608988759546], [-106.552591967667, 39.1609004178322], [-106.552593948129, 39.1609904957477], [-106.552478243528, 39.1609920375153], [-106.552480223851, 39.1610821154343], [-106.552248814328, 39.1610851986349], [-106.552250794365, 39.1611752765622], [-106.552135089442, 39.1611768179952], [-106.552137069341, 39.161266895926], [-106.552021364262, 39.1612684372491], [-106.552023344022, 39.1613585151833], [-106.551907638787, 39.1613600563964], [-106.551909618408, 39.1614501343341], [-106.551562502207, 39.1614547572994], [-106.551215385927, 39.1614593792312], [-106.551213407191, 39.1613693012641], [-106.551097701894, 39.1613708416735], [-106.551095723313, 39.1612807637], [-106.550864312988, 39.1612838441644], [-106.550862334711, 39.1611937661796], [-106.550746629682, 39.1611953062347], [-106.550744651562, 39.1611052282435], [-106.550628946672, 39.1611067681788], [-106.550626968708, 39.1610166901812], [-106.550511263957, 39.1610182299968], [-106.550509286149, 39.1609281519928], [-106.550162172284, 39.160932770736], [-106.550160194927, 39.1608426927157], [-106.549928785934, 39.1608457712939], [-106.549926808882, 39.1607556932624], [-106.549811104519, 39.1607572323743], [-106.549809127623, 39.1606671543364], [-106.549577719167, 39.160670232206], [-106.549575742574, 39.1605801541567], [-106.548881517877, 39.1605893849803], [-106.548879542178, 39.1604993069002], [-106.548416726126, 39.1605054584665], [-106.548414751025, 39.1604153803652], [-106.548183343241, 39.1604184554496], [-106.548181368444, 39.1603283773371], [-106.548065664686, 39.1603299147021], [-106.548063690046, 39.1602398365832], [-106.547832282799, 39.1602429109591], [-106.547830308462, 39.1601528328289], [-106.547714604972, 39.1601543698396], [-106.547712630792, 39.1600642917031], [-106.547596927441, 39.1600658285941], [-106.547594953417, 39.1599757504512], [-106.547479250205, 39.1599772872225], [-106.547477276337, 39.1598872090731], [-106.54724587018, 39.1598902822616], [-106.547243896616, 39.1598002041009], [-106.547128193672, 39.159801740518], [-106.547126220265, 39.159711662351], [-106.547010517459, 39.1597131986484], [-106.547008544208, 39.1596231204749], [-106.546777138865, 39.1596261927154], [-106.546775165917, 39.1595361145307], [-106.546543760834, 39.1595391863021], [-106.54654178819, 39.1594491081061], [-106.546426085783, 39.1594506438147], [-106.546424113295, 39.1593605656123], [-106.546192708749, 39.1593636366753], [-106.546190736565, 39.1592735584616], [-106.545843630121, 39.1592781641801], [-106.545841658388, 39.1591880859503], [-106.545494552307, 39.1591926906208], [-106.545492581025, 39.1591026123748], [-106.545145475307, 39.1591072159972], [-106.545143504477, 39.1590171377351], [-106.545027802701, 39.1590186720413], [-106.545025832026, 39.1589285937728], [-106.544794428742, 39.1589316620311], [-106.544792458372, 39.1588415837514], [-106.544561055347, 39.1588446515406], [-106.54455908528, 39.1587545732496], [-106.544211981119, 39.1587591740576], [-106.544210011504, 39.1586690957504], [-106.5432844012, 39.158681359481], [-106.543286369636, 39.1587714378273], [-106.542939265184, 39.1587760348464], [-106.542941233187, 39.158866113206], [-106.542594128213, 39.1588707092064], [-106.542592160653, 39.1587806308322], [-106.542245056042, 39.1587852257847], [-106.542243088933, 39.1586951473944], [-106.54201168611, 39.1586982101122], [-106.542009719304, 39.1586081317106], [-106.541778316741, 39.1586111939594], [-106.541776350239, 39.1585211155466], [-106.541544947935, 39.1585241773263], [-106.541542981736, 39.1584340989022], [-106.541311579692, 39.1584371602129], [-106.541309613798, 39.1583470817776], [-106.540962511108, 39.1583516728679], [-106.540960545664, 39.1582615944165], [-106.540613443337, 39.1582661844588], [-106.540611478345, 39.1581761059912], [-106.540380077044, 39.1581791654356], [-106.540378112355, 39.1580890869568], [-106.540031010781, 39.1580936752476], [-106.540029046543, 39.1580035967527], [-106.539681945332, 39.1580081839955], [-106.539679981545, 39.1579181054845], [-106.538870079443, 39.1579288049985], [-106.538868116697, 39.1578387264519], [-106.538289615669, 39.1578463654932], [-106.538291577677, 39.1579364440642], [-106.537944476512, 39.1579410261258], [-106.537946438088, 39.1580311047099], [-106.537830737534, 39.158032631839], [-106.537834660417, 39.1582127890126], [-106.53771895956, 39.1582143160366], [-106.537720920866, 39.1583043946261], [-106.537605219853, 39.1583059215402], [-106.537607181021, 39.158396000133], [-106.537491479852, 39.1583975269372], [-106.53749540192, 39.1585776841282], [-106.537379700447, 39.1585792108272], [-106.537381661346, 39.1586692894254], [-106.537265959717, 39.1586708160145], [-106.537267920478, 39.1587608946161], [-106.537152218693, 39.1587624210952], [-106.537154179315, 39.1588524997002], [-106.536922775423, 39.1588555523238], [-106.536924735759, 39.158945630937], [-106.536809033653, 39.1589471570815], [-106.53681099385, 39.159037235698], [-106.536579589316, 39.1590402876523], [-106.536581549227, 39.1591303662771], [-106.536465846799, 39.1591318920868], [-106.536469766354, 39.1593120493418], [-106.536354063622, 39.1593135750465], [-106.536357982917, 39.1594937323053], [-106.536242279882, 39.1594952579048], [-106.536248158447, 39.1597654937965], [-106.536132454961, 39.1597670192959], [-106.536152049276, 39.160667805554], [-106.536036344307, 39.1606693309872], [-106.536046141056, 39.1611197240852], [-106.535930435341, 39.1611212494279], [-106.535950028024, 39.1620220355615], [-106.535834320825, 39.1620235608381], [-106.535842157554, 39.1623838752696], [-106.535726449757, 39.1623854004508], [-106.535734286036, 39.1627457148781], [-106.53561857764, 39.1627472399639], [-106.535622495538, 39.1629273971784], [-106.535506786838, 39.1629289221591], [-106.535508745653, 39.163019000769], [-106.535393036796, 39.1630205256397], [-106.535394995472, 39.163110604253], [-106.534237904954, 39.1631258466929], [-106.534235947753, 39.163035768031], [-106.533888820868, 39.1630403385091], [-106.533886864118, 39.1629502598311], [-106.533655446447, 39.1629533062327], [-106.53365349, 39.1628632275435], [-106.533537781299, 39.1628647505671], [-106.533535825009, 39.1627746718716], [-106.533420116446, 39.1627761947756], [-106.533418160312, 39.1626861160737], [-106.533302451888, 39.162687638858], [-106.53330049591, 39.1625975601498], [-106.533184787625, 39.1625990828144], [-106.533182831803, 39.1625090040999], [-106.532719999164, 39.1625150935904], [-106.532718043941, 39.1624250148549], [-106.532602335907, 39.1624265369356], [-106.53260038084, 39.1623364581939], [-106.532484672945, 39.1623379801549], [-106.532482718034, 39.1622479014068], [-106.532367010277, 39.1622494232481], [-106.532365055523, 39.1621593444937], [-106.532249347905, 39.1621608662153], [-106.532247393307, 39.1620707874546], [-106.532131685828, 39.1620723090565], [-106.532127776953, 39.1618921515209], [-106.53201206976, 39.1618936729983], [-106.532010115483, 39.1618035942234], [-106.531662994293, 39.161808157952], [-106.531661040467, 39.1617180791611], [-106.531545333534, 39.1617196001694], [-106.531543379864, 39.1616295213722], [-106.53142767307, 39.1616310422609], [-106.531425719556, 39.1615409634573], [-106.5313100129, 39.1615424842263], [-106.531306106195, 39.161362326605], [-106.531190399825, 39.1613638472494], [-106.531188446633, 39.1612737684317], [-106.530957034162, 39.1612768093665], [-106.530955081274, 39.1611867305376], [-106.530492256817, 39.1611928110098], [-106.530490304527, 39.16110273216], [-106.529101832084, 39.1611209624949], [-106.529099881573, 39.1610308835855], [-106.52747999753, 39.1610521313431], [-106.527478049091, 39.1609620523644], [-106.527130931302, 39.1609666025127], [-106.527128983315, 39.160876523518], [-106.527013277515, 39.1608780399996], [-106.527011329684, 39.1607879609986], [-106.526895624022, 39.1607894773605], [-106.526891728681, 39.1606093193444], [-106.526776023306, 39.1606108355819], [-106.526774075796, 39.1605207565668], [-106.52665837056, 39.1605222726845], [-106.526654475861, 39.1603421146402], [-106.526538770911, 39.1603436306335], [-106.526536823722, 39.1602535516043], [-106.52630541409, 39.1602565832367], [-106.526303467205, 39.1601665041963], [-106.526072057834, 39.1601695353597], [-106.526070111252, 39.1600794563083], [-106.5259544067, 39.1600809717129], [-106.525952460275, 39.1599908926551], [-106.525836755862, 39.1599924079401], [-106.525834809593, 39.1599023288759], [-106.525603401036, 39.1599053590917], [-106.52560145507, 39.1598152800165], [-106.525485750927, 39.1598167949473], [-106.525483805117, 39.1597267158657], [-106.525252397098, 39.1597297453733], [-106.525250451592, 39.1596396662805], [-106.525134747717, 39.1596411808572], [-106.525132802367, 39.1595511017582], [-106.52501709863, 39.1595526162153], [-106.525015153437, 39.1594625371099], [-106.524899449839, 39.1594640514473], [-106.524897504801, 39.1593739723357], [-106.524781801343, 39.1593754865534], [-106.524779856461, 39.1592854074355], [-106.524664153141, 39.1592869215336], [-106.524662208416, 39.1591968424093], [-106.524546505234, 39.1591983563877], [-106.524544560665, 39.1591082772572], [-106.524428857622, 39.1591097911159], [-106.524426913209, 39.1590197119791], [-106.524311210305, 39.1590212257182], [-106.524309266048, 39.158931146575], [-106.524193563283, 39.1589326601945], [-106.524191619182, 39.158842581045], [-106.523960213921, 39.1588456079299], [-106.523958270124, 39.1587555287693], [-106.523842567627, 39.1587570420346], [-106.523840623986, 39.1586669628677], [-106.523609219262, 39.1586699890444], [-106.523607275924, 39.1585799098663], [-106.52337587146, 39.158582935574], [-106.523373928426, 39.1584928563848], [-106.523258226328, 39.1584943690616], [-106.523256283451, 39.1584042898661], [-106.523024879524, 39.1584073148656], [-106.52302293695, 39.158317235659], [-106.522907235121, 39.1583187479817], [-106.522905292703, 39.1582286687688], [-106.522673889314, 39.1582316930601], [-106.522671947199, 39.158141613836], [-106.52244054407, 39.1581446376584], [-106.522438602259, 39.1580545584232], [-106.52220719939, 39.1580575817767], [-106.522205257883, 39.1579675025304], [-106.521858153956, 39.157972036685], [-106.5218562129, 39.1578819574227], [-106.521624810534, 39.1578849796088], [-106.521622869781, 39.1577949003354], [-106.521507168732, 39.1577964112514], [-106.521505228136, 39.1577063319717], [-106.521389527226, 39.157707842768], [-106.521387586785, 39.1576177634821], [-106.521271886014, 39.1576192741587], [-106.521268005454, 39.1574391155728], [-106.521036604475, 39.1574421365624], [-106.521038544456, 39.1575322158658], [-106.520922843806, 39.1575337261932], [-106.520926723498, 39.1577138848052], [-106.520695321583, 39.1577169051349], [-106.520697261147, 39.1578069844482], [-106.520581560029, 39.1578084944457], [-106.520583499454, 39.1578985737624], [-106.520352096897, 39.1579015934225], [-106.520354036036, 39.1579916727474], [-106.520122633149, 39.1579946919578], [-106.520124572002, 39.1580847712908], [-106.519893168785, 39.1580877900516], [-106.519895107353, 39.1581778693928], [-106.519779405584, 39.1581793786058], [-106.519781344012, 39.1582694579503], [-106.519665642087, 39.1582709670533], [-106.519669518675, 39.1584511257476], [-106.519553816447, 39.1584526347453], [-106.519557692775, 39.1586327934433], [-106.519441990242, 39.1586343023359], [-106.519443928272, 39.1587243816875], [-106.519328225584, 39.1587258904701], [-106.519332101374, 39.1589060491785], [-106.519216398382, 39.1589075578559], [-106.519218336143, 39.1589976372127], [-106.519102632995, 39.1589991457801], [-106.519104570617, 39.1590892251402], [-106.518988867313, 39.1590907335975], [-106.518996617298, 39.1594510510425], [-106.518880913395, 39.1594525594043], [-106.518884788145, 39.1596327181276], [-106.518769083939, 39.1596342263842], [-106.518771021179, 39.1597243057484], [-106.518539612446, 39.1597273219267], [-106.5185415494, 39.1598174012991], [-106.518194435793, 39.1598219247199], [-106.518196372314, 39.1599120041052], [-106.517849258186, 39.159916526507], [-106.517851194273, 39.1600066059053], [-106.517619784516, 39.1600096202753], [-106.517621720317, 39.1600996996817], [-106.517274605174, 39.1601042203899], [-106.517276540541, 39.1601942998093], [-106.517045130108, 39.1601973130503], [-106.517047065189, 39.1602873924778], [-106.516931359812, 39.1602888989308], [-106.516933294754, 39.1603789783616], [-106.516701883679, 39.1603819909329], [-106.516703818334, 39.1604720703718], [-106.51647240693, 39.1604750824934], [-106.516474341299, 39.1605651619405], [-106.516242929565, 39.1605681736123], [-106.516244863648, 39.1606582530675], [-106.516129157621, 39.160659758736], [-106.516131091565, 39.1607498381946], [-106.515899679189, 39.1607528491966], [-106.515901612847, 39.1608429286633], [-106.515785906499, 39.1608444339969], [-106.515787840018, 39.1609345134669], [-106.515556427001, 39.1609375237992], [-106.515558360234, 39.1610276032774], [-106.515442653564, 39.1610291082761], [-106.515444586659, 39.1611191877575], [-106.515328879833, 39.1611206926462], [-106.515330812789, 39.161210772131], [-106.515215105807, 39.1612122769096], [-106.515217038624, 39.1613023563977], [-106.515101331486, 39.1613038610664], [-106.515103264164, 39.1613939405578], [-106.514871849568, 39.1613969495601], [-106.51487378196, 39.1614870290597], [-106.514642367034, 39.1614900376123], [-106.514644299139, 39.16158011712], [-106.514412883884, 39.1615831252229], [-106.514414815703, 39.1616732047386], [-106.514183400118, 39.1616762123918], [-106.514185331651, 39.1617662919157], [-106.513953915736, 39.1617692991191], [-106.513957778238, 39.1619494581817], [-106.513842069973, 39.1619509616207], [-106.513845932215, 39.162131120687], [-106.513730223646, 39.1621326240208], [-106.513732154632, 39.1622227035565], [-106.513616445908, 39.1622242067803], [-106.513618376755, 39.1623142863193], [-106.513502667874, 39.162315789433], [-106.513504598583, 39.1624058689754], [-106.513388889546, 39.1624073719791], [-106.513390820116, 39.1624974515247], [-106.513275110922, 39.1624989544184], [-106.513277041353, 39.1625890339674], [-106.513161332004, 39.1625905367509], [-106.513163262296, 39.1626806163033], [-106.513047552791, 39.1626821189768], [-106.513049482944, 39.1627721985324], [-106.512933773283, 39.162773701096], [-106.512935703297, 39.1628637806549], [-106.51281999348, 39.1628652831084], [-106.512821923355, 39.1629553626706], [-106.512590503399, 39.1629583672426], [-106.512592432989, 39.163048446813], [-106.51247672285, 39.1630499489316], [-106.512478652301, 39.1631400285052], [-106.51213152139, 39.1631445341862], [-106.512133450407, 39.1632346137728], [-106.511902029462, 39.1632376169954], [-106.511903958193, 39.1633276965901], [-106.51144111561, 39.1633337016766], [-106.511443043759, 39.1634237812889], [-106.51121162212, 39.1634267831527], [-106.511213549983, 39.1635168627732], [-106.511097839004, 39.1635183635376], [-106.511099766728, 39.1636084431614], [-106.510868344448, 39.1636114443552], [-106.510870271886, 39.1637015239871], [-106.510754560585, 39.1637030244166], [-106.510756487884, 39.1637931040517], [-106.510640776427, 39.1637946043711], [-106.510642703588, 39.1638846840096], [-106.510526991975, 39.163886184219], [-106.510530846026, 39.1640663435011], [-106.51041513411, 39.1640678436052], [-106.510417061001, 39.1641579232488], [-106.510301348928, 39.1641594232428], [-106.510303275681, 39.1642495028898], [-106.510187563452, 39.1642510027737], [-106.510189490065, 39.164341082424], [-106.510073777681, 39.1643425821979], [-106.510075704155, 39.1644326618514], [-106.509959991615, 39.1644341615153], [-106.509963844295, 39.1646143208275], [-106.50984813145, 39.1646158203861], [-106.509850057656, 39.1647059000448], [-106.509734344655, 39.1647073994933], [-106.509738196797, 39.1648875588158], [-106.509622483493, 39.164889058159], [-106.509624409429, 39.1649791378229], [-106.509508695969, 39.164980637056], [-106.509512547573, 39.1651607963888], [-106.509396833809, 39.1651622955167], [-106.509400685152, 39.1653424548532], [-106.509284971085, 39.1653439538757], [-106.509286896622, 39.1654340335465], [-106.509171182398, 39.1654355324591], [-106.509175033203, 39.1656156918058], [-106.509059318676, 39.165617190613], [-106.509065094506, 39.1658874296364], [-106.508949379528, 39.1658889283432], [-106.508953229829, 39.1660690876942], [-106.508837514547, 39.1660705862957], [-106.508841364588, 39.1662507456504], [-106.508725649003, 39.1662522441466], [-106.508729498783, 39.166432403505], [-106.508613782894, 39.1664339018958], [-106.508619557187, 39.1667041409367], [-106.508503840847, 39.1667056392271], [-106.508525012296, 39.1676965156493], [-106.508409294324, 39.1676980138773], [-106.508424691217, 39.1684186512013], [-106.508540410368, 39.168417152935], [-106.508542335166, 39.1685072325891], [-106.508658054457, 39.1685057342031], [-106.508661904374, 39.1686858934973], [-106.50877762395, 39.168684394987], [-106.508779549069, 39.1687744746271], [-106.508895268785, 39.1687729759971], [-106.508916447284, 39.1697638518881], [-106.508800725946, 39.1697653505707], [-106.508806501639, 39.1700355894334], [-106.508690779849, 39.1700370880154], [-106.508694630059, 39.1702172472594], [-106.508810352144, 39.1702157486678], [-106.508814202683, 39.1703959078963], [-106.508929925055, 39.1703944091803], [-106.508939552292, 39.1708448072018], [-106.509055275392, 39.170843308347], [-106.509061052281, 39.1711135471279], [-106.509176775815, 39.1711120481438], [-106.509182553224, 39.1713822868971], [-106.509298277192, 39.1713807877838], [-106.509302129136, 39.1715609469357], [-106.509417853391, 39.171559447698], [-106.509421705665, 39.1717396068344], [-106.509537430206, 39.1717381074723], [-106.509545135447, 39.1720984257083], [-106.509429410316, 39.1720999250896], [-106.509435188895, 39.1723701637654], [-106.509319463313, 39.1723716630462], [-106.509325241527, 39.1726419017231], [-106.509440967552, 39.172640402428], [-106.509444820033, 39.172820561529], [-106.509560546344, 39.1728190621095], [-106.509568252, 39.1731793802746], [-106.509683978893, 39.1731778807211], [-106.509687832068, 39.1733580397852], [-106.50957210488, 39.1733595393483], [-106.509579810742, 39.173719857478], [-106.509464082955, 39.1737213569454], [-106.509466009295, 39.1738114364789], [-106.50958173723, 39.1738099370068], [-106.50958559023, 39.1739900960598], [-106.509701318451, 39.1739885964632], [-106.509707098459, 39.1742588350174], [-106.509822827114, 39.1742573352915], [-106.509832461372, 39.1747077328284], [-106.509716731979, 39.1747092325781], [-106.509720585447, 39.1748893915921], [-106.509604855751, 39.1748908912365], [-106.509608708959, 39.1750710502541], [-106.509492978958, 39.1750725497932], [-106.509496831905, 39.1752527088146], [-106.509381101601, 39.1752542082483], [-106.50938302794, 39.1753442877616], [-106.50926729748, 39.1753457870852], [-106.509271149889, 39.1755259461168], [-106.509155419125, 39.1755274453352], [-106.509159271273, 39.1757076043704], [-106.509043540205, 39.1757091034834], [-106.509047392092, 39.1758892625223], [-106.508931660721, 39.17589076153], [-106.508937438174, 39.1761610000916], [-106.508821706351, 39.1761624989988], [-106.508829409152, 39.1765228170793], [-106.508713676731, 39.1765243158907], [-106.508715602305, 39.176614395412], [-106.508599869727, 39.1766158941132], [-106.508603720607, 39.1767960531608], [-106.508487987725, 39.1767975517568], [-106.50848991303, 39.1768876312832], [-106.508374179992, 39.176889129769], [-106.508378030333, 39.1770692888269], [-106.508262296991, 39.1770707872073], [-106.508279622624, 39.1778815029377], [-106.508163887945, 39.1778830012463], [-106.508167737886, 39.1780631602908], [-106.507820532913, 39.1780676545559], [-106.507822457453, 39.1781577340903], [-106.507590987133, 39.1781607297021], [-106.507592911387, 39.1782508092445], [-106.507477176066, 39.1782523068829], [-106.507479100181, 39.1783423864286], [-106.507363364704, 39.1783438839568], [-106.50736528868, 39.1784339635059], [-106.507133817405, 39.1784369582271], [-106.507135741094, 39.1785270377842], [-106.507020005296, 39.1785285349773], [-106.507021928847, 39.1786186145377], [-106.506906192893, 39.1786201116206], [-106.506908116304, 39.1787101911843], [-106.50598222718, 39.1787221637493], [-106.505980304949, 39.1786320841473], [-106.505401624704, 39.1786395632422], [-106.505403546197, 39.178729642868], [-106.505172073744, 39.1787326337111], [-106.50517399495, 39.178822713345], [-106.504942522167, 39.1788257037381], [-106.504944443087, 39.17891578338], [-106.504712969974, 39.178918773323], [-106.504714890607, 39.1790088529729], [-106.504599153891, 39.1790103477769], [-106.504601074385, 39.1791004274301], [-106.504485337512, 39.1791019221239], [-106.504487257867, 39.1791920017805], [-106.504371520838, 39.1791934963641], [-106.504373441054, 39.1792835760239], [-106.504257703868, 39.1792850704974], [-106.504259623945, 39.1793751501606], [-106.504143886604, 39.1793766445239], [-106.504145806542, 39.1794667241903], [-106.504030069044, 39.1794682184436], [-106.504031988843, 39.1795582981133], [-106.503916251189, 39.1795597922564], [-106.503918170849, 39.1796498719294], [-106.503802433039, 39.1796513659623], [-106.50380435256, 39.1797414456386], [-106.503688614594, 39.1797429395614], [-106.503690533976, 39.179833019241], [-106.503459057722, 39.1798360067514], [-106.503460976818, 39.179926086439], [-106.503345238531, 39.1799275800266], [-106.503347157487, 39.1800176597175], [-106.503231419044, 39.180019153195], [-106.503233337861, 39.1801092328892], [-106.503117599261, 39.1801107262565], [-106.50311951794, 39.180200805954], [-106.503003779184, 39.1802022992112], [-106.503005697723, 39.180292378912], [-106.502889958811, 39.180293872059], [-106.502891877212, 39.1803839517631], [-106.502776138143, 39.1803854447999], [-106.502778056405, 39.1804755245073], [-106.50266231718, 39.180477017434], [-106.502664235303, 39.1805670971447], [-106.502548495922, 39.1805685899612], [-106.502550413906, 39.1806586696752], [-106.502434674369, 39.1806601623816], [-106.502438510066, 39.1808403218146], [-106.502322770225, 39.1808418144156], [-106.502326605662, 39.1810219738522], [-106.502210865518, 39.1810234663478], [-106.502212783101, 39.1811135460686], [-106.502097042801, 39.1811150384541], [-106.502098960245, 39.1812051181783], [-106.501983219788, 39.1812066104536], [-106.501985137094, 39.181296690181], [-106.501753655859, 39.1812996743964], [-106.501755572878, 39.1813897541319], [-106.5016398321, 39.181391246072], [-106.50164174898, 39.1814813258107], [-106.501526008046, 39.1814828176406], [-106.501527924787, 39.1815728973827], [-106.501412183696, 39.1815743891024], [-106.501414100298, 39.1816644688478], [-106.501298359052, 39.1816659604574], [-106.501300275515, 39.181756040206], [-106.501184534112, 39.1817575317054], [-106.501188366768, 39.1819376912077], [-106.501072625062, 39.1819391826018], [-106.501074541255, 39.1820292623554], [-106.500958799392, 39.1820307536393], [-106.50096263151, 39.1822109131518], [-106.500846889343, 39.1822124043303], [-106.5008507212, 39.1823925638463], [-106.500734978729, 39.1823940549194], [-106.500738810325, 39.1825742144391], [-106.500623067551, 39.1825757054068], [-106.500624983214, 39.1826657851692], [-106.500509240283, 39.1826672760267], [-106.50051307134, 39.1828474355565], [-106.500397328106, 39.1828489263086], [-106.500399243499, 39.1829390060761], [-106.500283500109, 39.182940496718], [-106.500287330627, 39.183120656258], [-106.500171586932, 39.1831221467945], [-106.500175417189, 39.1833023063381], [-106.500059673191, 39.1833037967693], [-106.500065418198, 39.1835740360879], [-106.499949673748, 39.1835755264183], [-106.4999535035, 39.1837556859662], [-106.499837758747, 39.1837571761912], [-106.499841588238, 39.1839373357427], [-106.499725843181, 39.1839388258623], [-106.499729672411, 39.1841189854174], [-106.49961392705, 39.1841204754316], [-106.49961584153, 39.1842105552117], [-106.499500096013, 39.1842120451157], [-106.499503924704, 39.1843922046809], [-106.499388178883, 39.1843936944795], [-106.499411149979, 39.1854746518041], [-106.499295402378, 39.1854761415448], [-106.499303059094, 39.1858364606247], [-106.499187310893, 39.1858379502695], [-106.499193053077, 39.1861081895783], [-106.499077304425, 39.1861096791223], [-106.499111756494, 39.1877311147816], [-106.498996005176, 39.1877326042962], [-106.49900557495, 39.1881830030294], [-106.498889822884, 39.1881844924528], [-106.498891736717, 39.1882745721998], [-106.498775984496, 39.1882760615131], [-106.498781725603, 39.1885463007593], [-106.49866597293, 39.1885477899719], [-106.498669800082, 39.1887279494715], [-106.49878555305, 39.1887264602495], [-106.498800863184, 39.189447098151], [-106.498916617325, 39.189445608776], [-106.498918531278, 39.1895356885023], [-106.498802776989, 39.1895371778821], [-106.498808518456, 39.1898074170664], [-106.498692763716, 39.1898089063454], [-106.498696591108, 39.1899890658038], [-106.498580836064, 39.1899905549774], [-106.498584663196, 39.1901707144393], [-106.498468907847, 39.1901722035075], [-106.498476561622, 39.1905325224327], [-106.498360805675, 39.1905340114049], [-106.498370372348, 39.1909844100519], [-106.498254615653, 39.1909858989329], [-106.498258442087, 39.1911660583908], [-106.498142685089, 39.1911675471664], [-106.498150337469, 39.1915278660836], [-106.498266095058, 39.1915263772891], [-106.498289054794, 39.1926073338422], [-106.498173295432, 39.1926088226937], [-106.498179035116, 39.192879061813], [-106.498063275303, 39.1928805505638], [-106.4980651884, 39.1929706302721], [-106.497949428431, 39.1929721189127], [-106.497953254356, 39.1931522783342], [-106.497837494082, 39.1931537668693], [-106.49783940691, 39.1932438465827], [-106.497723646481, 39.1932453350076], [-106.497727471866, 39.1934254944393], [-106.497611711133, 39.1934269827587], [-106.497613623691, 39.1935170624771], [-106.497497862801, 39.1935185506863], [-106.49749977522, 39.1936086304079], [-106.497268253119, 39.193611606491], [-106.497270165251, 39.1937016862206], [-106.49703864282, 39.1937046618533], [-106.497040554666, 39.193794741591], [-106.496693270512, 39.193799204192], [-106.496695181923, 39.1938892839424], [-106.49634789725, 39.1938937455229], [-106.496349808226, 39.1939838252861], [-106.496118284772, 39.1939867991078], [-106.496120195461, 39.194076878879], [-106.496004433574, 39.1940783656221], [-106.496008254683, 39.1942585251696], [-106.495892492491, 39.1942600118072], [-106.495896313339, 39.1944401713583], [-106.495780550843, 39.1944416578904], [-106.495786281736, 39.1947118972202], [-106.495670518789, 39.1947133836515], [-106.495676249315, 39.1949836229822], [-106.495560485917, 39.1949851093129], [-106.495566216077, 39.1952553486445], [-106.495450452227, 39.1952568348744], [-106.495456182021, 39.195527074207], [-106.495340417719, 39.1955285603361], [-106.495348056974, 39.1958888794446], [-106.495232292072, 39.1958903654777], [-106.495236111455, 39.1960705250325], [-106.49512034625, 39.1960720109602], [-106.495126074946, 39.1963422502956], [-106.495010309288, 39.1963437361224], [-106.495016037618, 39.1966139754588], [-106.494900271509, 39.1966154611849], [-106.494904090143, 39.1967956207446], [-106.49478832373, 39.1967971063652], [-106.494792142103, 39.1969772659284], [-106.494676375385, 39.1969787514435], [-106.494680193497, 39.1971589110104], [-106.494564426476, 39.1971603964199], [-106.494568244326, 39.1973405559904], [-106.494452477001, 39.1973420412944], [-106.49445629459, 39.1975222008684], [-106.494340526961, 39.197523686067], [-106.49434243562, 39.1976137658565], [-106.494226667835, 39.1976152509449], [-106.494230484884, 39.1977954105289], [-106.494114716795, 39.1977968955118], [-106.494116625185, 39.1978869753063], [-106.494000856939, 39.1978884601789], [-106.494004673449, 39.1980686197731], [-106.493888904899, 39.1980701045402], [-106.493890813019, 39.1981601843398], [-106.493775044313, 39.1981616689966], [-106.493776952294, 39.1982517487994], [-106.493661183431, 39.198253233346], [-106.493663091273, 39.1983433131521], [-106.493547322254, 39.1983447975884], [-106.493549229957, 39.1984348773978], [-106.493664999123, 39.1984333929568], [-106.493666906982, 39.19852347276], [-106.493782676287, 39.1985219881992], [-106.493784584302, 39.1986120679961], [-106.493900353747, 39.1986105833156], [-106.493902261918, 39.1987006631064], [-106.494133801078, 39.198697693391], [-106.494135709553, 39.1987877731708], [-106.494251479267, 39.1987862881359], [-106.494253387899, 39.1988763679095], [-106.494369157753, 39.1988748827548], [-106.494372975337, 39.1990550422881], [-106.494488745478, 39.199053557009], [-106.494490654431, 39.1991436367687], [-106.49460642471, 39.1991421513699], [-106.494610242937, 39.1993223108754], [-106.494726013504, 39.1993208253521], [-106.494745106628, 39.2002216227437], [-106.494629334584, 39.2002231083144], [-106.494644608517, 39.2009437461594], [-106.494528835282, 39.200945231653], [-106.494542199389, 39.2015757897231], [-106.494426425111, 39.2015772751349], [-106.494432152271, 39.2018475142999], [-106.494316377541, 39.2018489996108], [-106.49435646671, 39.2037406734936], [-106.494240688869, 39.203742158789], [-106.494255960743, 39.2044627963255], [-106.494140181711, 39.2044642815438], [-106.494142090586, 39.2045543612339], [-106.494257869766, 39.2045528760109], [-106.494263596886, 39.2048231150583], [-106.494379376501, 39.204821629706], [-106.494383194919, 39.2050017890541], [-106.494267415009, 39.2050032744158], [-106.494271233166, 39.2051834337675], [-106.494155452951, 39.2051849190237], [-106.494157361895, 39.205274998702], [-106.494041581524, 39.205276483848], [-106.494043490328, 39.2053665635296], [-106.493927709801, 39.2053680485653], [-106.49393152714, 39.2055482079335], [-106.493815746309, 39.2055496928637], [-106.493846283885, 39.2069909676732], [-106.493962067081, 39.2069894826674], [-106.493965884727, 39.2071696419825], [-106.49408166821, 39.2071681568522], [-106.494085486186, 39.207348316152], [-106.494201269956, 39.2073468308971], [-106.494205088263, 39.2075269901815], [-106.49432087232, 39.2075255048022], [-106.494322781633, 39.2076155844374], [-106.49443856583, 39.2076140989383], [-106.494442384778, 39.2077942581949], [-106.494558169262, 39.2077927725713], [-106.49456198854, 39.2079729318126], [-106.494677773311, 39.2079714460644], [-106.494679683111, 39.2080615256781], [-106.49479546802, 39.2080600398102], [-106.494799287941, 39.2082401990236], [-106.494915073138, 39.2082387130313], [-106.494916983259, 39.208328792631], [-106.495032768595, 39.2083273065189], [-106.495036589159, 39.2085074657045], [-106.495152374782, 39.2085059794678], [-106.495160016604, 39.2088662978025], [-106.495044230389, 39.2088677840581], [-106.495048051056, 39.2090479432261], [-106.494932264538, 39.2090494293761], [-106.494937995158, 39.2093196681312], [-106.494822208188, 39.2093211541805], [-106.494835578901, 39.2099517112572], [-106.494951366906, 39.2099502251748], [-106.49496855977, 39.2107609412674], [-106.494852770434, 39.2107624273925], [-106.494858501099, 39.2110326660777], [-106.494742711312, 39.211034152102], [-106.494750351727, 39.2113944703473], [-106.49463456134, 39.2113959562755], [-106.494642201301, 39.2117562745161], [-106.494526410313, 39.2117577603482], [-106.494532139931, 39.2120279990274], [-106.494416348491, 39.2120294847586], [-106.494422077742, 39.2122997234388], [-106.49430628585, 39.2123012090692], [-106.494310105098, 39.2124813681914], [-106.494194312902, 39.2124828537163], [-106.494196222391, 39.2125729332799], [-106.494080430039, 39.2125744186945], [-106.494084248746, 39.2127545778268], [-106.49396845609, 39.2127560631358], [-106.493970365309, 39.2128461427044], [-106.493854572496, 39.2128476279031], [-106.493858390664, 39.2130277870455], [-106.493742597546, 39.2130292721386], [-106.493744506495, 39.2131193517124], [-106.493628713222, 39.2131208366952], [-106.493630622031, 39.2132109162721], [-106.493514828601, 39.2132124011446], [-106.493520554638, 39.2134826398809], [-106.493636348511, 39.2134811549942], [-106.493640166207, 39.2136613141349], [-106.493755960368, 39.2136598291237], [-106.493761687419, 39.2139300678094], [-106.493645892815, 39.2139315528348], [-106.493649710597, 39.2141117119607], [-106.493533915688, 39.2141131968806], [-106.493539641981, 39.2143834355726], [-106.493423846621, 39.2143849203916], [-106.493427663896, 39.2145650795217], [-106.493311868232, 39.2145665642352], [-106.493315685246, 39.2147467233689], [-106.493199889277, 39.2147482079767], [-106.493207522816, 39.2151085262453], [-106.493091726247, 39.215110010757], [-106.493099359332, 39.215470329021], [-106.492983562163, 39.2154718134366], [-106.492998827561, 39.2161924499315], [-106.493114625913, 39.216190965478], [-106.493120351022, 39.2164612041251], [-106.493236149809, 39.2164597195424], [-106.493239966886, 39.2166398786236], [-106.493355765961, 39.2166383939163], [-106.493359583368, 39.2168185529821], [-106.49347538273, 39.2168170681503], [-106.493477291594, 39.2169071476763], [-106.493593091095, 39.2169056627247], [-106.493598818183, 39.2171759012795], [-106.493714618119, 39.2171744161987], [-106.493724164177, 39.2176248137369], [-106.493839964844, 39.2176233285173], [-106.493857149619, 39.2184340439506], [-106.493972951608, 39.2184325585732], [-106.494005416144, 39.2199639095407], [-106.493773807129, 39.2199668803412], [-106.493775716589, 39.2200569598061], [-106.493544107244, 39.2200599301559], [-106.493546016417, 39.2201500096288], [-106.493430211583, 39.2201514946358], [-106.493432120617, 39.2202415741119], [-106.493316315627, 39.2202430590085], [-106.493318224521, 39.2203331384879], [-106.493202419375, 39.2203346232742], [-106.49320432813, 39.2204247027569], [-106.493088522827, 39.2204261874329], [-106.493090431442, 39.2205162669188], [-106.492511404062, 39.2205236885962], [-106.492513311946, 39.2206137681043], [-106.492050089297, 39.2206197033938], [-106.492051996598, 39.2207097829194], [-106.491820384926, 39.2207127498831], [-106.49182229194, 39.2208028294166], [-106.491706485943, 39.2208043127306], [-106.491714113493, 39.2211646308689], [-106.491829920081, 39.221163147536], [-106.491833734203, 39.2213433065869], [-106.491949541079, 39.2213418231294], [-106.491953355531, 39.2215219821649], [-106.492069162694, 39.2215204985829], [-106.492076792292, 39.2218808166173], [-106.491613561222, 39.2218867503304], [-106.491615468052, 39.2219768298543], [-106.491499660115, 39.2219783129996], [-106.491501566805, 39.2220683925266], [-106.491385758712, 39.2220698755616], [-106.491389571822, 39.2222500346208], [-106.491273763424, 39.2222515175501], [-106.491279482709, 39.222521756142], [-106.491163673859, 39.2225232389705], [-106.4911712991, 39.2228835570913], [-106.491287108542, 39.2228820742439], [-106.491292828006, 39.2231523128048], [-106.491408637883, 39.2231508298282], [-106.491412451197, 39.223330988852], [-106.491528261361, 39.2233295057508], [-106.491532075006, 39.2235096647592], [-106.491647885457, 39.2235081815335], [-106.49164979244, 39.2235982610308], [-106.491765603031, 39.2235967776853], [-106.49176751017, 39.2236868571763], [-106.4918833209, 39.223685373711], [-106.491887135501, 39.2238655326792], [-106.492002946518, 39.2238640490893], [-106.492004853979, 39.2239541285665], [-106.492120665136, 39.2239526448568], [-106.492128295657, 39.2243129627318], [-106.492244107397, 39.2243114788881], [-106.492249830822, 39.2245817172647], [-106.492365642997, 39.2245802332917], [-106.492371366942, 39.2248504716408], [-106.492487179553, 39.2248489875385], [-106.492490995855, 39.2250291464211], [-106.492375182949, 39.2250306305328], [-106.492386631173, 39.2255711071736], [-106.492270817371, 39.2255725911987], [-106.492276541155, 39.2258428295133], [-106.4921607269, 39.2258443134375], [-106.492162634698, 39.2259343928775], [-106.492046820286, 39.2259358766913], [-106.492048727944, 39.2260259561346], [-106.491932913377, 39.226027439838], [-106.491936728422, 39.2262075987296], [-106.49182091355, 39.2262090823274], [-106.491822820937, 39.2262991617757], [-106.491707005909, 39.2263006452631], [-106.491708913157, 39.2263907247147], [-106.491477282778, 39.2263936913537], [-106.491479189739, 39.2264837708132], [-106.491363374389, 39.2264852539648], [-106.49136528121, 39.2265753334276], [-106.491249465704, 39.2265768164688], [-106.491251372386, 39.2266668959349], [-106.491019741051, 39.2266698616815], [-106.491021647446, 39.2267599411555], [-106.490790015781, 39.2267629064512], [-106.490791921888, 39.2268529859332], [-106.490676105895, 39.2268544684131], [-106.490678011863, 39.2269445478983], [-106.490446379555, 39.2269475125223], [-106.490448285236, 39.2270375920155], [-106.490332468921, 39.2270390741596], [-106.490334374462, 39.2271291536561], [-106.490218557991, 39.2271306356897], [-106.490222368803, 39.2273107946877], [-106.490106552027, 39.2273122766158], [-106.490110362578, 39.2274924356173], [-106.489994545498, 39.2274939174397], [-106.489996450638, 39.227583996943], [-106.489880633401, 39.2275854786549], [-106.489882538402, 39.2276755581615], [-106.489766721009, 39.2276770397631], [-106.48977053074, 39.2278571987812], [-106.489654713042, 39.2278586802771], [-106.489660427258, 39.2281289188074], [-106.4897762454, 39.2281274372973], [-106.489778150304, 39.2282175167997], [-106.489893968584, 39.2282160351697], [-106.489895873645, 39.2283061146659], [-106.490127510477, 39.2283031510513], [-106.490129415841, 39.2283932305366], [-106.490361052935, 39.228390266452], [-106.490362958604, 39.2284803459264], [-106.49059459596, 39.2284773813719], [-106.490596501933, 39.2285674608354], [-106.49082813955, 39.228564495811], [-106.490830045828, 39.2286545752636], [-106.491061683707, 39.2286516097693], [-106.49106359029, 39.2287416892109], [-106.49129522843, 39.2287387232468], [-106.491297135318, 39.2288288026774], [-106.49152877372, 39.2288258362434], [-106.491530680911, 39.2289159156631], [-106.491762319575, 39.2289129487592], [-106.491764227072, 39.229003028168], [-106.491995865997, 39.2290000607942], [-106.491997773798, 39.229090140192], [-106.492229412985, 39.2290871723483], [-106.49223132109, 39.2291772517352], [-106.492347140819, 39.2291757676359], [-106.492349049081, 39.2292658470166], [-106.492580688809, 39.2292628784633], [-106.492582597375, 39.229352957833], [-106.492814237364, 39.2293499888098], [-106.492816146235, 39.2294400681686], [-106.493047786486, 39.2294370986754], [-106.493049695661, 39.2295271780233], [-106.493165515922, 39.2295256930993], [-106.493167425254, 39.229615772441], [-106.493283245654, 39.2296142873972], [-106.493287064639, 39.2297944460666], [-106.493402885326, 39.2297929608982], [-106.493404794979, 39.2298830402259], [-106.493520615806, 39.2298815549377], [-106.493526345261, 39.2301517928979], [-106.493642166523, 39.2301503074803], [-106.493645986499, 39.2303304661036], [-106.493761808048, 39.2303289805614], [-106.493767538519, 39.2305992184711], [-106.493883360504, 39.2305977327996], [-106.493885270827, 39.2306878120951], [-106.494001092951, 39.2306863263038], [-106.494004913917, 39.230866484881], [-106.494120736329, 39.230864998965], [-106.494124557625, 39.2310451575268], [-106.494240380324, 39.2310436714863], [-106.49424420195, 39.2312238300327], [-106.494360024937, 39.2312223438676], [-106.494365757884, 39.2314925816619], [-106.494481581307, 39.2314910953674], [-106.49448540361, 39.2316712538801], [-106.49460122732, 39.231669767461], [-106.494605049954, 39.2318499259584], [-106.494720873951, 39.2318484394147], [-106.494722785429, 39.2319385186564], [-106.494838609565, 39.2319370319929], [-106.494840521199, 39.2320271112284], [-106.495187994001, 39.2320226505328], [-106.495189906088, 39.2321127297526], [-106.496000676693, 39.2321023174004], [-106.496002589825, 39.2321923965855], [-106.496350063257, 39.2321879324078], [-106.496351976841, 39.2322780115772], [-106.496467801449, 39.232276523283], [-106.496469715189, 39.2323666024462], [-106.496701364676, 39.2323636255029], [-106.496703278721, 39.2324537046551], [-106.496819103599, 39.232452216006], [-106.496821017801, 39.232542295152], [-106.497052667828, 39.2325393174989], [-106.497054582334, 39.232629396634], [-106.497170407483, 39.23262790763], [-106.497172322146, 39.2327179867588], [-106.497288147434, 39.232716497635], [-106.497291977081, 39.2328966558787], [-106.497407802656, 39.2328951666302], [-106.497409717641, 39.2329852457451], [-106.497525543356, 39.2329837563768], [-106.497529373646, 39.2331639145926], [-106.497645199649, 39.2331624250997], [-106.497650945593, 39.2334326623981], [-106.497766772031, 39.2334311727758], [-106.497772518496, 39.2337014100467], [-106.497888345369, 39.233699920295], [-106.497894092356, 39.2339701575384], [-106.498009919665, 39.2339686676573], [-106.498015667173, 39.2342389048732], [-106.498131494917, 39.2342374148627], [-106.498135326928, 39.2344175729897], [-106.498251154959, 39.2344160828547], [-106.498253071125, 39.2345061619112], [-106.498368899296, 39.2345046716562], [-106.498372731951, 39.2346848297554], [-106.498488560409, 39.2346833393757], [-106.498492393394, 39.2348634974595], [-106.498608222139, 39.2348620069553], [-106.498610138793, 39.2349520859902], [-106.498725967678, 39.234950595366], [-106.498727884488, 39.2350406743947], [-106.498843713512, 39.2350391836507], [-106.498845630478, 39.2351292626731], [-106.498961459642, 39.2351277718092], [-106.498963376765, 39.2352178508254], [-106.499079206069, 39.2352163598416], [-106.499086875239, 39.2355766758728], [-106.498971045344, 39.2355781668756], [-106.498976796868, 39.2358484038977], [-106.49886096652, 39.2358498947997], [-106.498866717678, 39.2361201318228], [-106.498750886877, 39.2361216226238], [-106.498756637668, 39.2363918596479], [-106.498640806415, 39.2363933503481], [-106.498644640023, 39.2365735083663], [-106.498528808465, 39.2365749989609], [-106.498532641811, 39.2367551569826], [-106.498416809948, 39.2367566474716], [-106.498420643032, 39.236936805497], [-106.498304810865, 39.2369382958803], [-106.498308643688, 39.2371184539092], [-106.498192811216, 39.2371199441869], [-106.498196643777, 39.2373001022195], [-106.498080811001, 39.2373015923915], [-106.498086559462, 39.2375718294435], [-106.498202392683, 39.2375703392573], [-106.49821005801, 39.237930655287], [-106.498325891814, 39.2379291649666], [-106.498329724826, 39.2381093229631], [-106.498213890726, 39.238110813293], [-106.498219639863, 39.238381050291], [-106.498103805311, 39.23838254052], [-106.498132549938, 39.2397337253819], [-106.498016713156, 39.239735215567], [-106.498020545623, 39.239915373533], [-106.497904708536, 39.2399168636125], [-106.497906624635, 39.240006942598], [-106.497790787392, 39.2400084325671], [-106.497794619318, 39.2401885905433], [-106.49767878177, 39.2401900804067], [-106.49768452928, 39.2404603173741], [-106.497568691279, 39.2404618071366], [-106.497572522699, 39.240641965117], [-106.497456684394, 39.2406434547739], [-106.497458599969, 39.2407335337666], [-106.497226923037, 39.2407365127444], [-106.497228838324, 39.2408265917451], [-106.496997161062, 39.2408295702717], [-106.496999076062, 39.2409196492805], [-106.49688323727, 39.2409211383758], [-106.49688515213, 39.2410112173879], [-106.49700099107, 39.2410097282878], [-106.497004821113, 39.241189886298], [-106.49712066034, 39.2411883970732], [-106.497122575523, 39.2412784760714], [-106.49723841489, 39.2412769867267], [-106.497240330229, 39.2413670657186], [-106.497472009233, 39.2413640866744], [-106.497473924877, 39.2414541656553], [-106.497589764514, 39.2414526759557], [-106.497593596123, 39.2416328339036], [-106.497709436048, 39.2416313440793], [-106.497720931969, 39.2421718178592], [-106.497605091156, 39.242173307712], [-106.497612754683, 39.2425336235547], [-106.497496913269, 39.2425351133113], [-106.497498829024, 39.242625192273], [-106.497504576341, 39.2428954291494], [-106.497388734326, 39.2428969188098], [-106.497390649967, 39.2429869977704], [-106.497274807795, 39.2429884873204], [-106.497276723297, 39.2430785662843], [-106.497160880969, 39.2430800557239], [-106.497162796331, 39.243170134691], [-106.497046953846, 39.2431716240202], [-106.497048869069, 39.2432617029906], [-106.496817183778, 39.243264681313], [-106.496819098713, 39.2433547602914], [-106.496703255906, 39.2433562492846], [-106.496705170702, 39.2434463282663], [-106.496589327739, 39.243447817149], [-106.496591242395, 39.243537896134], [-106.496359556146, 39.2435408735635], [-106.496361470515, 39.2436309525565], [-106.49624562723, 39.2436324411032], [-106.496247541459, 39.2437225200995], [-106.496131698017, 39.2437240085358], [-106.496133612107, 39.2438140875353], [-106.495901924901, 39.2438170640719], [-106.495903838703, 39.2439071430795], [-106.495787994939, 39.2439086311797], [-106.495789908602, 39.2439987101906], [-106.495558220752, 39.2440016860551], [-106.495560134128, 39.2440917650739], [-106.495444290042, 39.2440932528382], [-106.495446203278, 39.2441833318603], [-106.495330359035, 39.2441848195141], [-106.495332272132, 39.2442748985395], [-106.495216427732, 39.2442763860829], [-106.495218340689, 39.2443664651115], [-106.494986651569, 39.2443694398623], [-106.494988564238, 39.2444595188989], [-106.494872719517, 39.2444610061063], [-106.494874632047, 39.2445510851462], [-106.494758787169, 39.2445525722431], [-106.49476069956, 39.2446426512863], [-106.494644854525, 39.2446441382728], [-106.494646766776, 39.2447342173192], [-106.494415076386, 39.2447371909562], [-106.494416988349, 39.2448272700106], [-106.494301142993, 39.2448287566611], [-106.494303054816, 39.2449188357188], [-106.494187209303, 39.2449203222588], [-106.494189120988, 39.2450104013198], [-106.494073275318, 39.2450118877494], [-106.494075186863, 39.2451019668136], [-106.493727649359, 39.2451064254256], [-106.493729560468, 39.2451965045025], [-106.493497868459, 39.2451994763441], [-106.493499779281, 39.2452895554291], [-106.493268086942, 39.2452925268194], [-106.493269997475, 39.2453826059123], [-106.493154151145, 39.2453840914395], [-106.493156061539, 39.2454741705357], [-106.493040215052, 39.2454756559524], [-106.493042125307, 39.2455657350518], [-106.492926278663, 39.2455672203581], [-106.492928188779, 39.2456572994609], [-106.492812341978, 39.2456587846567], [-106.492814251954, 39.2457488637627], [-106.492698404997, 39.245750348848], [-106.492702224678, 39.2459305070651], [-106.492586377416, 39.2459319920447], [-106.492588287122, 39.2460220711558], [-106.492472439703, 39.246023556025], [-106.492474349269, 39.2461136351393], [-106.492358501694, 39.246115119898], [-106.49236041112, 39.2462051990156], [-106.492244563388, 39.2462066836639], [-106.492246472675, 39.2462967627847], [-106.492130624787, 39.2462982473226], [-106.492132533934, 39.2463883264467], [-106.492016685889, 39.2463898108741], [-106.492018594896, 39.2464798900014], [-106.491902746695, 39.2464813743184], [-106.491904655563, 39.246571453449], [-106.491788807205, 39.2465729376555], [-106.491790715933, 39.2466630167893], [-106.491674867418, 39.2466645008854], [-106.491676776007, 39.2467545800225], [-106.491560927336, 39.2467560640081], [-106.491562835785, 39.2468461431485], [-106.49133113812, 39.2468491107836], [-106.491333046282, 39.246939189932], [-106.491217197289, 39.2469406735815], [-106.491219105311, 39.2470307527331], [-106.491103256161, 39.2470322362721], [-106.491105164043, 39.247122315427], [-106.490989314737, 39.2471237988556], [-106.490993130232, 39.2473039571704], [-106.49087728062, 39.2473054404933], [-106.490879188232, 39.2473955196532], [-106.490763338464, 39.2473970028656], [-106.490765245937, 39.2474870820287], [-106.490649396012, 39.2474885651307], [-106.490651303345, 39.2475786442971], [-106.490535453264, 39.2475801272886], [-106.490537360457, 39.2476702064583], [-106.490421510219, 39.2476716893393], [-106.490423417273, 39.2477617685122], [-106.490307566879, 39.2477632512828], [-106.490309473793, 39.247853330459], [-106.490193623242, 39.2478548131191], [-106.490195530016, 39.2479448922985], [-106.490079679308, 39.2479463748482], [-106.490081585944, 39.2480364540308], [-106.489734033324, 39.2480409010029], [-106.489735939524, 39.2481309801983], [-106.489504237439, 39.2481339442798], [-106.48950614335, 39.2482240234831], [-106.489274440935, 39.2482269871134], [-106.489276346559, 39.2483170663247], [-106.489044643813, 39.2483200295036], [-106.489046549149, 39.2484101087229], [-106.488930697616, 39.2484115901443], [-106.488932602812, 39.2485016693668], [-106.488816751122, 39.2485031506777], [-106.488818656179, 39.2485932299035], [-106.488586952476, 39.2485961921893], [-106.488588857246, 39.248686271423], [-106.488473005234, 39.2486877523978], [-106.488476814502, 39.2488679108703], [-106.488360962185, 39.2488693917394], [-106.488364771192, 39.2490495502154], [-106.48824891857, 39.2490510309787], [-106.4882546317, 39.2493212686959], [-106.488138778625, 39.2493227493582], [-106.488148299938, 39.2497731455476], [-106.488032446114, 39.2497746261183], [-106.488036254403, 39.2499547845931], [-106.487920400274, 39.249956265058], [-106.487924208301, 39.2501364235365], [-106.487808353867, 39.2501379038956], [-106.487810257745, 39.2502279831374], [-106.487694403155, 39.250229463386], [-106.487703921933, 39.2506798595961], [-106.487588066594, 39.2506813397532], [-106.487591873868, 39.2508614982363], [-106.487476018224, 39.2508629782876], [-106.487479825236, 39.2510431367743], [-106.487363969288, 39.2510446167198], [-106.487369679426, 39.2513148544529], [-106.487253823024, 39.2513163342975], [-106.487255726272, 39.2514064135436], [-106.487139869714, 39.2514078932776], [-106.48714367594, 39.2515880517749], [-106.487027819077, 39.2515895314031], [-106.487029722054, 39.2516796106543], [-106.486913865035, 39.2516810901721], [-106.486919573574, 39.2519513279308], [-106.486803716102, 39.2519528073475], [-106.486811327015, 39.2523131243574], [-106.486695468941, 39.2523146036777], [-106.486697371543, 39.2524046829312], [-106.486581513312, 39.2524061621411], [-106.486583415774, 39.2524962413979], [-106.486467557387, 39.2524977204972], [-106.486469459709, 39.2525877997572], [-106.486353601165, 39.2525892787461], [-106.486357405539, 39.2527694372711], [-106.48624154669, 39.2527709161542], [-106.486249154948, 39.2531312332053], [-106.486365014389, 39.2531297543033], [-106.486380232499, 39.253850388297], [-106.486264371872, 39.2538518672367], [-106.486266274026, 39.253941946484], [-106.486150413243, 39.2539434253132], [-106.486152315258, 39.2540335045637], [-106.486036454318, 39.2540349832824], [-106.486038356193, 39.2541250625362], [-106.485922495096, 39.2541265411444], [-106.485924396831, 39.2542166204014], [-106.485692674316, 39.2542195772815], [-106.485694575764, 39.2543096565465], [-106.485578714345, 39.2543111348185], [-106.485580615653, 39.2544012140866], [-106.485233030903, 39.2544056482254], [-106.485234931774, 39.2544957275063], [-106.485119070026, 39.2544972053268], [-106.485120970758, 39.2545872846109], [-106.484889246939, 39.2545902399158], [-106.484891147383, 39.2546803192078], [-106.484775285312, 39.2546817966921], [-106.484777185617, 39.2547718759874], [-106.484545461154, 39.2547748306198], [-106.484547361171, 39.254864909923], [-106.484315636378, 39.254867864104], [-106.484317536107, 39.2549579434151], [-106.484085810983, 39.2549608971446], [-106.484087710424, 39.2550509764637], [-106.483276671186, 39.2550613109205], [-106.483278569599, 39.2551513902711], [-106.483162706668, 39.2551528661659], [-106.483168401513, 39.2554231042229], [-106.483052538129, 39.2554245800166], [-106.483063927159, 39.255965056119], [-106.482948062878, 39.2559665318257], [-106.482967043795, 39.2568673252588], [-106.483082909557, 39.2568658495051], [-106.483103791178, 39.2578567220595], [-106.482987923785, 39.257858197865], [-106.482991720258, 39.2580383565015], [-106.48287585256, 39.2580398322011], [-106.482877750661, 39.2581299115219], [-106.482761882807, 39.258131387111], [-106.482765678738, 39.2583115457575], [-106.482649810579, 39.2583130212408], [-106.482651708409, 39.2584031005666], [-106.482535840093, 39.2584045759394], [-106.482537737783, 39.2584946552683], [-106.482421869311, 39.2584961305306], [-106.482423766862, 39.2585862098628], [-106.482192029595, 39.258589160051], [-106.482193926858, 39.2586792393911], [-106.482078058063, 39.2586807143171], [-106.482079955187, 39.2587707936604], [-106.481848217276, 39.2587737431761], [-106.481850114111, 39.2588638225274], [-106.481734244995, 39.258865297117], [-106.481736141691, 39.2589553764715], [-106.481620272418, 39.2589568509507], [-106.481622168974, 39.2590469303084], [-106.481390430106, 39.2590498789304], [-106.481392326374, 39.259139958296], [-106.48127645678, 39.2591414324389], [-106.481278352908, 39.2592315118077], [-106.481162483156, 39.25923298584], [-106.481166275142, 39.2594131445827], [-106.481050405086, 39.2594146185092], [-106.481059884458, 39.2598650153637], [-106.481175755256, 39.2598635414137], [-106.481181443426, 39.2601337794946], [-106.481297314659, 39.2601323054154], [-106.481299210881, 39.260222384768], [-106.481415082254, 39.2602209105688], [-106.481416978632, 39.2603109899153], [-106.481648721649, 39.2603080411617], [-106.481650618333, 39.2603981204973], [-106.481766489977, 39.2603966459429], [-106.481768386817, 39.2604867252724], [-106.4818842586, 39.2604852505981], [-106.481886155597, 39.2605753299213], [-106.482002027521, 39.2605738551271], [-106.482003924674, 39.2606639344442], [-106.482119796737, 39.26066245953], [-106.482121694047, 39.2607525388409], [-106.48223756625, 39.2607510638068], [-106.482239463717, 39.2608411431115], [-106.48235533606, 39.2608396679575], [-106.482357233683, 39.260929747256], [-106.482473106165, 39.260928271982], [-106.482475003946, 39.2610183512744], [-106.482590876567, 39.2610168758804], [-106.48259467245, 39.2611970344513], [-106.48271054536, 39.2611955589327], [-106.482712443462, 39.2612856382113], [-106.482828316512, 39.2612841625727], [-106.482832113038, 39.261464321116], [-106.482947986375, 39.2614628453528], [-106.482953681674, 39.2617330831425], [-106.483069555447, 39.2617316072499], [-106.483080947163, 39.2622720827613], [-106.483196821817, 39.2622706067252], [-106.483215810173, 39.2631713990792], [-106.483099934036, 39.2631728751623], [-106.483109427792, 39.2636232713075], [-106.48322530467, 39.2636217952009], [-106.483236698347, 39.2641622704982], [-106.483352576105, 39.2641607942481], [-106.483360172654, 39.2645211110647], [-106.483476050996, 39.2645196346805], [-106.483479849618, 39.2646997930705], [-106.483595728248, 39.2646983165617], [-106.4835995272, 39.2648784749364], [-106.483715406119, 39.2648769983028], [-106.483717305756, 39.2649670774833], [-106.483833184814, 39.2649656007298], [-106.48383698441, 39.2651457590768], [-106.483952863756, 39.2651442821987], [-106.483956663683, 39.2653244405304], [-106.484072543317, 39.2653229635275], [-106.484080143866, 39.2656832801545], [-106.484196024084, 39.2656818030175], [-106.484197924391, 39.2657718821659], [-106.484082044024, 39.2657733593075], [-106.484089644743, 39.266133675905], [-106.483973763775, 39.2661351529502], [-106.483979463959, 39.2664053903969], [-106.483863582537, 39.266406867341], [-106.483869282353, 39.2666771047886], [-106.483753400479, 39.2666785816315], [-106.483760999759, 39.2670388982265], [-106.483645117283, 39.267040374973], [-106.483654615835, 39.267490770707], [-106.483538732609, 39.2674922473618], [-106.483550130262, 39.2680327222223], [-106.483434246138, 39.26803419879], [-106.483472237565, 39.2698357813689], [-106.483588124654, 39.269834304707], [-106.483601423496, 39.2704648584373], [-106.483717311614, 39.2704633816271], [-106.483728711844, 39.2710038561674], [-106.483844600843, 39.2710023792137], [-106.483856002269, 39.2715428536726], [-106.48374011238, 39.2715443306545], [-106.483745812763, 39.2718145678782], [-106.48362992242, 39.2718160447589], [-106.483631822417, 39.2719061238352], [-106.483515931917, 39.2719076006054], [-106.483517831774, 39.2719976796849], [-106.483401941118, 39.2719991563445], [-106.483403840834, 39.2720892354273], [-106.483287950021, 39.2720907119762], [-106.483289849599, 39.2721807910622], [-106.483173958629, 39.2721822675007], [-106.483175858066, 39.2722723465899], [-106.48305996694, 39.2722738229177], [-106.483063765543, 39.2724539811012], [-106.482947874112, 39.2724554573231], [-106.482949773278, 39.2725455364174], [-106.483065664858, 39.2725440601907], [-106.483067564181, 39.2726341392788], [-106.483183455901, 39.2726326629321], [-106.483185355381, 39.272722742014], [-106.484460165367, 39.2727064945398], [-106.484462066487, 39.2727965735684], [-106.484925634092, 39.2727906619184], [-106.484927535813, 39.2728807409267], [-106.485970563761, 39.2728674329273], [-106.485972466825, 39.2729575118917], [-106.486667819296, 39.2729486346758], [-106.486669723258, 39.2730387136104], [-106.488176321152, 39.2730194653427], [-106.488178227051, 39.2731095442145], [-106.488641795936, 39.2731036177318], [-106.488639889444, 39.2730135388789], [-106.489451133626, 39.2730031631285], [-106.489453041156, 39.2730932419484], [-106.489800717551, 39.2730887934546], [-106.489802625534, 39.2731788722588], [-106.490034410051, 39.2731759060104], [-106.49003631834, 39.2732659848037], [-106.490152210734, 39.2732645015018], [-106.490154119179, 39.2733545802889], [-106.490270011713, 39.273353096867], [-106.490271920315, 39.2734431756478], [-106.490387812989, 39.2734416921059], [-106.490389721748, 39.2735317708806], [-106.490505614561, 39.2735302872186], [-106.490507523477, 39.273620365987], [-106.49062341643, 39.2736188822051], [-106.490625325503, 39.2737089609673], [-106.490741218595, 39.2737074770654], [-106.490743127825, 39.2737975558214], [-106.490859021058, 39.2737960717994], [-106.490860930444, 39.2738861505492], [-106.490976823816, 39.2738846664072], [-106.490980642912, 39.2740648238929], [-106.491096536572, 39.2740633396262], [-106.491107994954, 39.2746038120195], [-106.491223889495, 39.2746023276091], [-106.491227709321, 39.2747824850523], [-106.49134360415, 39.2747810005171], [-106.491347424307, 39.2749611579449], [-106.491463319424, 39.2749596732849], [-106.491465229664, 39.2750497519918], [-106.491581124921, 39.2750482672118], [-106.491583035317, 39.2751383459126], [-106.491698930714, 39.2751368610126], [-106.491700841267, 39.2752269397071], [-106.491816736804, 39.275225454687], [-106.491818647514, 39.2753155333754], [-106.49193454319, 39.2753140482353], [-106.491936454057, 39.2754041269174], [-106.492052349873, 39.2754026416573], [-106.492056171929, 39.2755827990076], [-106.492172068033, 39.2755813136227], [-106.492173979223, 39.275671392291], [-106.492289875466, 39.275669906786], [-106.492291786813, 39.2757599854481], [-106.492407683196, 39.2757584998231], [-106.492411506211, 39.2759386571332], [-106.492527402882, 39.2759371713835], [-106.492529314551, 39.2760272500316], [-106.492645211362, 39.2760257641618], [-106.492649035021, 39.2762059214442], [-106.492764932121, 39.2762044354496], [-106.492768756111, 39.2763845927166], [-106.492884653498, 39.2763831065972], [-106.492890389993, 39.2766533424724], [-106.493006287817, 39.2766518562235], [-106.493019674309, 39.2772824065142], [-106.493135573162, 39.2772809201168], [-106.493139398248, 39.2774610773199], [-106.49325529739, 39.2774595907978], [-106.493259122806, 39.2776397479856], [-106.493375022236, 39.2776382613387], [-106.493378847984, 39.2778184185111], [-106.493494747701, 39.2778169317394], [-106.493496660736, 39.2779070103186], [-106.493612560594, 39.2779055234269], [-106.493614473786, 39.2779956019999], [-106.493846273771, 39.2779926278611], [-106.493848187269, 39.2780827064231], [-106.494079987517, 39.2780797318135], [-106.494081901319, 39.2781698103646], [-106.494313701829, 39.2781668352843], [-106.494315615937, 39.2782569138244], [-106.49454741671, 39.2782539382734], [-106.494549331123, 39.2783440168026], [-106.494781132158, 39.2783410407808], [-106.494783046876, 39.278431119299], [-106.495014848173, 39.2784281428065], [-106.495016763196, 39.2785182213138], [-106.49513266398, 39.2785167328898], [-106.495134579161, 39.2786068113908], [-106.495366381, 39.2786038341875], [-106.495368296485, 39.2786939126775], [-106.495600098587, 39.2786909350034], [-106.495602014377, 39.2787810134826], [-106.496297421365, 39.2787720776642], [-106.496299338055, 39.2788621561134], [-106.496647041878, 39.2788576866333], [-106.496648959021, 39.2789477650667], [-106.496764860426, 39.2789462750046], [-106.496766777726, 39.2790363534318], [-106.496998580808, 39.2790333729522], [-106.497000498413, 39.2791234513684], [-106.497232301757, 39.279120470418], [-106.497234219667, 39.2792105488233], [-106.497581925064, 39.2792060765186], [-106.497583843428, 39.2792961549081], [-106.498279254879, 39.2792872071568], [-106.498281174141, 39.2793772855163], [-106.498628880196, 39.2793728100696], [-106.498630799912, 39.2794628884134], [-106.498746702061, 39.2794613963624], [-106.498750541816, 39.2796415530361], [-106.498866444253, 39.2796400608603], [-106.498876044532, 39.2800904524947], [-106.498991947703, 39.2800889601798], [-106.498997708418, 39.2803591951285], [-106.499113612025, 39.2803577026841], [-106.499119373264, 39.2806279376051], [-106.499235277307, 39.2806264450311], [-106.499239118472, 39.2808066016283], [-106.499355022803, 39.2808051089294], [-106.4993588643, 39.2809852655112], [-106.499474768919, 39.2809837726874], [-106.499478610747, 39.2811639292537], [-106.499594515654, 39.2811624363052], [-106.499598357813, 39.2813425928561], [-106.499714263008, 39.2813410997827], [-106.499716184249, 39.2814311780512], [-106.499832089584, 39.2814296848576], [-106.499835932388, 39.2816098413807], [-106.499951838011, 39.2816083480623], [-106.499953759574, 39.2816984263169], [-106.500417382575, 39.2816924518713], [-106.50041930474, 39.2817825301053], [-106.500535210617, 39.2817810362008], [-106.500537132939, 39.2818711144286], [-106.500653038956, 39.281869620404], [-106.500656883922, 39.2820497768456], [-106.500772790227, 39.2820482826962], [-106.500776635525, 39.2822284391224], [-106.500892542118, 39.2822269448481], [-106.500896387747, 39.2824071012588], [-106.501012294628, 39.2824056068597], [-106.501016140589, 39.282585763255], [-106.501132047758, 39.2825842687311], [-106.501133970899, 39.2826743469217], [-106.501249878208, 39.2826728522777], [-106.501251801506, 39.2827629304621], [-106.501367708955, 39.2827614356979], [-106.50136963241, 39.2828515138761], [-106.501485539998, 39.2828500189919], [-106.501487463611, 39.2829400971638], [-106.501719279058, 39.2829371070398], [-106.501721202976, 39.2830271852008], [-106.501837110835, 39.283025689961], [-106.50183903491, 39.2831157681157], [-106.501954942908, 39.2831142727558], [-106.50195686714, 39.2832043509043], [-106.502072775279, 39.2832028554243], [-106.502074699667, 39.2832929335666], [-106.502190607946, 39.2832914379665], [-106.502192532491, 39.2833815161025], [-106.502308440909, 39.2833800203823], [-106.502310365612, 39.283470098512], [-106.50242627417, 39.2834686026718], [-106.502428199029, 39.2835586807953], [-106.502544107727, 39.2835571848349], [-106.502546032743, 39.2836472629522], [-106.502661941581, 39.2836457668717], [-106.502665791937, 39.2838259230922], [-106.502781701062, 39.2838244268869], [-106.502785551749, 39.284004583092], [-106.502901461163, 39.2840030867618], [-106.502903386668, 39.2840931648573], [-106.503019296221, 39.284091668407], [-106.503021221883, 39.2841817464963], [-106.503137131575, 39.2841802499259], [-106.503139057394, 39.284270328009], [-106.503254967227, 39.2842688313185], [-106.503256893203, 39.2843589093953], [-106.503372803175, 39.2843574125846], [-106.503374729308, 39.2844474906552], [-106.50349063942, 39.2844459937245], [-106.50349256571, 39.2845360717888], [-106.503608475962, 39.284534574738], [-106.503610402409, 39.284624652796], [-106.5037263128, 39.2846231556251], [-106.503728239404, 39.2847132336769], [-106.503844149935, 39.2847117363859], [-106.503848003466, 39.2848918924756], [-106.503963914285, 39.2848903950597], [-106.503971622044, 39.2852507072022], [-106.504087533448, 39.2852492096518], [-106.504097169082, 39.2856995997728], [-106.50421308122, 39.2856981020833], [-106.504226572509, 39.2863286481573], [-106.504110659333, 39.2863301458802], [-106.504122222743, 39.2868706139147], [-106.504238136809, 39.2868691161631], [-106.504241991645, 39.2870492721532], [-106.504357905999, 39.2870477742767], [-106.504365616368, 39.2874080862201], [-106.50424970142, 39.2874095841157], [-106.504253556359, 39.2875897400881], [-106.504137641105, 39.2875912378779], [-106.50413956844, 39.2876813158667], [-106.504023653029, 39.2876828135459], [-106.504025580224, 39.287772891538], [-106.503909664656, 39.2877743891066], [-106.503913518774, 39.2879545450958], [-106.503797602901, 39.2879560425587], [-106.503801456757, 39.2881361985515], [-106.503685540579, 39.2881376959086], [-106.503689394173, 39.2883178519051], [-106.503573477689, 39.2883193491563], [-106.50357733102, 39.2884995051565], [-106.503461414231, 39.2885010023019], [-106.503463340761, 39.2885910803045], [-106.503347423815, 39.2885925773394], [-106.503351276605, 39.2887727333497], [-106.503235359353, 39.2887742302788], [-106.50323921188, 39.2889543862927], [-106.503123294323, 39.288955883116], [-106.503125220451, 39.2890459611255], [-106.503009302737, 39.2890474578382], [-106.503015080729, 39.2893176918723], [-106.50289916256, 39.2893191884839], [-106.502904940184, 39.289589422519], [-106.502789021562, 39.2895909190295], [-106.502808279386, 39.2904916990983], [-106.502924199492, 39.2904902025401], [-106.50293382947, 39.2909405924952], [-106.503049750309, 39.2909390957978], [-106.50305745504, 39.2912994077162], [-106.503173376465, 39.2912979108843], [-106.503179155549, 39.2915681447933], [-106.50329507741, 39.2915666478318], [-106.50331048987, 39.292287271486], [-106.503426412909, 39.2922857743709], [-106.503490000046, 39.295258345788], [-106.503374072108, 39.2952598430606], [-106.503377925879, 39.2954399988619], [-106.503261997635, 39.2954414960286], [-106.503267777912, 39.2957117297338], [-106.503151849214, 39.2957132267995], [-106.503157629123, 39.2959834605057], [-106.503041699971, 39.2959849574703], [-106.503043626476, 39.2960750353742], [-106.502927697167, 39.2960765322282], [-106.502931549906, 39.2962566880411], [-106.502815620292, 39.2962581847893], [-106.502819472769, 39.2964383406058], [-106.502703542849, 39.2964398372481], [-106.50271317345, 39.2968902267874], [-106.502829104112, 39.2968887301212], [-106.502840662009, 39.297429197491], [-106.502724730456, 39.2974306941858], [-106.5027324353, 39.2977910057553], [-106.502616503144, 39.2977925023537], [-106.502622281422, 39.2980627360296], [-106.502506348813, 39.298064232527], [-106.502512126723, 39.2983344662038], [-106.502396193659, 39.2983359626001], [-106.502398119498, 39.2984260404942], [-106.502282186277, 39.2984275367799], [-106.502284111976, 39.2985176146773], [-106.502168178598, 39.2985191108524], [-106.502172029726, 39.2986992666523], [-106.502056096042, 39.2987007627215], [-106.50205802147, 39.298790840624], [-106.501710219922, 39.2987953281535], [-106.501717919939, 39.299155639806], [-106.501601985479, 39.2991571354374], [-106.501613534872, 39.2996976029004], [-106.501497599512, 39.299699098445], [-106.501501449082, 39.2998792542638], [-106.501385513416, 39.2998807497026], [-106.501387438065, 39.2999708276144], [-106.501271502243, 39.2999723229426], [-106.501273426752, 39.3000624008578], [-106.501041554784, 39.3000653911775], [-106.501043479005, 39.3001554691007], [-106.50092754286, 39.3001569640922], [-106.500931391031, 39.3003371199438], [-106.50081545458, 39.3003386148294], [-106.50081737853, 39.3004286927577], [-106.500701441922, 39.3004301875327], [-106.500705289551, 39.3006103433945], [-106.500589352637, 39.3006118380636], [-106.500591276316, 39.300701915997], [-106.500475339245, 39.3007034105555], [-106.500479186332, 39.3008835664275], [-106.500363248956, 39.3008850608801], [-106.500369019205, 39.3011552946913], [-106.500253081374, 39.3011567890427], [-106.50025500466, 39.3012468669816], [-106.500139066672, 39.3012483612225], [-106.500140989817, 39.3013384391646], [-106.500025051672, 39.3013399332948], [-106.500026974678, 39.3014300112402], [-106.499795098065, 39.3014329991639], [-106.499797020783, 39.3015230771174], [-106.499565143839, 39.301526064589], [-106.499567066267, 39.3016161425505], [-106.499451127634, 39.301617636118], [-106.499453049923, 39.3017077140828], [-106.499221172333, 39.301710700881], [-106.499223094334, 39.3018007788538], [-106.498991216412, 39.3018037651999], [-106.498993138124, 39.3018938431808], [-106.498761259872, 39.3018968290748], [-106.498763181296, 39.3019869070637], [-106.498299424093, 39.3019928774858], [-106.498301344931, 39.3020829554923], [-106.498069465981, 39.3020859400204], [-106.498071386531, 39.3021760180349], [-106.497723567596, 39.3021804939758], [-106.497725487709, 39.3022705720031], [-106.497493608079, 39.3022735553961], [-106.497495527903, 39.3023636334315], [-106.497263647942, 39.3023666163724], [-106.497265567478, 39.3024566944157], [-106.497033687185, 39.3024596769045], [-106.497035606433, 39.3025497549559], [-106.496919666125, 39.3025512460319], [-106.496921585233, 39.3026413240866], [-106.496689704294, 39.3026443059019], [-106.496691623114, 39.3027343839646], [-106.496459741844, 39.3027373653278], [-106.496461660375, 39.3028274433985], [-106.495881956307, 39.3028348948106], [-106.495883874104, 39.3029249729036], [-106.494956345959, 39.3029368891994], [-106.494958262577, 39.3030269673289], [-106.494262615216, 39.3030358997319], [-106.494264530952, 39.3031259778884], [-106.494148589546, 39.303127466223], [-106.494150505142, 39.3032175443828], [-106.493918622008, 39.3032205207153], [-106.493920537315, 39.303310598883], [-106.493688653851, 39.3033135747634], [-106.493690568869, 39.3034036529391], [-106.493574626975, 39.3034051407109], [-106.493576541854, 39.30349521889], [-106.493460599803, 39.3034967065511], [-106.493462514542, 39.3035867847334], [-106.493346572334, 39.3035882722838], [-106.493348486933, 39.3036783504694], [-106.493232544567, 39.3036798379091], [-106.493234459026, 39.303769916098], [-106.493118516504, 39.3037714034271], [-106.493120430823, 39.3038614816192], [-106.492656660054, 39.3038674298004], [-106.492670056369, 39.3044979772363], [-106.492786000113, 39.304496490331], [-106.49280513992, 39.3053972722095], [-106.492921085141, 39.3053957851413], [-106.492922999318, 39.3054858633163], [-106.493038944679, 39.305484376128], [-106.493040859012, 39.3055744542968], [-106.493156804514, 39.3055729669883], [-106.493158719004, 39.3056630451509], [-106.493274664645, 39.3056615577223], [-106.493276579293, 39.3057516358786], [-106.493392525074, 39.3057501483298], [-106.493394439879, 39.3058402264799], [-106.4935103858, 39.305838738811], [-106.493512300762, 39.3059288169549], [-106.493628246823, 39.3059273291657], [-106.493630161942, 39.3060174073035], [-106.493746108143, 39.3060159193942], [-106.493749938704, 39.3061960756556], [-106.493865885193, 39.3061945876214], [-106.493869716086, 39.3063747438675], [-106.493985662864, 39.3063732557084], [-106.493989494087, 39.3065534119391], [-106.494105441154, 39.3065519236551], [-106.494107356927, 39.3066420017635], [-106.494223304133, 39.3066405133593], [-106.494227136003, 39.3068206695621], [-106.494343083498, 39.306819181033], [-106.494344999594, 39.3069092591275], [-106.494460947229, 39.3069077704782], [-106.494464779744, 39.3070879266533], [-106.494580727667, 39.3070864378791], [-106.494584560514, 39.3072665940387], [-106.494700508725, 39.3072651051396], [-106.49470242531, 39.3073551832125], [-106.494818373662, 39.3073536941932], [-106.494822207154, 39.307533850325], [-106.494938155794, 39.3075323611808], [-106.494940072702, 39.3076224392397], [-106.495056021482, 39.3076209499753], [-106.495057938547, 39.307711028028], [-106.495173887467, 39.3077095386435], [-106.495175804689, 39.30779961669], [-106.495291753749, 39.3077981271852], [-106.495293671128, 39.3078882052255], [-106.495409620328, 39.3078867156006], [-106.495411537864, 39.3079767936346], [-106.495527487204, 39.3079753038895], [-106.495529404897, 39.3080653819174], [-106.495645354377, 39.3080638920521], [-106.495647272227, 39.3081539700737], [-106.495879171458, 39.3081509899873], [-106.495881089614, 39.3082410679979], [-106.496112989108, 39.3082380874403], [-106.49611490757, 39.30832816544], [-106.496462757191, 39.3083236937236], [-106.496464676107, 39.3084137717075], [-106.496928476076, 39.3084078077839], [-106.496930395595, 39.3084978857473], [-106.497162295825, 39.3084949030834], [-106.49716421565, 39.3085849810359], [-106.497396116142, 39.3085819979008], [-106.497398036273, 39.3086720758422], [-106.497513986655, 39.3086705840968], [-106.497515906942, 39.308760662032], [-106.497631857464, 39.3087591701663], [-106.497633777909, 39.3088492480953], [-106.497981629868, 39.3088447717914], [-106.497983550767, 39.3089348497047], [-106.498331403095, 39.3089303723476], [-106.498333324448, 39.3090204502452], [-106.498913078898, 39.3090129856508], [-106.498911156802, 39.3089229077771], [-106.50007066357, 39.3089079699783], [-106.500072587151, 39.3089980478045], [-106.500420439459, 39.3089935641996], [-106.500422363495, 39.30908364201], [-106.500654265288, 39.3090806523533], [-106.500656189629, 39.3091707301527], [-106.501004042699, 39.3091662447876], [-106.501005967495, 39.3092563225713], [-106.501469772061, 39.3092503404494], [-106.50147169746, 39.3093404182124], [-106.501703599988, 39.3093374264493], [-106.501705525692, 39.3094275042014], [-106.502053379866, 39.3094230156767], [-106.502055306025, 39.309513093413], [-106.502287209061, 39.3095101004764], [-106.502289135525, 39.3096001782017], [-106.502636990461, 39.3095956879168], [-106.502638917379, 39.3096857656262], [-106.502870820924, 39.3096827715163], [-106.502872748148, 39.3097728492147], [-106.503104651955, 39.3097698546334], [-106.503106579485, 39.3098599323209], [-106.503338483554, 39.3098569372683], [-106.50334041139, 39.3099470149447], [-106.50345636356, 39.3099455172405], [-106.503458291553, 39.3100355949106], [-106.503690196165, 39.3100325991463], [-106.503692124464, 39.3101226768054], [-106.503808076905, 39.3101211787453], [-106.503810005361, 39.3102112563982], [-106.503925957943, 39.3102097582179], [-106.503927886556, 39.3102998358646], [-106.50415979199, 39.3102968391481], [-106.504161720909, 39.3103869167837], [-106.504277673761, 39.3103854182475], [-106.504279602838, 39.3104754958769], [-106.50439555583, 39.3104739972205], [-106.504399414306, 39.3106541524652], [-106.504515367587, 39.3106526536838], [-106.504519226394, 39.3108328089131], [-106.504635179963, 39.3108313100067], [-106.504637109528, 39.3109213876144], [-106.504753063238, 39.3109198885878], [-106.50475499296, 39.3110099661892], [-106.504870946809, 39.3110084670423], [-106.504874806577, 39.3111886222311], [-106.504990760715, 39.3111871229593], [-106.50499269076, 39.3112772005467], [-106.505108645038, 39.3112757011547], [-106.505112505452, 39.3114558563155], [-106.505228460018, 39.3114543567984], [-106.505230390387, 39.3115444343719], [-106.505346345093, 39.3115429347346], [-106.505348275619, 39.3116330123018], [-106.505464230464, 39.3116315125443], [-106.505466161148, 39.3117215901052], [-106.505582116133, 39.3117200902275], [-106.505584046974, 39.3118101677821], [-106.505700002099, 39.3118086677842], [-106.505703864103, 39.3119888228795], [-106.505819819517, 39.3119873227565], [-106.505825613034, 39.312257555374], [-106.505941568885, 39.3122560551213], [-106.505953157043, 39.3127965202878], [-106.505962814079, 39.3132469078859], [-106.505846856594, 39.3132484081912], [-106.505852650474, 39.3135186407467], [-106.505736692534, 39.3135201409509], [-106.50575021085, 39.3141506835622], [-106.505634251861, 39.3141521836844], [-106.505638114018, 39.3143323387124], [-106.505522154724, 39.3143338387288], [-106.505526016618, 39.3145139937604], [-106.505410057018, 39.3145154936709], [-106.50541391865, 39.3146956487062], [-106.505297958743, 39.3146971485107], [-106.505301820113, 39.3148773035497], [-106.5051858599, 39.3148788032484], [-106.505191651574, 39.3151490358101], [-106.505075690907, 39.3151505354076], [-106.505081482212, 39.3154207679704], [-106.504965521091, 39.3154222674668], [-106.504971312029, 39.3156925000306], [-106.504855350453, 39.3156939994258], [-106.504861141023, 39.3159642319907], [-106.504745178993, 39.3159657312848], [-106.504749039118, 39.3161458863302], [-106.504633076783, 39.3161473855184], [-106.50463886659, 39.3164176180898], [-106.5045229038, 39.3164191171769], [-106.504526763418, 39.3165992722266], [-106.504410800322, 39.3166007712078], [-106.504412729995, 39.3166908487352], [-106.504296766742, 39.3166923476057], [-106.504300625817, 39.3168725026656], [-106.504184662258, 39.3168740014302], [-106.50418659166, 39.3169640789628], [-106.504070627943, 39.3169655776166], [-106.504072557205, 39.3170556551525], [-106.503956593332, 39.3170571536957], [-106.503958522454, 39.3171472312348], [-106.503842558423, 39.3171487296673], [-106.503844487405, 39.3172388072097], [-106.503728523217, 39.3172403055315], [-106.503730452059, 39.3173303830773], [-106.503614487714, 39.3173318812884], [-106.503616416416, 39.3174219588374], [-106.503500451913, 39.3174234569378], [-106.503502380475, 39.3175135344901], [-106.503386415815, 39.3175150324798], [-106.503388344238, 39.3176051100355], [-106.50327237942, 39.3176066079145], [-106.503274307703, 39.3176966854734], [-106.503158342728, 39.3176981832417], [-106.50316027087, 39.3177882608039], [-106.503044305739, 39.3177897584615], [-106.503048161752, 39.3179699135911], [-106.502932196314, 39.3179714111428], [-106.502936052065, 39.318151566276], [-106.502820086322, 39.3181530637217], [-106.502843219769, 39.319233994454], [-106.502959187296, 39.3192324969509], [-106.502970755378, 39.3197729622087], [-106.503086723789, 39.3197714645616], [-106.503092508392, 39.3200416971562], [-106.50320847724, 39.3200401993792], [-106.50321619076, 39.3204005094656], [-106.503332160194, 39.3203990115541], [-106.503339874447, 39.3207593215977], [-106.503455844466, 39.3207578235517], [-106.503461630693, 39.3210280560546], [-106.50357760115, 39.3210265578787], [-106.503585316834, 39.3213868678428], [-106.503701287877, 39.3213853695323], [-106.503707075177, 39.3216556019755], [-106.503591103689, 39.3216571003003], [-106.503600748619, 39.3221074877], [-106.503484776379, 39.3221089859332], [-106.503494420783, 39.3225593733198], [-106.503378447791, 39.3225608714614], [-106.503384234091, 39.32283110389], [-106.503268260644, 39.3228326019303], [-106.503275975237, 39.3231929118335], [-106.503160001187, 39.3231944097775], [-106.503163858238, 39.3233745647297], [-106.503047883882, 39.3233760625678], [-106.503053669078, 39.3236462949994], [-106.502937694267, 39.3236477927363], [-106.50294155081, 39.3238279476928], [-106.502825575694, 39.3238294453237], [-106.502831360127, 39.3240996777618], [-106.502715384556, 39.3241011752916], [-106.502721168621, 39.3243714077307], [-106.502605192595, 39.3243729051592], [-106.502610976292, 39.3246431375994], [-106.502494999812, 39.3246446349267], [-106.502502710934, 39.3250049448454], [-106.502386733851, 39.3250064420763], [-106.502396372205, 39.3254568294651], [-106.502280394369, 39.3254583266044], [-106.502286177039, 39.3257285590343], [-106.502170198749, 39.3257300560724], [-106.502181763431, 39.326270520921], [-106.502297742613, 39.3262690238543], [-106.502299670239, 39.3263591013191], [-106.502415649561, 39.3263576041321], [-106.502419505136, 39.3265377590478], [-106.502535484747, 39.3265362617357], [-106.502541268621, 39.3268064940838], [-106.502657248669, 39.326804996642], [-106.502663033067, 39.3270752289625], [-106.502779013553, 39.3270737313908], [-106.502784798474, 39.3273439636837], [-106.502900779397, 39.3273424659822], [-106.502904636352, 39.3275226208272], [-106.503020617564, 39.3275211230006], [-106.503026403507, 39.3277913552427], [-106.503142385157, 39.3277898572863], [-106.503146242793, 39.3279700120974], [-106.503262224731, 39.327968514016], [-106.503302735121, 39.3298601390758], [-106.503418720173, 39.3298586407786], [-106.50346695552, 39.3321105744047], [-106.50335096675, 39.3321120728212], [-106.503360613724, 39.3325624594595], [-106.503244624202, 39.3325639577844], [-106.503275493595, 39.3340051948551], [-106.503159501685, 39.3340066931408], [-106.5031730067, 39.3346372342737], [-106.503057013739, 39.3346387324774], [-106.503066659694, 39.3350891189804], [-106.502950665982, 39.3350906170923], [-106.502958382307, 39.3354509262873], [-106.50284238799, 39.3354524243028], [-106.502852032847, 39.335902810787], [-106.502736037778, 39.3359043087108], [-106.50274182435, 39.336174540598], [-106.502625828826, 39.3361760384206], [-106.50263161503, 39.3364462703088], [-106.502515619051, 39.3364477680301], [-106.502517547654, 39.336537845328], [-106.502401551518, 39.3365393429386], [-106.502403479981, 39.3366294202398], [-106.502287483687, 39.3366309177395], [-106.502291340342, 39.336811072347], [-106.502175343742, 39.3368125697408], [-106.502177271933, 39.3369026470471], [-106.501945278411, 39.3369056414975], [-106.501947206313, 39.3369957188119], [-106.50183120939, 39.3369972158686], [-106.501835064923, 39.3371773705024], [-106.501719067694, 39.337178867453], [-106.501742199835, 39.3382597951889], [-106.50185819885, 39.338258298181], [-106.501865910435, 39.33861860736], [-106.501981910036, 39.3386171102174], [-106.501993478566, 39.3391575739129], [-106.502109479051, 39.3391560766262], [-106.502113335594, 39.33933623117], [-106.502229336368, 39.3393347337582], [-106.502231264802, 39.3394248110231], [-106.502347265715, 39.3394233134909], [-106.502349194306, 39.3395133907496], [-106.50246519536, 39.3395118930971], [-106.502470981631, 39.3397821248499], [-106.502586983123, 39.3397806270676], [-106.502592769918, 39.3400508587928], [-106.502708771847, 39.3400493608805], [-106.50271648829, 39.3404096698077], [-106.502832490806, 39.3404081717608], [-106.502840207983, 39.3407684806452], [-106.502956211085, 39.3407669824637], [-106.502998661305, 39.3427486808005], [-106.502882654929, 39.342750179087], [-106.502896161654, 39.3433807193503], [-106.503012169072, 39.3433792210304], [-106.503017958244, 39.3436494525353], [-106.503133966099, 39.3436479540854], [-106.503137825889, 39.3438281084051], [-106.503253834033, 39.3438266098301], [-106.503257694154, 39.3440067641344], [-106.503373702587, 39.3440052654343], [-106.503377563041, 39.344185419723], [-106.503493571763, 39.3441839208978], [-106.503495502152, 39.3442739980352], [-106.503611511014, 39.3442724990896], [-106.503615372115, 39.3444526533504], [-106.503731381266, 39.3444511542796], [-106.503741034914, 39.3449015398819], [-106.503857044801, 39.3449000406717], [-106.503860906618, 39.3450801948927], [-106.503976916794, 39.3450786955574], [-106.503980778943, 39.3452588497629], [-106.504096789408, 39.3452573503025], [-106.504098720645, 39.3453474273982], [-106.504214731249, 39.3453459278174], [-106.504216662643, 39.345436004907], [-106.504332673388, 39.3454345052058], [-106.50433460494, 39.345524582289], [-106.504450615825, 39.3455230824675], [-106.504452547534, 39.3456131595445], [-106.504568558559, 39.3456116596026], [-106.504570490426, 39.3457017366733], [-106.504686501591, 39.3457002366111], [-106.504690365648, 39.3458803907386], [-106.504806377102, 39.3458788905512], [-106.504810241491, 39.3460590446632], [-106.504926253234, 39.3460575443506], [-106.504933982712, 39.3464178525379], [-106.505049995042, 39.3464163520906], [-106.50505386013, 39.3465965061658], [-106.505285885359, 39.3465935049054], [-106.505287818214, 39.3466835819312], [-106.505519843706, 39.3466805801988], [-106.505521776867, 39.3467706572136], [-106.505637789749, 39.3467691561693], [-106.505639723068, 39.3468592331778], [-106.50575573609, 39.3468577320131], [-106.505757669566, 39.3469478090154], [-106.505873682728, 39.3469463077303], [-106.505875616362, 39.3470363847263], [-106.505991629664, 39.3470348833208], [-106.505993563456, 39.3471249603105], [-106.506109576898, 39.3471234587847], [-106.506111510847, 39.3472135357682], [-106.506227524429, 39.347212034122], [-106.506229458536, 39.3473021110992], [-106.506345472258, 39.3473006093326], [-106.506347406522, 39.3473906863036], [-106.506463420385, 39.3473891844166], [-106.506465354806, 39.3474792613813], [-106.506581368809, 39.3474777593739], [-106.506583303388, 39.3475678363324], [-106.506699317531, 39.3475663342047], [-106.506703187013, 39.3477464881075], [-106.506819201445, 39.3477449858546], [-106.506821136347, 39.3478350627991], [-106.507169180038, 39.3478305553325], [-106.507171115396, 39.3479206322611], [-106.507287130091, 39.3479191295362], [-106.507289065606, 39.3480092064586], [-106.507405080442, 39.3480077036134], [-106.507407016115, 39.3480977805294], [-106.507639046057, 39.3480947744826], [-106.507642918024, 39.3482749282912], [-106.507758933279, 39.3482734250848], [-106.5077763589, 39.3490841171069], [-106.507892375486, 39.3490826137418], [-106.507898184629, 39.3493528443749], [-106.508014201654, 39.3493513408798], [-106.508025821067, 39.3498918020773], [-106.508141838976, 39.3498902984379], [-106.508153459595, 39.3504307595534], [-106.508037440793, 39.3504322632215], [-106.508043250773, 39.3507024937737], [-106.507927231516, 39.3507039973406], [-106.507929168045, 39.3507940741931], [-106.50781314863, 39.3507955776492], [-106.507815085018, 39.3508856545051], [-106.507699065446, 39.3508871578503], [-106.507702937951, 39.3510673115672], [-106.507586918072, 39.3510688148064], [-106.507590790314, 39.3512489685269], [-106.507474770129, 39.3512504716601], [-106.507480578111, 39.3515207022442], [-106.50736455747, 39.3515222052761], [-106.507370365084, 39.3517924358613], [-106.507254343988, 39.351793938792], [-106.507260151233, 39.3520641693782], [-106.507144129682, 39.3520656722077], [-106.507149936558, 39.3523359027949], [-106.507033914552, 39.3523374055231], [-106.50703972106, 39.3526076361115], [-106.506923698598, 39.3526091387384], [-106.506929504738, 39.3528793693278], [-106.506813481821, 39.3528808718535], [-106.506821222866, 39.3532411793045], [-106.506705199345, 39.3532426817337], [-106.506720680662, 39.353963296603], [-106.506604655941, 39.3539647989549], [-106.506612396212, 39.3543251063732], [-106.506496370887, 39.3543266086286], [-106.506498305827, 39.3544166854843], [-106.506382280345, 39.3544181876289], [-106.506386149954, 39.3545983413453], [-106.506270124165, 39.3545998433839], [-106.506272058834, 39.3546899202447], [-106.506156032887, 39.3546914221724], [-106.506159901953, 39.3548715758991], [-106.5060438757, 39.3548730777208], [-106.506045810097, 39.3549631545867], [-106.505929783686, 39.3549646562975], [-106.505931717943, 39.3550547331668], [-106.505815691375, 39.3550562347667], [-106.505819559617, 39.3552363885104], [-106.505703532742, 39.3552378900043], [-106.505705466727, 39.3553279668786], [-106.505589439695, 39.3553294682617], [-106.50559137354, 39.3554195451394], [-106.50547534635, 39.3554210464116], [-106.505477280055, 39.3555111232926], [-106.505361252708, 39.355512624454], [-106.505363186272, 39.3556027013383], [-106.505247158767, 39.3556042023888], [-106.505249092191, 39.3556942792764], [-106.505133064529, 39.3556957802161], [-106.505134997813, 39.355785857107], [-106.505018969993, 39.3557873579359], [-106.505020903136, 39.3558774348301], [-106.504788847172, 39.3558804361505], [-106.504790780027, 39.3559705130527], [-106.504674751883, 39.3559720135443], [-106.504676684598, 39.3560620904499], [-106.504444627986, 39.3560650910956], [-106.504446560411, 39.3561551680093], [-106.504214503467, 39.3561581682021], [-106.504216435603, 39.3562482451238], [-106.504100406969, 39.3562497450516], [-106.50410427097, 39.3564298989002], [-106.504220299902, 39.3564283989629], [-106.504222232064, 39.3565184758802], [-106.504454290199, 39.3565154756492], [-106.504456222668, 39.3566055525555], [-106.504572251871, 39.3566040522617], [-106.504574184497, 39.3566941291618], [-106.504690213841, 39.3566926287476], [-106.504692146625, 39.3567827056414], [-106.504808176109, 39.3567812051068], [-106.50481010905, 39.3568712819943], [-106.504926138675, 39.3568697813394], [-106.504930004881, 39.3570499351004], [-106.505046034795, 39.3570484343202], [-106.50504796806, 39.3571385111937], [-106.505163998113, 39.3571370102932], [-106.505167864968, 39.3573171640262], [-106.50528389531, 39.3573156630004], [-106.505293563342, 39.3577660472832], [-106.505409594421, 39.3577645461179], [-106.505417329598, 39.3581248534984], [-106.505533361263, 39.3581233521984], [-106.505537229202, 39.3583035058702], [-106.505653261157, 39.3583020044449], [-106.505655195288, 39.3583920812738], [-106.505771227383, 39.3583905797281], [-106.505775095969, 39.3585707333719], [-106.505891128353, 39.358569231701], [-106.505898866225, 39.3589295389518], [-106.506014899196, 39.3589280371461], [-106.506020703138, 39.3591982675543], [-106.506136736548, 39.3591967656187], [-106.506146410702, 39.3596471495788], [-106.506262444847, 39.3596456475036], [-106.506268249891, 39.3599158778476], [-106.506384284475, 39.3599143756424], [-106.506386219655, 39.360004452416], [-106.506502254379, 39.3600029500904], [-106.506506125065, 39.3601831036235], [-106.506622160077, 39.3601816011727], [-106.506624095582, 39.3602716779323], [-106.506740130735, 39.360270175361], [-106.506742066397, 39.3603602521143], [-106.506858101691, 39.3603587494225], [-106.506860037511, 39.3604488261696], [-106.506976072944, 39.3604473233574], [-106.506978008922, 39.3605374000982], [-106.507094044495, 39.3605358971657], [-106.50709598063, 39.3606259739002], [-106.507212016344, 39.3606244708471], [-106.507213952637, 39.3607145475754], [-106.507329988491, 39.360713044402], [-106.507331924942, 39.360803121124], [-106.507447960936, 39.3608016178301], [-106.507449897544, 39.3608916945458], [-106.507565933679, 39.3608901911315], [-106.507577554404, 39.3614306513661], [-106.507693591423, 39.3614291478073], [-106.50769552839, 39.3615192245031], [-106.507927602701, 39.3615162170292], [-106.507931477256, 39.3616963703972], [-106.508047514697, 39.3616948664772], [-106.508049452136, 39.3617849431542], [-106.508165489717, 39.3617834391137], [-106.508167427314, 39.3618735157844], [-106.508515540451, 39.3618690029547], [-106.508517478503, 39.3619590796096], [-106.508749554182, 39.3619560704686], [-106.508751492541, 39.3620461471124], [-106.508867530517, 39.3620446423637], [-106.508869469034, 39.3621347190012], [-106.509101545256, 39.3621317091471], [-106.509103484079, 39.3622217857736], [-106.509219522327, 39.3622202806683], [-106.509221461308, 39.3623103572885], [-106.509337499695, 39.3623088520628], [-106.509341377981, 39.3624890052891], [-106.509457416658, 39.3624874999381], [-106.509459355963, 39.3625775765443], [-106.50957539478, 39.3625760710729], [-106.509577334243, 39.3626661476728], [-106.5096933732, 39.3626646420809], [-106.509697252449, 39.3628447952667], [-106.509813291696, 39.3628432895495], [-106.509819111082, 39.3631135193027], [-106.509935150766, 39.3631120134555], [-106.509940970678, 39.363382243181], [-106.510057010801, 39.3633807372038], [-106.510064771401, 39.3637410434646], [-106.51018081211, 39.3637395373525], [-106.51018469276, 39.3639196904644], [-106.510300733759, 39.3639181842271], [-106.510302674246, 39.364008260776], [-106.510418715385, 39.3640067544182], [-106.51042065603, 39.3640968309609], [-106.510536697309, 39.3640953244826], [-106.510538638112, 39.364185401019], [-106.510654679531, 39.3641838944203], [-106.510656620491, 39.3642739709505], [-106.510772662051, 39.3642724642313], [-106.510774603169, 39.3643625407551], [-106.511122728243, 39.3643580198893], [-106.511124669816, 39.3644480963972], [-106.511356753453, 39.3644450818988], [-106.511360637222, 39.364625234891], [-106.511476679325, 39.3646237274587], [-106.51148250549, 39.3648939569216], [-106.511598548032, 39.3648924493592], [-106.511602432483, 39.3650726023175], [-106.511718475314, 39.3650710946298], [-106.511720417702, 39.3651611711019], [-106.511836460673, 39.3651596632938], [-106.511838403218, 39.3652497397596], [-106.511954446329, 39.365248231831], [-106.511958331744, 39.3654283847486], [-106.512074375145, 39.3654268766948], [-106.512076318014, 39.3655169531466], [-106.512192361555, 39.3655154449722], [-106.512200133716, 39.3658757507454], [-106.512316177844, 39.3658742424362], [-106.512329780505, 39.3665047774486], [-106.51256187082, 39.3665017604159], [-106.51256381439, 39.3665918368307], [-106.512911950244, 39.3665873103997], [-106.51291389427, 39.3666773867986], [-106.513262030493, 39.3666728593122], [-106.513263974974, 39.3667629356952], [-106.513496066043, 39.3667599167829], [-106.513498010831, 39.3668499931549], [-106.513730102164, 39.3668469737703], [-106.513732047259, 39.3669370501312], [-106.513964138854, 39.3669340302743], [-106.513966084256, 39.367024106624], [-106.514198176114, 39.3670210862949], [-106.514200121822, 39.3671111626335], [-106.514316167888, 39.3671096522906], [-106.514318113753, 39.367199728623], [-106.514434159959, 39.3671982181596], [-106.514436105982, 39.3672882944856], [-106.514552152328, 39.3672867839018], [-106.514554098509, 39.3673768602215], [-106.514670144995, 39.3673753495172], [-106.514674037681, 39.3675555021427], [-106.514790084457, 39.367553991313], [-106.514792030962, 39.3676440676187], [-106.514908077877, 39.3676425566686], [-106.514911971212, 39.3678227092659], [-106.515028018417, 39.3678211981905], [-106.515029965246, 39.3679112744822], [-106.515146012591, 39.3679097632862], [-106.515147959578, 39.3679998395716], [-106.515264007064, 39.3679983282552], [-106.515265954208, 39.3680884045342], [-106.515382001834, 39.3680868930973], [-106.515383949136, 39.3681769693701], [-106.515732092407, 39.3681724343509], [-106.515734040166, 39.3682625106077], [-106.515966135934, 39.3682594866736], [-106.515968083999, 39.3683495629193], [-106.516084132019, 39.368348050774], [-106.516086080242, 39.3684381270134], [-106.516202128402, 39.3684366147475], [-106.516206025171, 39.3686167672123], [-106.516322073621, 39.3686152548211], [-106.516325970723, 39.3687954072703], [-106.516442019462, 39.3687938947538], [-106.516447865629, 39.3690641234021], [-106.516563914805, 39.3690626107555], [-106.516569761497, 39.369332839376], [-106.516685811113, 39.3693313265992], [-106.516689709249, 39.3695114789959], [-106.516805759153, 39.3695099660938], [-106.516821353241, 39.3702305755827], [-106.516705302144, 39.3702320885233], [-106.516713098802, 39.3705923932515], [-106.516597047101, 39.3705939060958], [-106.516602894238, 39.3708641346409], [-106.516486842082, 39.3708656473839], [-106.516492688851, 39.3711358759301], [-106.516376636238, 39.3711373885719], [-106.51638248264, 39.3714076171193], [-106.516266429571, 39.3714091296598], [-106.516280070437, 39.3720396629189], [-106.516396124548, 39.3720381503447], [-106.516401971212, 39.3723083788476], [-106.516518025762, 39.3723068661432], [-106.516521923879, 39.3724870184615], [-106.516637978718, 39.3724855056318], [-106.516641877169, 39.3726656579345], [-106.516757932297, 39.3726641449795], [-106.51676183108, 39.3728442972666], [-106.516877886498, 39.3728427841862], [-106.516881785614, 39.3730229364579], [-106.516997841321, 39.3730214232521], [-106.517007590011, 39.3734718038812], [-106.517123646454, 39.3734702905356], [-106.517127546289, 39.3736504427673], [-106.517243603022, 39.3736489292964], [-106.517251403393, 39.3740092337227], [-106.517367460713, 39.3740077201168], [-106.51737526182, 39.3743680245001], [-106.517491319727, 39.3743665107592], [-106.517497171096, 39.3746367390167], [-106.517613229442, 39.3746352251457], [-106.517619081337, 39.3749054533754], [-106.517735140121, 39.3749039393742], [-106.517739041726, 39.3750840915103], [-106.5178551008, 39.3750825773838], [-106.51786095372, 39.3753528055623], [-106.517977013232, 39.3753512913056], [-106.517982866678, 39.3756215194564], [-106.518098926629, 39.3756200050695], [-106.518100877944, 39.375710081112], [-106.518216938034, 39.3757085666046], [-106.518218889507, 39.3757986426408], [-106.518334949738, 39.3757971280128], [-106.518336901369, 39.3758872040427], [-106.51845296174, 39.3758856892942], [-106.518454913529, 39.3759757653178], [-106.51857097404, 39.3759742504488], [-106.518572925987, 39.3760643264661], [-106.518688986638, 39.3760628114765], [-106.518692890856, 39.376242963497], [-106.518808951796, 39.3762414483821], [-106.518812856347, 39.3764216003869], [-106.518928917577, 39.3764200851467], [-106.518932822461, 39.376600237136], [-106.51904888398, 39.3765987217704], [-106.519054741819, 39.3768689497287], [-106.518938679852, 39.3768704651088], [-106.518944537322, 39.3771406930683], [-106.518828474899, 39.3771422083472], [-106.518836284386, 39.3775025122918], [-106.518952347405, 39.3775009969936], [-106.518958205059, 39.377771224922], [-106.519074268516, 39.3777697094937], [-106.51907817396, 39.3779498614289], [-106.519194237707, 39.3779483458752], [-106.519198143485, 39.3781284977949], [-106.519314207521, 39.3781269821158], [-106.519322019777, 39.3784872859181], [-106.519438084401, 39.3784857701039], [-106.519449803943, 39.379026225734], [-106.519565869452, 39.3790247097752], [-106.519575636724, 39.379475089402], [-106.519691702969, 39.3794735733034], [-106.519693656599, 39.3795636492195], [-106.519577590204, 39.379565165323], [-106.519581497192, 39.3797453171604], [-106.519697563884, 39.3797438010472], [-106.519705378561, 39.380104104685], [-106.519821445841, 39.3801025884368], [-106.519823399681, 39.3801926643378], [-106.519939467102, 39.380191147969], [-106.5199414211, 39.3802812238636], [-106.520057488661, 39.3802797073743], [-106.520059442816, 39.3803697832626], [-106.520523713569, 39.3803637161289], [-106.52052566833, 39.3804537919964], [-106.521106007318, 39.3804462054512], [-106.521107962833, 39.3805362812931], [-106.521688302347, 39.3805286918306], [-106.521690258617, 39.3806187676468], [-106.521922394659, 39.3806157310421], [-106.521924351235, 39.3807058068472], [-106.522156487541, 39.3807027697699], [-106.522158444424, 39.3807928455637], [-106.522390580992, 39.3807898080139], [-106.522392538182, 39.3808798837966], [-106.522508606602, 39.3808783648433], [-106.52251056395, 39.3809684406197], [-106.522626632511, 39.3809669215458], [-106.522636420127, 39.3814173003815], [-106.522752489424, 39.3814157811676], [-106.52275640483, 39.3815959326819], [-106.522872474416, 39.3815944133426], [-106.522876390156, 39.3817745648413], [-106.522992460032, 39.3817730453766], [-106.522996376104, 39.3819531968597], [-106.523112446269, 39.3819516772696], [-106.523116362675, 39.382131828737], [-106.52323243313, 39.3821303090215], [-106.523236349869, 39.3823104604734], [-106.523352420613, 39.3823089406325], [-106.523356337686, 39.3824890920687], [-106.523472408719, 39.3824875721024], [-106.52350374895, 39.3839287833018], [-106.523387675531, 39.3839303033456], [-106.523397469069, 39.3843806817919], [-106.523281394896, 39.3843822017441], [-106.523291187908, 39.3848325801776], [-106.523175112981, 39.3848341000383], [-106.523180988446, 39.3851043270951], [-106.523064913063, 39.3851058468546], [-106.523072746543, 39.3854661495957], [-106.522956670554, 39.3854676692588], [-106.522960587049, 39.3856478206302], [-106.523076663336, 39.3856463009574], [-106.523082538591, 39.3859165279888], [-106.523198615317, 39.3859150081858], [-106.52320644971, 39.3862753108542], [-106.523322527023, 39.3862737909161], [-106.523328403358, 39.3865440178874], [-106.52344448111, 39.386542497819], [-106.523450357971, 39.3868127247624], [-106.523566436161, 39.3868112045637], [-106.523570354411, 39.3869913558422], [-106.523686432891, 39.3869898355181], [-106.523692310778, 39.3872600624103], [-106.523808389697, 39.3872585419559], [-106.523824065643, 39.3879791468978], [-106.523707985532, 39.387980667391], [-106.523717782538, 39.3884310454558], [-106.523601701672, 39.3884325658574], [-106.523607579534, 39.388702792693], [-106.523491498212, 39.3887043129934], [-106.523497375706, 39.3889745398303], [-106.523381293927, 39.3889760600294], [-106.523385212002, 39.3891562112563], [-106.523269129917, 39.3891577313493], [-106.523282842411, 39.3897882606306], [-106.523398925541, 39.3897867405036], [-106.523402843774, 39.3899668917038], [-106.523518927193, 39.3899653714514], [-106.523524805056, 39.3902355982261], [-106.523640888913, 39.3902340778434], [-106.523648726783, 39.3905943801696], [-106.523764811229, 39.3905928596518], [-106.523770690171, 39.3908630863663], [-106.523654605278, 39.3908646068987], [-106.523670281651, 39.3915852114444], [-106.523786367737, 39.3915836908733], [-106.523796166502, 39.3920340686421], [-106.523912253325, 39.392032547931], [-106.523922053055, 39.3924829256385], [-106.524038140615, 39.3924814047875], [-106.524049901477, 39.3930218579586], [-106.524165989923, 39.3930203369627], [-106.524169910579, 39.3932004879982], [-106.524053821834, 39.3932020090038], [-106.524063622882, 39.3936523865909], [-106.523947533383, 39.3936539075049], [-106.523974975398, 39.3949149646197], [-106.523858883801, 39.3949164854857], [-106.523866724096, 39.3952767874846], [-106.523750631894, 39.3952783082542], [-106.523754551796, 39.3954584592545], [-106.523638459287, 39.395459979918], [-106.523642378926, 39.395640130922], [-106.52352628611, 39.3956416514795], [-106.523534124896, 39.3960019534891], [-106.523418031474, 39.3960034739501], [-106.523423910209, 39.3962737004563], [-106.523307816331, 39.3962752208161], [-106.523313694697, 39.3965454473235], [-106.523197600362, 39.3965469675819], [-106.523201519019, 39.3967271185892], [-106.523085424377, 39.3967286387415], [-106.523093261198, 39.3970889407576], [-106.522977165951, 39.3970904608135], [-106.522981084116, 39.3972706118223], [-106.522864988561, 39.3972721317722], [-106.522866947508, 39.3973622072792], [-106.522750851795, 39.3973637271181], [-106.522754769416, 39.3975438781374], [-106.522638673396, 39.3975453978702], [-106.522650425575, 39.3980858509216], [-106.522534328651, 39.3980873705676], [-106.522538245816, 39.3982675215826], [-106.522422148585, 39.3982690411225], [-106.522426065487, 39.3984491921412], [-106.522309967948, 39.398450711575], [-106.522315842919, 39.3987209381065], [-106.522199744924, 39.398722457439], [-106.522203661317, 39.3989026084622], [-106.522087563015, 39.3989041276886], [-106.522107144013, 39.3998048827645], [-106.52199104421, 39.3998064019235], [-106.521996918233, 39.4000766284319], [-106.521880817974, 39.4000781474896], [-106.521884733734, 39.4002582984975], [-106.521768633168, 39.4002598174491], [-106.521774506427, 39.4005300439643], [-106.521890607441, 39.4005285249982], [-106.521892565361, 39.4006186004955], [-106.522124767662, 39.4006155622063], [-106.522126725889, 39.4007056376925], [-106.522242827175, 39.4007041183693], [-106.52224478556, 39.4007941938491], [-106.522360886987, 39.4007926744053], [-106.52236284553, 39.4008827498788], [-106.522595048655, 39.4008797106341], [-106.522597007505, 39.4009697860964], [-106.522713109204, 39.4009682662956], [-106.522715068213, 39.4010583417516], [-106.522947271882, 39.4010553017927], [-106.522949231198, 39.4011453772375], [-106.523065333169, 39.4011438570795], [-106.523067292642, 39.401233932518], [-106.523299496856, 39.4012308918449], [-106.523301456637, 39.4013209672723], [-106.52341755888, 39.4013194467572], [-106.523419518819, 39.4014095221782], [-106.523651723576, 39.4014064807909], [-106.523653683823, 39.4014965562008], [-106.523885888844, 39.4014935143405], [-106.523887849397, 39.4015835897392], [-106.524120054682, 39.401580547406], [-106.524122015542, 39.4016706227935], [-106.52435422109, 39.4016675799874], [-106.524356182258, 39.4017576553638], [-106.524588388069, 39.4017546120847], [-106.524590349544, 39.4018446874499], [-106.524822555618, 39.4018416436979], [-106.524824517401, 39.4019317190519], [-106.524940620574, 39.4019301969974], [-106.524942582514, 39.4020202723451], [-106.525174789133, 39.4020172278788], [-106.525176751381, 39.4021073032153], [-106.525292854826, 39.4021057808036], [-106.525294817232, 39.4021958561338], [-106.525527024394, 39.4021928109533], [-106.525528987107, 39.4022828862723], [-106.525645090824, 39.4022813635035], [-106.525647053696, 39.4023714388162], [-106.525879261402, 39.4023683929214], [-106.525881224581, 39.4024584682229], [-106.52599732857, 39.4024569450969], [-106.525999291906, 39.4025470203921], [-106.526231500157, 39.402543973783], [-106.526233463801, 39.4026340490669], [-106.526465672315, 39.4026310019849], [-106.526467636266, 39.4027210772577], [-106.526815949418, 39.4027165057515], [-106.526817913826, 39.4028065810082], [-106.527050122848, 39.4028035327486], [-106.527052087563, 39.4028936079942], [-106.527400401479, 39.4028890347216], [-106.52740236665, 39.4029791099511], [-106.527634576182, 39.402976060514], [-106.527636541661, 39.4030661357323], [-106.527868751455, 39.4030630858222], [-106.527870717241, 39.4031531610293], [-106.528219032315, 39.4031485852809], [-106.528220998558, 39.403238660472], [-106.528569314, 39.4032340836666], [-106.528571280699, 39.4033241588417], [-106.528919596509, 39.4033195809794], [-106.528921563665, 39.4034096561384], [-106.529618195942, 39.4034004972576], [-106.529620164002, 39.403490572386], [-106.530200691404, 39.403482936776], [-106.530202660219, 39.4035730118786], [-106.530667082578, 39.4035669012865], [-106.530669051999, 39.4036569763681], [-106.531017369123, 39.4036523921933], [-106.531019339001, 39.4037424672588], [-106.531251550671, 39.4037394105535], [-106.531253520856, 39.4038294856078], [-106.53148573279, 39.4038264284294], [-106.531487703282, 39.4039165034725], [-106.531603809385, 39.4039149747048], [-106.531605780035, 39.4040050497415], [-106.531721886278, 39.404003520853], [-106.531723857086, 39.4040935958834], [-106.532304388916, 39.4040859496795], [-106.532306360479, 39.4041760246841], [-106.533583531368, 39.4041591927898], [-106.533581558163, 39.4040691178388], [-106.534742620186, 39.4040538040044], [-106.534740645497, 39.4039637291008], [-106.53532117543, 39.4039560678648], [-106.535319200004, 39.403865992984], [-106.53566751741, 39.4038613948672], [-106.535665541545, 39.4037713199996], [-106.536013858423, 39.4037667208551], [-106.536011882119, 39.4036766460007], [-106.536244093028, 39.403673579335], [-106.536242116435, 39.4035835044889], [-106.53647432701, 39.4035804373697], [-106.536472350127, 39.4034903625319], [-106.536588455252, 39.4034888288035], [-106.536586478229, 39.403398753969], [-106.536818688154, 39.4033956861745], [-106.536816710841, 39.4033056113483], [-106.537048920432, 39.4033025431003], [-106.53704694283, 39.4032124682824], [-106.537279152087, 39.4032093995809], [-106.537277174195, 39.4031193247713], [-106.537509383118, 39.4031162556164], [-106.537507404936, 39.403026180815], [-106.537739613526, 39.4030231112066], [-106.537737635054, 39.4029330364136], [-106.537969843309, 39.4029299663516], [-106.537967864549, 39.4028398915669], [-106.538083968514, 39.4028383563671], [-106.538081989612, 39.4027482815858], [-106.538314197217, 39.4027452108485], [-106.538312218026, 39.4026551360755], [-106.538544425298, 39.4026520648848], [-106.538542445817, 39.4025619901201], [-106.538890756209, 39.40255738248], [-106.53888877629, 39.4024673077285], [-106.539120982875, 39.4024642353992], [-106.539119002666, 39.402374160656], [-106.539351208918, 39.4023710878732], [-106.539349228419, 39.4022810131383], [-106.539697537282, 39.4022764031103], [-106.539695556345, 39.4021863283886], [-106.54015996744, 39.4021801800827], [-106.540157985915, 39.4020901053791], [-106.541319011539, 39.4020747265568], [-106.541320994556, 39.4021648012114], [-106.542133713008, 39.4021540291109], [-106.542131728946, 39.4020639544905], [-106.54236393384, 39.402060875715], [-106.542361949488, 39.401970801103], [-106.542478051772, 39.4019692615464], [-106.542480036273, 39.4020593361535], [-106.542482020783, 39.4021494107592], [-106.542598123357, 39.402147871077], [-106.542602092702, 39.402328020274], [-106.542718195565, 39.4023264804662], [-106.5427201804, 39.4024165550576], [-106.542836283404, 39.4024150151291], [-106.542856133737, 39.4033157609123], [-106.542972238224, 39.403314220819], [-106.542980179203, 39.4036745190712], [-106.543096284278, 39.4036729788424], [-106.54311018238, 39.4043035006923], [-106.543226288491, 39.4043019603133], [-106.543232245402, 39.4045721839263], [-106.543348351952, 39.4045706434168], [-106.543368210392, 39.4054713886481], [-106.543484318425, 39.4054698479737], [-106.543502193127, 39.4062805185109], [-106.54338608375, 39.4062820592294], [-106.543392041697, 39.4065522827299], [-106.543275931863, 39.4065538233473], [-106.543277917714, 39.4066438978494], [-106.543161807723, 39.4066454383559], [-106.543165779152, 39.4068255873654], [-106.543049668853, 39.4068271277659], [-106.54305364002, 39.4070072767793], [-106.542937529414, 39.4070088170737], [-106.542939514861, 39.4070988915831], [-106.542823404096, 39.4071004317666], [-106.54282737472, 39.4072805807908], [-106.542711263648, 39.4072821208683], [-106.542715234008, 39.4074622698963], [-106.542599122628, 39.4074638098678], [-106.542601107672, 39.4075538843845], [-106.542484996135, 39.407555424245], [-106.542488965951, 39.4077355732838], [-106.542372854106, 39.4077371130383], [-106.542374838879, 39.4078271875604], [-106.542258726875, 39.407828727204], [-106.542264680798, 39.4080989507759], [-106.542380793249, 39.4080974111176], [-106.542384762874, 39.4082775601483], [-106.542500875615, 39.4082760203644], [-106.54250286059, 39.4083660948726], [-106.542618973471, 39.408364554968], [-106.542620958604, 39.4084546294698], [-106.542737071626, 39.4084530894444], [-106.542739056917, 39.4085431639399], [-106.542855170079, 39.4085416237937], [-106.542857155528, 39.4086316982828], [-106.542973268831, 39.4086301580159], [-106.542975254438, 39.4087202324986], [-106.543091367881, 39.4087186921109], [-106.543093353647, 39.4088087665872], [-106.54320946723, 39.4088072260788], [-106.543211453154, 39.4088973005488], [-106.543327566877, 39.4088957599196], [-106.543331539051, 39.4090759088452], [-106.543447653064, 39.4090743680904], [-106.543449639313, 39.4091644425461], [-106.543565753467, 39.4091629016706], [-106.543567739874, 39.4092529761199], [-106.543683854168, 39.4092514351236], [-106.543687827309, 39.4094315840079], [-106.543803941892, 39.4094300428859], [-106.543813875646, 39.4098804150462], [-106.543929990967, 39.4098788737839], [-106.543931977894, 39.4099689482066], [-106.544164208807, 39.4099658653246], [-106.544166196041, 39.410055939736], [-106.544282311634, 39.4100543981164], [-106.544286286428, 39.4102345469249], [-106.54440240231, 39.4102330051796], [-106.544422278308, 39.4111337490841], [-106.544538395674, 39.4111322071738], [-106.544564237745, 39.4123031739642], [-106.544448118438, 39.4123047159383], [-106.544462032979, 39.4129352364483], [-106.544345912617, 39.4129367783409], [-106.544355851096, 39.4133871501138], [-106.544471972204, 39.4133856081967], [-106.544475947956, 39.4135657568857], [-106.544592069354, 39.4135642148429], [-106.544602009637, 39.4140145865148], [-106.544718131773, 39.4140130443315], [-106.544720120005, 39.4141031186566], [-106.544836242281, 39.4141015763526], [-106.544838230672, 39.4141916506712], [-106.544954353088, 39.4141901082464], [-106.544960318763, 39.4144603311787], [-106.545076441618, 39.4144587886233], [-106.545088374104, 39.4149992344184], [-106.545204497846, 39.4149976917177], [-106.545210464658, 39.4152679145804], [-106.545326588839, 39.4152663717491], [-106.545330567057, 39.4154465203071], [-106.545446691527, 39.4154449773501], [-106.545448680799, 39.4155350516219], [-106.54556480541, 39.4155335085442], [-106.54556679484, 39.4156235828096], [-106.545682919592, 39.415622039611], [-106.54568490918, 39.4157121138701], [-106.545801034072, 39.4157105705508], [-106.545803023818, 39.4158006448034], [-106.545919148851, 39.4157991013633], [-106.545921138755, 39.4158891756095], [-106.546037263928, 39.4158876320487], [-106.546041244063, 39.4160677805269], [-106.546157369525, 39.4160662368403], [-106.546159359755, 39.4161563110723], [-106.546275485358, 39.4161547672649], [-106.546277475747, 39.4162448414905], [-106.54639360149, 39.4162432975623], [-106.546395592037, 39.4163333717815], [-106.546511717921, 39.4163318277326], [-106.546515699339, 39.4165119761566], [-106.546631825513, 39.416510431982], [-106.546633816385, 39.4166005061869], [-106.546749942699, 39.4165989618915], [-106.546751933729, 39.41668903609], [-106.546868060183, 39.4166874916738], [-106.546872042569, 39.4168676400564], [-106.546988169313, 39.4168660955145], [-106.546992152034, 39.4170462438815], [-106.547108279068, 39.4170446992138], [-106.547110270591, 39.4171347733901], [-106.547226397765, 39.4171332286018], [-106.547228389446, 39.4172233027717], [-106.547344516761, 39.4172217578625], [-106.5473465086, 39.417311832026], [-106.547462636055, 39.417310286996], [-106.547464628053, 39.4174003611531], [-106.547580755649, 39.4173988160024], [-106.547582747805, 39.417488890153], [-106.547698875541, 39.4174873448815], [-106.547700867855, 39.4175774190258], [-106.547933123599, 39.4175743281252], [-106.547935116221, 39.4176644022582], [-106.548167372227, 39.4176613108843], [-106.548169365157, 39.4177513850059], [-106.548285493296, 39.4177498391403], [-106.548287486384, 39.4178399132555], [-106.548403614664, 39.417838367269], [-106.54840560791, 39.4179284413779], [-106.54852173633, 39.4179268952706], [-106.548525723148, 39.418107043474], [-106.548641851857, 39.418105497241], [-106.548643845429, 39.4181955713355], [-106.548759974279, 39.4181940249817], [-106.548761968009, 39.4182840990699], [-106.548878097, 39.4182825525953], [-106.548880090888, 39.418372626677], [-106.548996220019, 39.4183710800816], [-106.549000208121, 39.4185512282308], [-106.549116337542, 39.4185496815096], [-106.549118331756, 39.4186397555771], [-106.549234461317, 39.4186382087352], [-106.549236455689, 39.4187282827962], [-106.549352585391, 39.4187267358335], [-106.54935657446, 39.4189068839412], [-106.549472704452, 39.4189053368527], [-106.549476693856, 39.4190854849447], [-106.549592824137, 39.4190839377305], [-106.549596813876, 39.4192640858067], [-106.549712944447, 39.4192625384668], [-106.549714939479, 39.4193526124977], [-106.54983107019, 39.419351065037], [-106.549833065381, 39.4194411390615], [-106.549949196232, 39.41943959148], [-106.549953186939, 39.4196197395147], [-106.55006931808, 39.4196181918074], [-106.550071313596, 39.4197082658176], [-106.550187444878, 39.4197067179896], [-106.550191436236, 39.4198868659957], [-106.550307567807, 39.4198853180419], [-106.550311559499, 39.4200654660322], [-106.550427691361, 39.4200639179527], [-106.550431683387, 39.4202440659272], [-106.550547815539, 39.4202425177219], [-106.550549811715, 39.420332591702], [-106.550782076289, 39.420329494934], [-106.550784072773, 39.4204195689028], [-106.550900205196, 39.42041802034], [-106.550902201838, 39.4205080943023], [-106.551250599501, 39.4205034479038], [-106.5512525966, 39.4205935218499], [-106.551600994631, 39.4205888743937], [-106.551602992187, 39.4206789483235], [-106.552067523367, 39.4206727500731], [-106.552069521529, 39.4207628239817], [-106.552301787364, 39.4207597241513], [-106.552303785834, 39.4208497980486], [-106.552419918888, 39.4208482479546], [-106.552421917516, 39.4209383218454], [-106.552770317071, 39.4209336708535], [-106.552772316156, 39.421023744728], [-106.552888449473, 39.4210221941606], [-106.552890448717, 39.4211122680287], [-106.553122715621, 39.4211091665365], [-106.553124715173, 39.4211992403932], [-106.553240848761, 39.4211976894683], [-106.553242848471, 39.4212877633186], [-106.553475115918, 39.4212846611113], [-106.553477115936, 39.4213747349502], [-106.553593249796, 39.4213731836678], [-106.553595249972, 39.4214632575003], [-106.553711383973, 39.4214617060971], [-106.553713384307, 39.4215517799232], [-106.553945652579, 39.4215486767591], [-106.553947653222, 39.4216387505739], [-106.554179921757, 39.4216356469364], [-106.554181922707, 39.4217257207398], [-106.554414191504, 39.4217226166289], [-106.554416192762, 39.4218126904209], [-106.55476459634, 39.4218080333705], [-106.554766598055, 39.4218981071462], [-106.555579540467, 39.4218872366047], [-106.555581543236, 39.4219773103443], [-106.556046082157, 39.421971096037], [-106.556048085533, 39.4220611697553], [-106.55616422039, 39.4220596158838], [-106.556166223924, 39.4221496895957], [-106.556282358922, 39.4221481356033], [-106.556286366316, 39.4223282830127], [-106.556402501604, 39.4223267288946], [-106.556406509333, 39.4225068762882], [-106.55652264491, 39.4225053220443], [-106.556524648937, 39.4225953957339], [-106.556640784655, 39.4225938413692], [-106.556644793035, 39.4227739887341], [-106.556760929042, 39.4227724342435], [-106.556764937757, 39.4229525815926], [-106.556881074054, 39.4229510269762], [-106.556885083104, 39.4231311743095], [-106.557001219691, 39.4231296195673], [-106.557005229076, 39.4233097668847], [-106.557121365952, 39.4233082120168], [-106.557125375672, 39.4234883593183], [-106.557241512838, 39.4234868043246], [-106.557245522892, 39.4236669516103], [-106.557361660348, 39.4236653964908], [-106.557365670737, 39.4238455437607], [-106.557481808483, 39.4238439885153], [-106.557487824582, 39.4241142093941], [-106.557603962767, 39.4241126540181], [-106.557609979395, 39.4243828748687], [-106.557726118019, 39.4243813193619], [-106.557734140914, 39.4247416137887], [-106.557850280127, 39.4247400581462], [-106.557860309694, 39.4251904261216], [-106.557976449645, 39.4251888703384], [-106.557994504778, 39.425999532556], [-106.558110646065, 39.4259979766123], [-106.5581186714, 39.4263582708728], [-106.558234813275, 39.4263567147934], [-106.558240832819, 39.4266269354584], [-106.558356975133, 39.4266253792482], [-106.558362995207, 39.4268955998849], [-106.55847913796, 39.426894043544], [-106.558487165448, 39.4272543376857], [-106.55860330879, 39.427252781209], [-106.55861133702, 39.4276130753071], [-106.558727480951, 39.4276115186947], [-106.558731495419, 39.427791665725], [-106.558847639639, 39.4277901089867], [-106.558853661857, 39.4280603295061], [-106.558969806517, 39.4280587726371], [-106.558973821672, 39.4282389196326], [-106.559089966622, 39.4282373626378], [-106.559093982112, 39.4284175096175], [-106.559210127352, 39.4284159524968], [-106.55921213526, 39.4285060259795], [-106.55932828064, 39.4285044687379], [-106.559330288706, 39.4285945422142], [-106.559446434227, 39.4285929848518], [-106.559448442452, 39.4286830583216], [-106.559564588112, 39.4286815008382], [-106.559566596496, 39.4287715743016], [-106.559798888089, 39.4287684589774], [-106.55980089678, 39.4288585324293], [-106.559917042713, 39.4288569745883], [-106.559919051562, 39.4289470480338], [-106.560035197635, 39.428945490072], [-106.560037206644, 39.429035563511], [-106.560153352857, 39.4290340054283], [-106.560157371199, 39.429214152292], [-106.560273517702, 39.4292125940835], [-106.560275527036, 39.4293026675082], [-106.56039167368, 39.4293011091787], [-106.560393683172, 39.4293911825969], [-106.560509829956, 39.4293896241466], [-106.560511839607, 39.4294796975584], [-106.560744133447, 39.4294765803001], [-106.560746143406, 39.4295666537005], [-106.560978437508, 39.4295635359686], [-106.560980447775, 39.4296536093575], [-106.56121274214, 39.429650491152], [-106.561214752715, 39.4297405645296], [-106.561330900033, 39.429739005248], [-106.561332910766, 39.4298290786191], [-106.561449058225, 39.4298275192166], [-106.561457101846, 39.4301878126663], [-106.561573249893, 39.430186253128], [-106.561581294256, 39.4305465465341], [-106.561697442892, 39.43054498686], [-106.561701465426, 39.4307251335442], [-106.561817614352, 39.4307235737443], [-106.561821637221, 39.4309037204126], [-106.561937786437, 39.4309021604869], [-106.561939798035, 39.4309922338139], [-106.562055947391, 39.4309906737672], [-106.562061982687, 39.4312608937243], [-106.562178132482, 39.4312593335468], [-106.562182156356, 39.4314394801675], [-106.562298306442, 39.4314379198642], [-106.562302330651, 39.431618066469], [-106.562418481027, 39.4316165060398], [-106.562424517856, 39.431886725921], [-106.562540668671, 39.431885165361], [-106.562548718502, 39.4322454584953], [-106.562664869905, 39.4322438977994], [-106.562670907821, 39.4325141176196], [-106.562787059664, 39.432512556793], [-106.56278907247, 39.4326026300584], [-106.563021376428, 39.4325995080473], [-106.563023389542, 39.4326895813014], [-106.563255693762, 39.4326864588166], [-106.563257707184, 39.4327765320592], [-106.563722316114, 39.4327702856787], [-106.563724330143, 39.4328603588999], [-106.563840482502, 39.43285879701], [-106.563842496689, 39.4329488702248], [-106.563958649189, 39.4329473082139], [-106.563960663535, 39.4330373814222], [-106.564076816175, 39.4330358192905], [-106.56407883068, 39.4331258924924], [-106.564311136232, 39.4331227678711], [-106.564313151044, 39.4332128410616], [-106.564429303956, 39.4332112785721], [-106.564431318927, 39.433301351756], [-106.564663625022, 39.4332982264193], [-106.564665640301, 39.4333882995918], [-106.564781793485, 39.4333867367446], [-106.564783808922, 39.4334768099106], [-106.564899962246, 39.4334752469425], [-106.564901977842, 39.4335653201021], [-106.565134284762, 39.4335621938081], [-106.565136300666, 39.4336522669562], [-106.565833222106, 39.4336428852617], [-106.565835238915, 39.4337329583785], [-106.566532160926, 39.4337235724805], [-106.56653014322, 39.4336334993936], [-106.566646296707, 39.4336319346764], [-106.566648314563, 39.4337220077584], [-106.566996775419, 39.4337173128964], [-106.566998793732, 39.433807385962], [-106.567114947482, 39.4338058207711], [-106.567116965954, 39.4338958938302], [-106.567233119844, 39.4338943285184], [-106.567235138474, 39.433984401571], [-106.567467446527, 39.4339812705897], [-106.567469465465, 39.4340713436309], [-106.567585619627, 39.4340697779613], [-106.567587638724, 39.434159850996], [-106.56781994732, 39.4341567192992], [-106.567821966725, 39.4342467923223], [-106.568170429999, 39.4342420938926], [-106.568172449861, 39.4343321668994], [-106.568520913503, 39.4343274674113], [-106.568522933822, 39.4344175404016], [-106.568987552482, 39.4344112727743], [-106.568989573408, 39.4345013457432], [-106.569454192521, 39.434495076241], [-106.569456214054, 39.4345851491884], [-106.569688523855, 39.4345820137317], [-106.569690545696, 39.4346720866677], [-106.569922855759, 39.4346689507373], [-106.569924877909, 39.4347590236617], [-106.570157188234, 39.4347558872576], [-106.570161233158, 39.4349360330821], [-106.570277388607, 39.4349344646961], [-106.570279411232, 39.4350245376012], [-106.57039556682, 39.4350229690943], [-106.570399612396, 39.4352031148899], [-106.570515768275, 39.4352015462571], [-106.570517791226, 39.4352916191477], [-106.570750103255, 39.4352884815242], [-106.570752126514, 39.4353785544033], [-106.570984438805, 39.4353754163061], [-106.570986462373, 39.4354654891737], [-106.571102618654, 39.4354639199462], [-106.57110464238, 39.4355539928074], [-106.571220798802, 39.4355524234589], [-106.571222822686, 39.4356424963136], [-106.571338979248, 39.4356409268442], [-106.571341003291, 39.4357309996924], [-106.571457159994, 39.435729430102], [-106.571461208406, 39.435909575784], [-106.571693522382, 39.4359064362355], [-106.5716955469, 39.4359965090642], [-106.572624803637, 39.4359839461925], [-106.57262682936, 39.4360740189798], [-106.573091458108, 39.4360677347412], [-106.573093484439, 39.436157807507], [-106.573441956353, 39.4361530930957], [-106.573443983141, 39.436243165845], [-106.573676298003, 39.4362400223144], [-106.573678325099, 39.4363300950522], [-106.574026797774, 39.4363253788717], [-106.574028825327, 39.436415451593], [-106.574144983017, 39.4364138792959], [-106.574147010729, 39.4365039520108], [-106.574263168558, 39.4365023795928], [-106.574265196429, 39.436592452301], [-106.57449751236, 39.4365893071072], [-106.574499540539, 39.436679379804], [-106.574731856733, 39.4366762341363], [-106.57473388522, 39.4367663068216], [-106.574850043452, 39.4367647338089], [-106.574852072098, 39.4368548064877], [-106.574968230471, 39.436853233354], [-106.574970259275, 39.4369433060263], [-106.575086417788, 39.4369417327717], [-106.57508844675, 39.4370318054375], [-106.575204605404, 39.4370302320619], [-106.575206634525, 39.4371203047212], [-106.57532279332, 39.4371187312246], [-106.575326851888, 39.4372988765288], [-106.575443010972, 39.4372973029062], [-106.575445040419, 39.4373873755511], [-106.575561199644, 39.4373858018076], [-106.57556322925, 39.4374758744459], [-106.575679388615, 39.4374743005815], [-106.575681418379, 39.4375643732133], [-106.575797577884, 39.4375627992279], [-106.57580163774, 39.4377429444771], [-106.575917797535, 39.4377413703657], [-106.575919827626, 39.4378314429831], [-106.576035987561, 39.4378298687508], [-106.57603801781, 39.4379199413616], [-106.576154177886, 39.4379183670083], [-106.576158238711, 39.4380985122156], [-106.576274399077, 39.4380969377363], [-106.576276429653, 39.4381870103327], [-106.576392590159, 39.4381854357324], [-106.576396651637, 39.4383655809107], [-106.576512812432, 39.4383640061845], [-106.576516874246, 39.4385441513468], [-106.576633035331, 39.4385425764946], [-106.576635066401, 39.4386326490685], [-106.576751227627, 39.4386310740953], [-106.576755290093, 39.4388112192287], [-106.576871451609, 39.4388096441295], [-106.57687551441, 39.4389897892469], [-106.576991676216, 39.4389882140218], [-106.57699370778, 39.4390782865732], [-106.577109869726, 39.4390767112271], [-106.57711393318, 39.4392568563155], [-106.577230095417, 39.4392552808434], [-106.577238223032, 39.4396155709823], [-106.577354385857, 39.4396139953741], [-106.577360482113, 39.4398842129476], [-106.577476645377, 39.4398826372085], [-106.577490871339, 39.4405131447929], [-106.577607035641, 39.4405115689027], [-106.577611100583, 39.4406917139034], [-106.577959594331, 39.4406869855069], [-106.577961627264, 39.4407770579899], [-106.578310121378, 39.4407723285347], [-106.578312154769, 39.4408624010012], [-106.578544484431, 39.4408592474413], [-106.57854651813, 39.4409493198963], [-106.578778848056, 39.4409461658624], [-106.578780882063, 39.4410362383059], [-106.578897047161, 39.44103466111], [-106.578899081327, 39.4411247335469], [-106.579015246566, 39.44112315623], [-106.57901728089, 39.4412132286605], [-106.579133446269, 39.4412116512226], [-106.579135480752, 39.4413017236465], [-106.579367811782, 39.4412985684129], [-106.579369846573, 39.4413886408253], [-106.579602177866, 39.4413854851177], [-106.579604212965, 39.4414755575186], [-106.57983654452, 39.4414724013371], [-106.579838579928, 39.4415624737264], [-106.580070911745, 39.4415593170711], [-106.580072947461, 39.4416493894488], [-106.580189113506, 39.4416478109422], [-106.58019114938, 39.4417378833135], [-106.580307315565, 39.4417363046858], [-106.58031138764, 39.4419164494139], [-106.580427554115, 39.4419148706602], [-106.580435698972, 39.4422751600784], [-106.580551866036, 39.4422735811886], [-106.580557975223, 39.4425437982216], [-106.580674142726, 39.4425422192008], [-106.580680252445, 39.4428124362053], [-106.580796420387, 39.4428108570535], [-106.580802530636, 39.4430810740295], [-106.580918699018, 39.4430794947466], [-106.580928883697, 39.4435298563184], [-106.581045052818, 39.4435282768944], [-106.581059312799, 39.4441587829972], [-106.581175482957, 39.4441572034221], [-106.581185669679, 39.4446075648544], [-106.581301840576, 39.4446059851381], [-106.581316103418, 39.4452364910456], [-106.581432275353, 39.4452349111782], [-106.581434313088, 39.4453249834397], [-106.58201517337, 39.4453170823374], [-106.582017211862, 39.4454071545723], [-106.583527449469, 39.4453865980714], [-106.583529489914, 39.4454766702394], [-106.583761834323, 39.445473505951], [-106.583759793579, 39.4453834337932], [-106.584456825689, 39.4453739381748], [-106.584454784057, 39.4452838660456], [-106.585267986721, 39.4452727825824], [-106.5852700294, 39.4453628546763], [-106.587825809569, 39.4453279838264], [-106.587827855547, 39.4454180558077], [-106.588176371129, 39.4454132963275], [-106.588178417565, 39.4455033682922], [-106.588526933513, 39.445498607753], [-106.588528980406, 39.4455886797011], [-106.588993668806, 39.4455823306715], [-106.588995716307, 39.4456724025979], [-106.589576577349, 39.4456644636762], [-106.589578625606, 39.4457545355758], [-106.589810970258, 39.4457513591852], [-106.589813018824, 39.4458414310732], [-106.590045363737, 39.4458382542085], [-106.590047412612, 39.4459283260849], [-106.590163585204, 39.4459267374735], [-106.590165634237, 39.4460168093434], [-106.590514152408, 39.4460120427982], [-106.590516201899, 39.4461021146514], [-106.590632374754, 39.446100525566], [-106.590634424404, 39.4461905974126], [-106.590750597399, 39.4461890082062], [-106.590752647207, 39.4462790800463], [-106.590868820343, 39.4462774907188], [-106.59087087031, 39.4463675625524], [-106.590987043586, 39.4463659731039], [-106.590991143847, 39.4465461167564], [-106.591107317413, 39.4465445271818], [-106.591109367707, 39.4466345990008], [-106.591225541413, 39.4466330093051], [-106.591229642327, 39.4468131529285], [-106.591345816323, 39.4468115631067], [-106.591347866944, 39.4469016349111], [-106.59146404108, 39.4469000449682], [-106.591466091859, 39.4469901167661], [-106.591814614662, 39.4469853462264], [-106.591816665899, 39.4470754180076], [-106.592049014687, 39.4470722370579], [-106.592051066233, 39.4471623088274], [-106.592399589794, 39.4471575365176], [-106.592401641798, 39.4472476082705], [-106.592750165725, 39.4472428349017], [-106.592752218186, 39.4473329066379], [-106.592984567724, 39.4473297238019], [-106.592986620494, 39.4474197955265], [-106.593102795399, 39.4474182039295], [-106.593104848327, 39.4475082756475], [-106.593337198408, 39.4475050920954], [-106.593339251644, 39.4475951638018], [-106.593687777146, 39.4475903875885], [-106.59368983084, 39.4476804592782], [-106.594735408191, 39.4476661243294], [-106.594737463241, 39.4477561959719], [-106.594969813961, 39.4477530091417], [-106.594971869319, 39.4478430807727], [-106.595088044815, 39.4478414871785], [-106.595090100332, 39.4479315588029], [-106.595206275968, 39.4479299650877], [-106.595208331644, 39.4480200367056], [-106.595440683187, 39.448016848917], [-106.595442739171, 39.4481069205232], [-106.595791266866, 39.4481021379553], [-106.595793323308, 39.4481922095448], [-106.596025675358, 39.448189020576], [-106.596027732108, 39.4482790921539], [-106.59626008442, 39.4482759027111], [-106.596262141478, 39.4483659742772], [-106.59637831777, 39.4483643793768], [-106.596382432214, 39.4485445224945], [-106.596498608795, 39.4485429274679], [-106.596500666181, 39.4486329990195], [-106.596616842903, 39.4486314038718], [-106.596620958, 39.4488115469603], [-106.596853312014, 39.4488083562967], [-106.596855369876, 39.4488984278285], [-106.597203901277, 39.4488936409479], [-106.597205959597, 39.448983712463], [-106.597322136861, 39.4489821165991], [-106.59732419534, 39.4490721881076], [-106.597556550141, 39.4490689960216], [-106.597558608927, 39.4491590675185], [-106.59779096399, 39.4491558749583], [-106.597793023086, 39.4492459464436], [-106.598025378411, 39.4492427534093], [-106.598027437814, 39.4493328248829], [-106.598143615613, 39.4493312281867], [-106.598145675175, 39.4494212996537], [-106.598261853113, 39.4494197028364], [-106.598263912835, 39.4495097742969], [-106.598380090914, 39.4495081773585], [-106.598382150793, 39.4495982488124], [-106.598498329013, 39.4495966517529], [-106.598502449099, 39.4497767946461], [-106.598618627609, 39.4497751974605], [-106.598622748031, 39.4499553403376], [-106.59873892683, 39.4499537430258], [-106.598743047589, 39.4501338858867], [-106.598859226678, 39.4501322884487], [-106.598863347773, 39.4503124312935], [-106.598979527152, 39.4503108337294], [-106.598983648583, 39.450490976558], [-106.599099828252, 39.4504893788677], [-106.599106010917, 39.4507595930843], [-106.599222191025, 39.4507579952628], [-106.599224252082, 39.4508480666602], [-106.59934043233, 39.4508464687176], [-106.599342493545, 39.4509365401085], [-106.599458673934, 39.4509349420447], [-106.59945661257, 39.450844870659], [-106.599805153232, 39.4508400757871], [-106.599803091428, 39.4507500044151], [-106.601778151066, 39.4507228138411], [-106.601780215413, 39.4508128851266], [-106.602477295543, 39.450803280419], [-106.602475230299, 39.4507132091641], [-106.602707589969, 39.4507100066771], [-106.602709655513, 39.4508000779218], [-106.60317437534, 39.4507936715354], [-106.603172309198, 39.4507036003111], [-106.603404668757, 39.4507003964321], [-106.603406735198, 39.4507904676462], [-106.60421999441, 39.4507792503802], [-106.604222061907, 39.4508693215571], [-106.604686781851, 39.4508629091184], [-106.604688849956, 39.4509529802734], [-106.604921210171, 39.4509497733478], [-106.604923278584, 39.4510398444911], [-106.605039458828, 39.4510382408493], [-106.6050415274, 39.451128311986], [-106.605273888158, 39.451125104344], [-106.605275957038, 39.451215175469], [-106.605392137553, 39.4512135714689], [-106.605394206592, 39.4513036425873], [-106.605510387247, 39.4513020384662], [-106.605512456446, 39.451392109578], [-106.605628637241, 39.4513905053357], [-106.605630706598, 39.4514805764409], [-106.605746887534, 39.4514789720775], [-106.60574895705, 39.4515690431761], [-106.605865138126, 39.4515674386916], [-106.605867207801, 39.4516575097836], [-106.605983389017, 39.451655905178], [-106.60598545885, 39.4517459762634], [-106.606101640207, 39.4517443715367], [-106.606103710199, 39.4518344426155], [-106.606219891696, 39.4518328377677], [-106.606221961848, 39.4519229088399], [-106.606338143485, 39.4519213038709], [-106.606340213795, 39.4520113749366], [-106.606456395572, 39.4520097698465], [-106.606458466042, 39.4520998409055], [-106.606574647959, 39.4520982356943], [-106.606576718587, 39.4521883067468], [-106.606692900645, 39.4521867014145], [-106.606697042229, 39.4523668435047], [-106.606813224576, 39.4523652380461], [-106.606815295532, 39.4524553090839], [-106.607047660498, 39.4524520978086], [-106.607049731762, 39.4525421688346], [-106.607165914381, 39.4525405630179], [-106.607167985803, 39.4526306340373], [-106.607284168563, 39.4526290280994], [-106.607286240144, 39.4527190991123], [-106.607518605934, 39.4527158868783], [-106.607520677824, 39.4528059578794], [-106.607753043876, 39.4528027451712], [-106.607755116074, 39.4528928161606], [-106.607987482388, 39.4528896029781], [-106.607989554895, 39.4529796739558], [-106.608105738187, 39.4529780671854], [-106.608109883528, 39.453158209126], [-106.608226067111, 39.4531566022294], [-106.608232285641, 39.4534268151139], [-106.608348469663, 39.4534252080859], [-106.608352615695, 39.4536053499912], [-106.608356761764, 39.4537854918905], [-106.608472946375, 39.4537838847261], [-106.60848331246, 39.4542342394227], [-106.608599497809, 39.4542326321167], [-106.608609864874, 39.4546829867504], [-106.608493678777, 39.454684594082], [-106.608495752068, 39.4547746650094], [-106.608611938315, 39.4547730576727], [-106.608616085225, 39.4549531995128], [-106.608732271762, 39.4549515920499], [-106.608734345381, 39.4550416629626], [-106.608850532058, 39.4550400553785], [-106.608854679622, 39.4552201971892], [-106.608970866589, 39.4552185894788], [-106.608972940535, 39.4553086603768], [-106.609089127643, 39.4553070525453], [-106.609091201747, 39.4553971234367], [-106.609207388995, 39.4553955154841], [-106.609223983363, 39.4561160825205], [-106.609107794918, 39.4561176905141], [-106.609118165952, 39.4565680448891], [-106.609234355145, 39.4565664368699], [-106.609238503923, 39.4567465785992], [-106.609354693406, 39.4567449704538], [-106.609356767959, 39.4568350413111], [-106.609472957582, 39.4568334330445], [-106.609475032293, 39.4569235038952], [-106.609591222057, 39.4569218955075], [-106.609593296927, 39.4570119663516], [-106.609709486831, 39.4570103578428], [-106.60971156186, 39.4571004286802], [-106.609943941939, 39.4570972113043], [-106.609946017277, 39.45718728213], [-106.610178397618, 39.4571840642797], [-106.610180473265, 39.4572741350937], [-106.610645234433, 39.4572676979803], [-106.610647310687, 39.4573577687723], [-106.610995881914, 39.4573529397036], [-106.610997958627, 39.4574430104788], [-106.611346530219, 39.4574381803505], [-106.61134860739, 39.4575282511088], [-106.611929560605, 39.457520198549], [-106.611931638534, 39.4576102692801], [-106.61286116439, 39.45759737911], [-106.612859085265, 39.4575073084199], [-106.613440037874, 39.4574992483184], [-106.613437958011, 39.4574091776525], [-106.613902719331, 39.4574027275034], [-106.613900638878, 39.4573126568565], [-106.614249209322, 39.4573078180419], [-106.61424712843, 39.4572177474088], [-106.614595698341, 39.4572129075654], [-106.614593617008, 39.4571228369463], [-106.614942186386, 39.457117996074], [-106.614940104615, 39.4570279254689], [-106.61528867346, 39.4570230835678], [-106.615286591249, 39.4569330129766], [-106.615635159561, 39.4569281700468], [-106.61563307691, 39.4568380994694], [-106.615865455439, 39.4568348702797], [-106.615863372499, 39.4567447997112], [-106.616211939773, 39.4567399550719], [-106.616209856393, 39.4566498845173], [-106.616558423134, 39.4566450388492], [-106.616556339315, 39.4565549683085], [-106.616904905523, 39.4565501216118], [-106.616902821264, 39.456460051085], [-106.617367575479, 39.4564535872189], [-106.617365490631, 39.4563635167112], [-106.617830244097, 39.4563570510094], [-106.61782815866, 39.4562669805209], [-106.619222416367, 39.4562475723395], [-106.619224503599, 39.4563376427663], [-106.619573068264, 39.4563327880951], [-106.619575155955, 39.4564228585049], [-106.619923720984, 39.4564180027741], [-106.619925809133, 39.456508073167], [-106.620158186071, 39.4565048354227], [-106.620160274529, 39.4565949058038], [-106.620392651729, 39.4565916675852], [-106.620394740495, 39.4566817379545], [-106.620627117957, 39.4566784992614], [-106.620629207032, 39.4567685696189], [-106.620745395898, 39.4567669500932], [-106.620747485132, 39.4568570204441], [-106.620979863136, 39.4568537810343], [-106.620981952679, 39.4569438513734], [-106.621214330944, 39.4569406114892], [-106.621216420795, 39.4570306818164], [-106.621564988573, 39.4570258211045], [-106.621567078882, 39.4571158914148], [-106.622148025738, 39.4571077878821], [-106.622145934681, 39.4570177175976], [-106.622262123874, 39.4570160965482], [-106.622264215081, 39.4571061668275], [-106.622496593739, 39.4571029243703], [-106.622498685255, 39.4571929946378], [-106.622731064174, 39.4571897517061], [-106.622733155998, 39.4572798219618], [-106.622849345594, 39.4572782003168], [-106.622853529569, 39.4574583408134], [-106.622969719455, 39.457456719042], [-106.622971811606, 39.4575467892829], [-106.623088001631, 39.4575451673904], [-106.623092186262, 39.4577253078574], [-106.623208376577, 39.4577236858385], [-106.623210469056, 39.4578137560646], [-106.623326659511, 39.4578121339245], [-106.623330844797, 39.4579922743619], [-106.623447035542, 39.4579906520955], [-106.623449128348, 39.4580807223068], [-106.623565319234, 39.4580790999191], [-106.623569505174, 39.4582592403269], [-106.623685696349, 39.458257617813], [-106.623687789483, 39.4583476880095], [-106.623803980799, 39.4583460653743], [-106.623806074091, 39.4584361355641], [-106.623922265547, 39.4584345128077], [-106.623924358999, 39.4585245829909], [-106.624040550595, 39.4585229601134], [-106.624042644206, 39.4586130302899], [-106.624158835942, 39.4586114072911], [-106.624160929712, 39.458701477461], [-106.624277121589, 39.4586998543411], [-106.624279215518, 39.4587899245043], [-106.624395407534, 39.4587883012631], [-106.624397501622, 39.4588783714197], [-106.624513693779, 39.4588767480574], [-106.624515788026, 39.4589668182072], [-106.624631980324, 39.4589651947237], [-106.624634074729, 39.4590552648669], [-106.624750267167, 39.4590536412622], [-106.624752361732, 39.4591437113988], [-106.624984746878, 39.4591404638309], [-106.624986841752, 39.4592305339556], [-106.62510303446, 39.4592289099925], [-106.625105129493, 39.4593189801106], [-106.625337515181, 39.4593157318258], [-106.625339610523, 39.4594058019321], [-106.625920575327, 39.4593976791639], [-106.625922671426, 39.4594877492428], [-106.626387443699, 39.459481248919], [-106.626389540405, 39.4595713189757], [-106.626970506283, 39.4595631909345], [-106.626972603747, 39.4596532609639], [-106.627553570137, 39.459645129996], [-106.627555668359, 39.459735199998], [-106.627904248529, 39.4597303200093], [-106.62790634721, 39.4598203899943], [-106.628254927744, 39.4598155089458], [-106.628257026882, 39.4599055789138], [-106.628489414157, 39.4599023242909], [-106.628491513605, 39.459992394247], [-106.628607707378, 39.4599907667564], [-106.628609806984, 39.4600808367058], [-106.628842194801, 39.4600775813661], [-106.628844294716, 39.4601676513036], [-106.629076682795, 39.4601643954894], [-106.629078783018, 39.4602544654151], [-106.629543559661, 39.4602479523736], [-106.629541458839, 39.4601578824686], [-106.629657652826, 39.4601562539233], [-106.629655551864, 39.4600661840221], [-106.629887939511, 39.4600629265938], [-106.629885838259, 39.4599728567014], [-106.630002031919, 39.4599712278184], [-106.630004133321, 39.4600612977056], [-106.630585102227, 39.4600531515242], [-106.630587204386, 39.4601432213839], [-106.630935786066, 39.4601383322671], [-106.630937888684, 39.4602284021099], [-106.631170276722, 39.4602251421082], [-106.631172379649, 39.460315211939], [-106.631404767948, 39.4603119514628], [-106.631406871184, 39.4604020212818], [-106.631639259745, 39.460398760331], [-106.631641363289, 39.4604888301381], [-106.631873752112, 39.4604855687129], [-106.631875855965, 39.4605756385081], [-106.632108245049, 39.4605723766083], [-106.632110349211, 39.4606624463917], [-106.632342738557, 39.4606591840174], [-106.632344843027, 39.4607492537889], [-106.632461037835, 39.4607476224225], [-106.632463142465, 39.4608376921873], [-106.632695532353, 39.4608344290961], [-106.632697637291, 39.460924498849], [-106.63281383237, 39.4609228671241], [-106.632815937467, 39.4610129368703], [-106.633048327897, 39.4610096730621], [-106.633050433303, 39.4610997427964], [-106.633282823994, 39.4610964785137], [-106.633284929708, 39.4611865482361], [-106.633517320661, 39.4611832834789], [-106.633519426684, 39.4612733531894], [-106.633635622296, 39.4612717206315], [-106.63363983467, 39.4614518600378], [-106.633756030572, 39.4614502273535], [-106.633758136923, 39.4615402970492], [-106.633874332965, 39.4615386642436], [-106.633876439475, 39.4616287339326], [-106.633992635657, 39.4616271010059], [-106.633994742326, 39.4617171706882], [-106.634110938648, 39.4617155376402], [-106.634113045477, 39.4618056073158], [-106.634229241939, 39.4618039741465], [-106.634231348926, 39.4618940438155], [-106.634347545529, 39.461892410525], [-106.634351759831, 39.462072549848], [-106.634467956724, 39.462070916431], [-106.634470064039, 39.4621609860851], [-106.634586261071, 39.4621593525469], [-106.634588368545, 39.4622494221943], [-106.634820762882, 39.4622461547594], [-106.634822870665, 39.4623362243949], [-106.634939067968, 39.4623345904982], [-106.63494117591, 39.462424660127], [-106.635057373354, 39.462423026109], [-106.635059481455, 39.4625130957311], [-106.635175679039, 39.4625114615919], [-106.635177787299, 39.4626015312073], [-106.635410182738, 39.4625982625704], [-106.635412291307, 39.4626883321739], [-106.635528489162, 39.4626866976762], [-106.635534815375, 39.4629569064622], [-106.635651013669, 39.4629552718328], [-106.635655231491, 39.4631354110055], [-106.635771430075, 39.4631337762497], [-106.635775648234, 39.4633139154061], [-106.635891847108, 39.4633122805238], [-106.635893956351, 39.4634023500946], [-106.63612635437, 39.4633990799715], [-106.636128463922, 39.4634891495304], [-106.637174255887, 39.4634744281855], [-106.637176366795, 39.463564497696], [-106.637524964395, 39.4635595884767], [-106.637527075762, 39.46364965797], [-106.637991873028, 39.4636431106988], [-106.637993985003, 39.4637331801698], [-106.638458782716, 39.463726631021], [-106.638460895299, 39.4638167004697], [-106.63927429198, 39.463805234955], [-106.63927640562, 39.4638953043657], [-106.639741204113, 39.4638887500692], [-106.639743318361, 39.4639788194575], [-106.63997571785, 39.4639755416026], [-106.639977832407, 39.464065610979], [-106.640094032287, 39.4640639718722], [-106.640096147004, 39.4641540412419], [-106.640212347024, 39.4641524020139], [-106.640214461899, 39.4642424713769], [-106.64044686221, 39.4642391925622], [-106.640448977394, 39.4643292619133], [-106.640565177685, 39.4643276223267], [-106.640567293029, 39.464417691671], [-106.64068349346, 39.4644160519632], [-106.640685608963, 39.4645061213008], [-106.640801809534, 39.4645044814717], [-106.640806040867, 39.464684620132], [-106.640922241728, 39.4646829801764], [-106.640924357558, 39.4647730494991], [-106.64104055856, 39.4647714094222], [-106.641042674549, 39.4648614787382], [-106.641158875691, 39.4648598385401], [-106.64116099184, 39.4649499078493], [-106.641277193121, 39.4649482675299], [-106.641281425747, 39.4651284061336], [-106.641397627318, 39.4651267656876], [-106.641399743795, 39.465216834982], [-106.641515945506, 39.4652151944148], [-106.641518062142, 39.4653052637025], [-106.641634263994, 39.465303623014], [-106.641638497593, 39.4654837615743], [-106.641754699735, 39.4654821207594], [-106.641756816699, 39.4655721900321], [-106.64187301898, 39.4655705490959], [-106.641877253236, 39.4657506876264], [-106.641993455807, 39.4657490465636], [-106.6419976904, 39.4659291850777], [-106.642113893261, 39.4659275438885], [-106.642116010721, 39.4660176131381], [-106.642348416715, 39.466014330401], [-106.642346298956, 39.4659242611618], [-106.643043515811, 39.4659144101966], [-106.643041397163, 39.4658243409873], [-106.643971017907, 39.4658111999099], [-106.643968898071, 39.4657211307409], [-106.644666112332, 39.46571127009], [-106.644663991607, 39.465621200951], [-106.645477406764, 39.4656096916145], [-106.645475285001, 39.4655196225106], [-106.646404900554, 39.465506462062], [-106.646402777603, 39.4654163929985], [-106.64709998797, 39.4654065178194], [-106.647097864131, 39.4653164487858], [-106.647562670253, 39.465309863033], [-106.647560545825, 39.4652197940189], [-106.648490156413, 39.4652066169848], [-106.648488030797, 39.4651165480111], [-106.649417639578, 39.4651033635919], [-106.649415512774, 39.4650132946587], [-106.649880316337, 39.4650066996849], [-106.649878188944, 39.4649166307712], [-106.650226791067, 39.4649116833381], [-106.650224663235, 39.4648216144387], [-106.650340863773, 39.4648199650674], [-106.650338735801, 39.4647298961718], [-106.650571136551, 39.4647265970917], [-106.650569008288, 39.464636528205], [-106.650685208499, 39.4646348784961], [-106.650683080097, 39.4645448096132], [-106.650799280149, 39.4645431597936], [-106.650797151606, 39.4644530909144], [-106.650913351499, 39.4644514409839], [-106.650911222816, 39.4643613721085], [-106.651143622273, 39.46435807191], [-106.6511414933, 39.4642680030436], [-106.651490091965, 39.4642630518912], [-106.651487962553, 39.4641729830391], [-106.651720361316, 39.4641696817011], [-106.651718231614, 39.464079612858], [-106.652066829238, 39.4640746599965], [-106.652064699097, 39.4639845911676], [-106.652297097165, 39.4639812886902], [-106.652294966735, 39.4638912198704], [-106.652643563317, 39.4638862652998], [-106.652641432446, 39.4637961964942], [-106.652873829821, 39.4637928928774], [-106.652871698661, 39.4637028240808], [-106.653104095697, 39.4636995200104], [-106.653101964248, 39.4636094512229], [-106.653450559282, 39.4636044942627], [-106.653448427393, 39.4635144254894], [-106.653797021892, 39.4635094675007], [-106.653794889564, 39.4634193987417], [-106.654259681497, 39.4634127864865], [-106.654257548579, 39.463322717747], [-106.65460614198, 39.463317757353], [-106.654604008623, 39.4632276886278], [-106.654952601488, 39.4632227272052], [-106.654950467692, 39.4631326584944], [-106.655299060022, 39.4631276960432], [-106.655296925786, 39.4630376273467], [-106.655645517581, 39.4630326638669], [-106.655643382906, 39.4629425951846], [-106.655991974166, 39.4629376306763], [-106.655983433766, 39.4625773559957], [-106.656099630235, 39.4625757009486], [-106.656086819025, 39.4620352889143], [-106.655970623454, 39.4620369439298], [-106.655964218427, 39.4617667378766], [-106.655848023295, 39.4617683927603], [-106.655843753625, 39.4615882553735], [-106.655727558783, 39.4615899101306], [-106.655725424111, 39.4614998414297], [-106.655609229409, 39.4615014960655], [-106.655604960395, 39.4613213586487], [-106.655488765983, 39.4613230131579], [-106.655482362981, 39.4610528070057], [-106.655366169008, 39.4610544613831], [-106.655357632406, 39.4606941864714], [-106.655241439022, 39.4606958407118], [-106.655228635303, 39.4601554282678], [-106.655112442808, 39.4601570823605], [-106.655108175277, 39.4599769448567], [-106.654991983071, 39.4599785988228], [-106.654987715879, 39.4597984613025], [-106.654871523962, 39.4598001151421], [-106.654867257107, 39.4596199776052], [-106.654751065481, 39.4596216313182], [-106.654744665718, 39.459351424986], [-106.654628474531, 39.4593530785672], [-106.65462420837, 39.4591729409943], [-106.654508017472, 39.459174594449], [-106.654501618752, 39.4589043880627], [-106.654385428293, 39.4589060413856], [-106.654359836067, 39.4578252156427], [-106.65447602473, 39.457823562383], [-106.65446536096, 39.4573732182862], [-106.654581548866, 39.4573715649368], [-106.65457515027, 39.4571013584766], [-106.654691337717, 39.457099705027], [-106.654687071736, 39.4569195673899], [-106.654803258874, 39.4569179138348], [-106.654798992631, 39.4567377762022], [-106.654915179461, 39.4567361225416], [-106.654910912957, 39.4565559849136], [-106.655027099478, 39.4565543311475], [-106.655022832713, 39.456374193524], [-106.655139018925, 39.4563725396525], [-106.655132618401, 39.4561023332218], [-106.655248804155, 39.45610067925], [-106.655244536888, 39.4559205416327], [-106.655360722333, 39.4559188875554], [-106.655356454805, 39.4557387499426], [-106.655472639941, 39.4557370957598], [-106.655468372152, 39.4555569581516], [-106.655584556979, 39.4555553038633], [-106.655578154919, 39.4552850974555], [-106.655694339287, 39.4552834430671], [-106.655685802743, 39.4549231678568], [-106.655801986504, 39.4549215133734], [-106.65579131529, 39.4544711693532], [-106.655675132277, 39.4544728238102], [-106.655670864158, 39.4542926861811], [-106.655787046872, 39.4542910317346], [-106.655782778492, 39.4541108941101], [-106.655666596077, 39.4541125485461], [-106.655658060031, 39.453752273258], [-106.655774241847, 39.4537506188431], [-106.65577210771, 39.4536605500226], [-106.656469197509, 39.4536506211286], [-106.656471332543, 39.4537406899176], [-106.656703696032, 39.4537373793477], [-106.656705831376, 39.4538274481246], [-106.656938195125, 39.4538241370802], [-106.656940330778, 39.453914205845], [-106.657288876779, 39.4539092383926], [-106.65729101289, 39.4539993071401], [-106.657523377142, 39.4539959949146], [-106.657525513561, 39.4540860636501], [-106.657641695823, 39.4540844073581], [-106.657643832401, 39.4541744760868], [-106.657876197194, 39.4541711631442], [-106.657878334081, 39.4542612318609], [-106.658110699135, 39.4542579184438], [-106.658112836331, 39.4543479871484], [-106.658229018993, 39.4543463302605], [-106.658231156348, 39.4544363989584], [-106.658463521943, 39.4544330848241], [-106.658465659607, 39.45452315351], [-106.658581842539, 39.4545214962636], [-106.658583980363, 39.4546115649426], [-106.658700163435, 39.4546099075749], [-106.658702301417, 39.4546999762472], [-106.658934667833, 39.4546966611532], [-106.658936806124, 39.4547867298135], [-106.659052989467, 39.4547850720872], [-106.659055127917, 39.4548751407407], [-106.659287494873, 39.4548718249296], [-106.659289633632, 39.454961893571], [-106.659405817245, 39.4549602354862], [-106.659407956164, 39.4550503041208], [-106.659872691119, 39.4550436706003], [-106.659874830645, 39.4551337392124], [-106.660107198365, 39.4551304217455], [-106.660105058539, 39.4550403531441], [-106.660685976921, 39.4550320574734], [-106.660683836358, 39.4549419888969], [-106.661032386823, 39.4549370101182], [-106.66103024582, 39.454846941556], [-106.66114642914, 39.4548452817364], [-106.661144287997, 39.454755213178], [-106.661260471157, 39.4547535532477], [-106.661258329874, 39.4546634846931], [-106.661374512876, 39.454661824652], [-106.661372371453, 39.4545717561012], [-106.661488554295, 39.4545700959494], [-106.661486412732, 39.4544800274024], [-106.661602595415, 39.4544783671399], [-106.661598312019, 39.4542982300519], [-106.661714494393, 39.454296569684], [-106.66171235256, 39.4542065011431], [-106.661828534775, 39.4542048406645], [-106.661824250838, 39.4540247035886], [-106.661940432744, 39.4540230430046], [-106.661938290641, 39.4539329744697], [-106.662054472388, 39.4539313137749], [-106.662052330144, 39.4538412452438], [-106.662168511732, 39.4538395844383], [-106.662166369349, 39.453749515911], [-106.662282550777, 39.4537478549948], [-106.66227826574, 39.4535677179463], [-106.66239444686, 39.4535660569247], [-106.662392304206, 39.4534759884035], [-106.662624666117, 39.4534726660228], [-106.662622523174, 39.4533825975107], [-106.662854884748, 39.4533792746766], [-106.662852741515, 39.4532892061735], [-106.662968922138, 39.4532875445878], [-106.662966778766, 39.4531974760885], [-106.663082959229, 39.4531958143921], [-106.663080815717, 39.4531057458966], [-106.663196996021, 39.4531040840894], [-106.663194852368, 39.4530140155978], [-106.663311032514, 39.4530123536799], [-106.663308888721, 39.452922285192], [-106.663425068707, 39.4529206231634], [-106.663422924775, 39.4528305546793], [-106.663539104602, 39.45282889254], [-106.663536960529, 39.4527388240597], [-106.663653140197, 39.4527371618098], [-106.663650995985, 39.4526470933333], [-106.663767175493, 39.4526454309726], [-106.663762886798, 39.4524652940257], [-106.663879065998, 39.4524636315596], [-106.663876921515, 39.4523735630892], [-106.663993100556, 39.4523719005124], [-106.663990955933, 39.4522818320457], [-106.664107134814, 39.4522801693582], [-106.664104990052, 39.4521901008954], [-106.664221168774, 39.4521884380972], [-106.664219023872, 39.4520983696382], [-106.664335202435, 39.4520967067293], [-106.664333057392, 39.4520066382741], [-106.664681592575, 39.4520016488673], [-106.664679447093, 39.4519115804265], [-106.664911803535, 39.4519082535859], [-106.664909657763, 39.4518181851541], [-106.66502583582, 39.4518165215652], [-106.665021544008, 39.4516363847078], [-106.665137721755, 39.4516347210134], [-106.665135575714, 39.4515446525878], [-106.665251753303, 39.4515429887827], [-106.665249607122, 39.4514529203609], [-106.665365784551, 39.4514512564451], [-106.66536363823, 39.4513611880271], [-106.6654798155, 39.4513595240006], [-106.665477669039, 39.4512694555864], [-106.665710023252, 39.4512661271961], [-106.665707876501, 39.4511760587909], [-106.665940230376, 39.4511727299473], [-106.665938083336, 39.4510826615512], [-106.666170436873, 39.4510793322542], [-106.666168289543, 39.4509892638673], [-106.666516819328, 39.4509842690678], [-106.66651467156, 39.4508942006952], [-106.667095553594, 39.4508858737361], [-106.667093405087, 39.4507958053886], [-106.667558109943, 39.4507891417548], [-106.667555960848, 39.450699073427], [-106.667788312919, 39.4506957409247], [-106.667786163534, 39.450605672606], [-106.66929644911, 39.4505840001019], [-106.669298600439, 39.4506740683516], [-106.66987947982, 39.4506657275272], [-106.669881631907, 39.4507557957488], [-106.669997807903, 39.4507541272307], [-106.669999960149, 39.4508441954456], [-106.670232312413, 39.4508408580507], [-106.670234464967, 39.4509309262534], [-106.670466817491, 39.450927588384], [-106.670468970355, 39.4510176565746], [-106.670701323139, 39.4510143182306], [-106.670703476311, 39.451104386409], [-106.67163288826, 39.451091028351], [-106.671630733892, 39.451000960215], [-106.672443967793, 39.4509892658621], [-106.672441812387, 39.4508991977618], [-106.672790340608, 39.4508941841725], [-106.672788184763, 39.4508041160867], [-106.673252888324, 39.4507974296983], [-106.673250731891, 39.4507073616323], [-106.673599259011, 39.4507023456392], [-106.673597102139, 39.4506122775877], [-106.674061804233, 39.4506055879943], [-106.674059646772, 39.4505155199626], [-106.674524348113, 39.4505088285348], [-106.674522190063, 39.4504187605229], [-106.675219240886, 39.4504087199336], [-106.67521708195, 39.4503186519521], [-106.675333256903, 39.45031697812], [-106.67533541599, 39.4504070460961], [-106.675567766167, 39.4504036980732], [-106.675565606782, 39.4503136301077], [-106.675797956621, 39.4503102816315], [-106.675795796946, 39.4502202136752], [-106.676028146448, 39.4502168647457], [-106.676025986484, 39.4501267967986], [-106.676258335647, 39.4501234474158], [-106.676256175394, 39.4500333794779], [-106.676372349812, 39.4500317046178], [-106.676370189418, 39.4499416366837], [-106.676486363677, 39.449939961713], [-106.676484203143, 39.4498498937827], [-106.676600377243, 39.4498482187014], [-106.676598216569, 39.4497581507749], [-106.67671439051, 39.4497564755829], [-106.676707908099, 39.4494862718105], [-106.676824081581, 39.4494845965185], [-106.67681759881, 39.4492143927486], [-106.676933771833, 39.4492127173567], [-106.676920805655, 39.4486723098083], [-106.677036977771, 39.4486706343324], [-106.677026172142, 39.4482202946943], [-106.677142343501, 39.4482186191291], [-106.677077510328, 39.4455165806737], [-106.676961343454, 39.4455182560789], [-106.676920289799, 39.4438069642585], [-106.677036453832, 39.4438052889546], [-106.677029971547, 39.4435350849495], [-106.677146135122, 39.4435334095457], [-106.67714397423, 39.4434433415463], [-106.677376301051, 39.4434399904015], [-106.67737413987, 39.4433499224113], [-106.677490303117, 39.4433482466703], [-106.677488141796, 39.4432581786839], [-106.677720467961, 39.4432548268647], [-106.677718306351, 39.4431647588875], [-106.678066795077, 39.443159730305], [-106.678064633029, 39.4430696623423], [-106.679226259991, 39.4430528929171], [-106.679228423534, 39.4431429608264], [-106.679925400143, 39.4431328935735], [-106.679927564593, 39.4432229614492], [-106.680276053215, 39.4432179262414], [-106.680278218123, 39.4433079940996], [-106.680742870081, 39.4433012788444], [-106.680745035597, 39.4433913466797], [-106.681093524911, 39.4433863090048], [-106.681095690886, 39.4434763768226], [-106.681560343767, 39.443469658278], [-106.681562510349, 39.4435597260729], [-106.682027163673, 39.4435530056516], [-106.682029330863, 39.4436430734236], [-106.682493984629, 39.4436363511256], [-106.682491816841, 39.443546283375], [-106.683072633082, 39.4435378779203], [-106.683070464557, 39.4434478101949], [-106.683302790686, 39.4434444472121], [-106.683300621871, 39.4433543794959], [-106.683532947663, 39.44335101606], [-106.683530778558, 39.4432609483531], [-106.68364694129, 39.4432592664665], [-106.683644772046, 39.4431691987634], [-106.683877097181, 39.4431658346532], [-106.683874927648, 39.4430757669593], [-106.683991090051, 39.4430740847356], [-106.683988920378, 39.4429840170455], [-106.684105082622, 39.4429823347112], [-106.68410291281, 39.4428922670251], [-106.684219074895, 39.4428905845802], [-106.684214734999, 39.442710449214], [-106.684330896776, 39.4427087666639], [-106.684328726693, 39.442618698984], [-106.68444488831, 39.4426170163233], [-106.684440547875, 39.4424368809695], [-106.684556709184, 39.4424351982036], [-106.684552368489, 39.4422550628546], [-106.684668529488, 39.4422533799834], [-106.684666359006, 39.442163312312], [-106.684782519846, 39.4421616293302], [-106.684778178612, 39.4419814939937], [-106.684894339144, 39.4419798109067], [-106.684889997649, 39.4417996755748], [-106.685006157872, 39.4417979923826], [-106.685001816118, 39.4416178570555], [-106.685117976032, 39.441616173758], [-106.685113634018, 39.4414360384356], [-106.685229793623, 39.4414343550329], [-106.685225451349, 39.4412542197153], [-106.685341610646, 39.4412525362073], [-106.685337268111, 39.4410724008944], [-106.6854534271, 39.4410707172812], [-106.685446912923, 39.4408005143166], [-106.685563071453, 39.4407988306036], [-106.685558728418, 39.4406186952971], [-106.685674886639, 39.4406170114789], [-106.685666200088, 39.4402567408693], [-106.685782357702, 39.4402550569566], [-106.685778014186, 39.4400749216536], [-106.685661856871, 39.4400766055556], [-106.685627112539, 39.4386355228296], [-106.685510957606, 39.4386372065299], [-106.68550444377, 39.43836700346], [-106.685388289275, 39.4383686870283], [-106.685381775975, 39.4380984839288], [-106.685265621919, 39.4381001673651], [-106.685263450988, 39.4380100996569], [-106.685147297072, 39.4380117829719], [-106.685142955538, 39.4378316475403], [-106.685026801911, 39.4378333307287], [-106.685024631308, 39.4377432630053], [-106.684908477821, 39.4377449460724], [-106.684906307377, 39.4376548783421], [-106.68479015403, 39.4376565612879], [-106.68478581347, 39.4374764258122], [-106.684669660412, 39.4374781086313], [-106.68466532019, 39.4372979731389], [-106.684549167421, 39.4372996558314], [-106.684538317785, 39.4368493170472], [-106.684422165753, 39.436850999597], [-106.684389620545, 39.4354999829395], [-106.684505770335, 39.4354983004701], [-106.684501430841, 39.435318164901], [-106.684617580322, 39.4353164823263], [-106.68461541044, 39.4352264145449], [-106.684731559763, 39.4352247318597], [-106.684727219729, 39.435044596303], [-106.684843368743, 39.4350429135126], [-106.684841198591, 39.4349528457374], [-106.684957347445, 39.4349511628364], [-106.684953006872, 39.4347710272922], [-106.685069155418, 39.434769344286], [-106.685064814585, 39.4345892087465], [-106.685180962823, 39.4345875256351], [-106.685172280676, 39.4342272545595], [-106.685288428306, 39.4342255713536], [-106.685277575094, 39.4337752325022], [-106.685393721967, 39.4337735492073], [-106.685389380452, 39.4335934136669], [-106.685505527016, 39.4335917302667], [-106.685503356124, 39.4335016624997], [-106.685619502529, 39.4334999789889], [-106.685617331497, 39.4334099112258], [-106.685733477743, 39.4334082276045], [-106.685729135409, 39.4332280920843], [-106.685845281347, 39.4332264083578], [-106.685843110045, 39.4331363406008], [-106.685959255823, 39.4331346567638], [-106.685957084382, 39.4330445890107], [-106.686073230001, 39.4330429050631], [-106.68607105842, 39.4329528373139], [-106.68618720388, 39.4329511532557], [-106.686185032159, 39.4328610855103], [-106.68630117746, 39.4328594013417], [-106.6862990056, 39.4327693336001], [-106.686415150741, 39.4327676493209], [-106.686412978741, 39.4326775815833], [-106.686529123724, 39.4326758971935], [-106.686526951584, 39.4325858294597], [-106.686643096407, 39.4325841449594], [-106.686640924128, 39.4324940772295], [-106.686757068792, 39.4324923926186], [-106.686754896373, 39.4324023248925], [-106.686871040878, 39.4324006401711], [-106.686868868319, 39.4323105724489], [-106.687101157001, 39.4323072026691], [-106.687098984153, 39.4322171349561], [-106.68721512833, 39.4322154498977], [-106.687212955343, 39.4321253821886], [-106.687329099361, 39.4321236970197], [-106.687326926234, 39.4320336293144], [-106.68767535778, 39.4320285731283], [-106.687673184215, 39.4319385054376], [-106.688021615225, 39.4319334482244], [-106.688019441221, 39.4318433805484], [-106.688716302083, 39.4318332630247], [-106.688714127192, 39.4317431953794], [-106.691501563538, 39.4317026836881], [-106.691499385071, 39.4316126161702], [-106.693009242133, 39.4315906445325], [-106.693007061734, 39.4315005770831], [-106.693936202524, 39.4314870463825], [-106.693934020939, 39.4313969789747], [-106.694050163345, 39.4313952871209], [-106.69404798162, 39.431305219717], [-106.694164123867, 39.4313035277527], [-106.694161942003, 39.4312134603526], [-106.69427808409, 39.4312117682779], [-106.694275902086, 39.4311217008817], [-106.694392044014, 39.4311200086964], [-106.694389861871, 39.4310299413041], [-106.694506003639, 39.4310282490083], [-106.694503821356, 39.4309381816199], [-106.694619962966, 39.4309364892136], [-106.694615598131, 39.430756354443], [-106.694731739432, 39.4307546619316], [-106.69472955688, 39.4306645945495], [-106.694961839153, 39.4306612091897], [-106.694959656312, 39.4305711418168], [-106.696237206472, 39.4305525141104], [-106.696235021997, 39.4304624467954], [-106.696467303418, 39.4304590584438], [-106.696465118655, 39.430368991138], [-106.696697399738, 39.4303656023336], [-106.696695214685, 39.4302755350371], [-106.697275916474, 39.4302670610249], [-106.697273730684, 39.4301769937539], [-106.699248112394, 39.4301481605315], [-106.699245924074, 39.4300580933508], [-106.699710483467, 39.4300513042172], [-106.699708294559, 39.4299612370566], [-106.699940573898, 39.4299578418052], [-106.699938384701, 39.4298677746539], [-106.700170663702, 39.4298643789498], [-106.700168474216, 39.4297743118078], [-106.700400752879, 39.4297709156509], [-106.700398563104, 39.4296808485183], [-106.700746980576, 39.4296757534299], [-106.700744790364, 39.4295856863119], [-106.70097706833, 39.4295822890177], [-106.700974877828, 39.4294922219091], [-106.701207155457, 39.4294888241621], [-106.701204964666, 39.4293987570628], [-106.701437241957, 39.429395358863], [-106.701435050877, 39.4293052917731], [-106.70166732783, 39.4293018931206], [-106.701665136461, 39.4292118260399], [-106.701781274773, 39.4292101265453], [-106.701779083265, 39.4291200594685], [-106.702011359561, 39.4291166601423], [-106.702009167764, 39.4290265930749], [-106.702125305748, 39.4290248932433], [-106.702123113811, 39.4289348261798], [-106.702239251636, 39.4289331262378], [-106.702234867493, 39.4287529921171], [-106.702351005009, 39.42875129207], [-106.702348812804, 39.4286612250128], [-106.70246495016, 39.4286595248553], [-106.702462757815, 39.428569457802], [-106.702578895012, 39.4285677575339], [-106.702576702528, 39.4284776904846], [-106.702692839566, 39.4284759901061], [-106.702686261722, 39.4282057889652], [-106.702802398303, 39.428204088487], [-106.702795820099, 39.4279338873488], [-106.702911956222, 39.427932186771], [-106.702896606379, 39.427301717434], [-106.702780471303, 39.4273034179739], [-106.702776086021, 39.4271232838533], [-106.702659951233, 39.4271249842664], [-106.702657758756, 39.4270349171985], [-106.703470701019, 39.4270230119106], [-106.703472894541, 39.4271130789406], [-106.70498264512, 39.4270909539852], [-106.704980449656, 39.4270008870255], [-106.705444987363, 39.4269940754286], [-106.705442791312, 39.4269040084892], [-106.706720267551, 39.4268852670971], [-106.706722465246, 39.4269753339768], [-106.707070868098, 39.4269702202383], [-106.707068669955, 39.4268801533748], [-106.707533206355, 39.4268733334561], [-106.707531007624, 39.4267832666128], [-106.707879409373, 39.4267781504734], [-106.707877210204, 39.4266880836448], [-106.708109477688, 39.4266846723166], [-106.708107278231, 39.4265946054975], [-106.708339545377, 39.4265911937166], [-106.70833734563, 39.4265011269068], [-106.708685745827, 39.4264960083828], [-106.708683545643, 39.4264059415878], [-106.708915812092, 39.4264025286699], [-106.708913611619, 39.4263124618842], [-106.709378143803, 39.4263056346796], [-106.709375942742, 39.4262155679142], [-106.709956607003, 39.4262070313283], [-106.709954405205, 39.4261169645886], [-106.710535068472, 39.426108425133], [-106.710532865937, 39.426018358419], [-106.71111352821, 39.4260098160936], [-106.711111324938, 39.4259197494052], [-106.711691986218, 39.4259112042102], [-106.711689782209, 39.4258211375475], [-106.712270442494, 39.4258125894828], [-106.712268237749, 39.4257225228459], [-106.712732765202, 39.4257156823301], [-106.712730559869, 39.4256256157134], [-106.713311218215, 39.4256170624887], [-106.713309012145, 39.4255269958978], [-106.713773538047, 39.4255201512541], [-106.713771331389, 39.4254300846835], [-106.714351987797, 39.4254215262989], [-106.714349780403, 39.425331459754], [-106.714814304753, 39.4253246109825], [-106.714812096771, 39.4252345444579], [-106.714928227685, 39.4252328319807], [-106.714926019564, 39.4251427654601], [-106.715158281062, 39.4251393401692], [-106.715156072652, 39.4250492736579], [-106.715388333812, 39.4250458479144], [-106.715386125113, 39.4249557814125], [-106.715734516332, 39.4249506419445], [-106.715732307194, 39.4248605754576], [-106.715848437431, 39.4248588620753], [-106.715846228155, 39.4247687955923], [-106.715962358232, 39.4247670820996], [-106.715960148816, 39.4246770156205], [-106.716076278735, 39.4246753020174], [-106.716074069179, 39.4245852355423], [-106.716190198938, 39.4245835218288], [-106.716187989244, 39.4244934553576], [-106.716420248433, 39.4244900275938], [-106.71641803845, 39.4243999611321], [-106.71653416788, 39.4243982470819], [-106.716529747644, 39.4242181141648], [-106.716645876766, 39.4242164000096], [-106.716643666514, 39.4241263335542], [-106.71687592443, 39.4241229049072], [-106.716873713888, 39.4240328384613], [-106.716989842682, 39.4240311239694], [-106.716987632001, 39.4239410575275], [-106.717336017874, 39.423935913373], [-106.717333806756, 39.4238458469459], [-106.718959604226, 39.4238218271803], [-106.718961817436, 39.4239118935309], [-106.719542459665, 39.4239033095122], [-106.719544673631, 39.423993375834], [-106.720241444874, 39.4239830711552], [-106.720243659746, 39.4240731374426], [-106.720475917046, 39.4240697016118], [-106.720478132227, 39.4241597678869], [-106.720710389786, 39.4241563315816], [-106.720712605275, 39.4242463978442], [-106.720944863093, 39.4242429610646], [-106.720947078891, 39.4243330273148], [-106.721179336968, 39.4243295900607], [-106.721181553075, 39.4244196562984], [-106.721413811411, 39.42441621857], [-106.721416027826, 39.4245062847952], [-106.721764415703, 39.4245011273171], [-106.721766632577, 39.4245911935244], [-106.722115020812, 39.4245860349871], [-106.722117238144, 39.4246761011765], [-106.722697885751, 39.4246675012694], [-106.722700103839, 39.42475756743], [-106.723164622343, 39.4247506853968], [-106.723166841038, 39.4248407515339], [-106.723399100529, 39.4248373098111], [-106.723401319533, 39.4249273759358], [-106.723749709143, 39.4249222124662], [-106.723751928605, 39.4250122785729], [-106.724564838392, 39.4250002263834], [-106.724562617884, 39.424910160315], [-106.724911007196, 39.4249049933693], [-106.72490878625, 39.4248149273159], [-106.725141045443, 39.4248114821171], [-106.725138824208, 39.4247214160732], [-106.725487212474, 39.4247162474223], [-106.725484990802, 39.4246261813934], [-106.725717249297, 39.4246227350578], [-106.725715027336, 39.4245326690383], [-106.726063414556, 39.4245274986823], [-106.726061192157, 39.4244374326778], [-106.726293449956, 39.4244339852055], [-106.726291227268, 39.4243439192104], [-106.726639613442, 39.4243387471494], [-106.726637390317, 39.4242486811693], [-106.726869647418, 39.4242452325602], [-106.726867424003, 39.4241551665896], [-106.727215809132, 39.4241499928235], [-106.72721358528, 39.4240599268679], [-106.727445841684, 39.4240564771221], [-106.727443617542, 39.4239664111759], [-106.727675873608, 39.4239629609777], [-106.727673649178, 39.423872895041], [-106.727789777046, 39.4238711697736], [-106.727787552477, 39.4237811038409], [-106.728019807885, 39.4237776529695], [-106.728017583027, 39.4236875870462], [-106.728133710567, 39.4236858614422], [-106.72813148557, 39.423595795523], [-106.728363740321, 39.4235923439783], [-106.728361515035, 39.4235022780686], [-106.728477642246, 39.4235005521279], [-106.728475416821, 39.4234104862222], [-106.728591543873, 39.4234087601712], [-106.728589318308, 39.4233186942694], [-106.728821572083, 39.4233152418308], [-106.72881934623, 39.4232251759385], [-106.728935472953, 39.423223449551], [-106.728933246961, 39.4231333836627], [-106.729049373524, 39.4231316571647], [-106.729047147392, 39.4230415912804], [-106.729279400192, 39.4230381379479], [-106.729277173771, 39.4229480720731], [-106.729393300006, 39.4229463452386], [-106.729391073446, 39.4228562793677], [-106.729507199522, 39.4228545524228], [-106.729504972823, 39.422764486556], [-106.729737224646, 39.4227610323296], [-106.729734997658, 39.4226709664723], [-106.729851123405, 39.4226692391908], [-106.729848896278, 39.4225791733375], [-106.730081147444, 39.422575718438], [-106.730078920028, 39.4224856525941], [-106.730195045447, 39.422483924976], [-106.730192817892, 39.4223938591362], [-106.7304250684, 39.4223904035635], [-106.730422840556, 39.4223003377332], [-106.730538965646, 39.4222986097785], [-106.730536737663, 39.4222085439522], [-106.730768987515, 39.4222050877064], [-106.730766759243, 39.4221150218895], [-106.730882884004, 39.4221132935983], [-106.730880655593, 39.4220232277854], [-106.730996780195, 39.4220214993839], [-106.730994551644, 39.421931433575], [-106.73122680052, 39.4219279764354], [-106.731224571681, 39.421837910636], [-106.731340695954, 39.4218361818979], [-106.731338466976, 39.4217461161025], [-106.731570715194, 39.4217426582898], [-106.731568485927, 39.4216525925039], [-106.731800733806, 39.4216491342387], [-106.731798504251, 39.4215590684624], [-106.732146875547, 39.4215538802122], [-106.732144645553, 39.4214638144509], [-106.732493016312, 39.4214586251745], [-106.73249078588, 39.4213685594282], [-106.733071402864, 39.4213599083448], [-106.733069171696, 39.4212698426245], [-106.734462649645, 39.4212490682734], [-106.734464882605, 39.4213391339275], [-106.734929375532, 39.4213322054145], [-106.734931609099, 39.421422271045], [-106.735279979137, 39.4214170734272], [-106.735282213162, 39.4215071390398], [-106.735746707002, 39.4215002072387], [-106.735748941635, 39.4215902728277], [-106.736097312358, 39.4215850727439], [-106.736099547448, 39.4216751383147], [-106.736215671152, 39.4216734047162], [-106.736217906402, 39.4217634702801], [-106.736450154078, 39.4217600027245], [-106.736452389636, 39.4218500682758], [-106.736568513608, 39.4218483343187], [-106.736570749326, 39.421938399863], [-106.736686873438, 39.4219366657845], [-106.736689109315, 39.4220267313218], [-106.736921357806, 39.4220232628063], [-106.736923593992, 39.422113328331], [-106.737039718372, 39.4221115938939], [-106.737041954718, 39.4222016594116], [-106.737158079237, 39.4221999248531], [-106.737160315742, 39.4222899903638], [-106.7372764404, 39.422288255684], [-106.737278677064, 39.4223783211876], [-106.737394801862, 39.4223765863864], [-106.737397038685, 39.422466651883], [-106.737513163622, 39.4224649169604], [-106.737515400605, 39.42255498245], [-106.737747650748, 39.4225515122462], [-106.737749888039, 39.4226415777232], [-106.737982138441, 39.4226381070449], [-106.737984376041, 39.4227281725094], [-106.738332752015, 39.4227229656064], [-106.738334990074, 39.4228130310528], [-106.739031742648, 39.4228026140856], [-106.739029503693, 39.4227125486723], [-106.739494004611, 39.4227056017325], [-106.73949176507, 39.4226155363398], [-106.739607890125, 39.4226137993208], [-106.739605650444, 39.4225237339322], [-106.73972177534, 39.4225219968028], [-106.73971953552, 39.4224319314182], [-106.739951784983, 39.4224284568229], [-106.739949544874, 39.4223383914478], [-106.740065669441, 39.4223366539819], [-106.740063429193, 39.4222465886109], [-106.740179553601, 39.4222448510347], [-106.740177313214, 39.4221547856678], [-106.740293437462, 39.4221530479812], [-106.740291196936, 39.4220629826182], [-106.740407321024, 39.4220612448214], [-106.740405080359, 39.4219711794625], [-106.740521204288, 39.4219694415552], [-106.740518963483, 39.4218793762004], [-106.740751211013, 39.4218759000495], [-106.74074896992, 39.4217858347041], [-106.74086509352, 39.4217840964604], [-106.740862852288, 39.4216940311191], [-106.740978975729, 39.4216922927651], [-106.740976734357, 39.4216022274279], [-106.741092857639, 39.4216004889635], [-106.741090616128, 39.4215104236303], [-106.74120673925, 39.4215086850556], [-106.7412044976, 39.4214186197264], [-106.741436743516, 39.4214151422406], [-106.741434501577, 39.421325076921], [-106.741550624371, 39.4213233380098], [-106.741548382292, 39.4212332726942], [-106.741780627551, 39.4212297945355], [-106.741778385184, 39.4211397292294], [-106.741894507649, 39.4211379899818], [-106.741892265143, 39.4210479246798], [-106.742008387448, 39.4210461853219], [-106.742006144803, 39.4209561200239], [-106.742122266949, 39.4209543805556], [-106.742120024164, 39.4208643152617], [-106.742236146151, 39.4208625756832], [-106.742233903227, 39.4207725103932], [-106.742350025055, 39.4207707707044], [-106.742347781992, 39.4206807054185], [-106.74246390366, 39.4206789656193], [-106.742461660457, 39.4205889003375], [-106.742577781966, 39.420587160428], [-106.742575538624, 39.4204970951502], [-106.742691659974, 39.4204953551304], [-106.742689416493, 39.4204052898566], [-106.742805537683, 39.4204035497265], [-106.742803294063, 39.4203134844568], [-106.743035536114, 39.4203100038601], [-106.743033292205, 39.4202199386], [-106.743149413066, 39.4202181981334], [-106.743147169018, 39.4201281328773], [-106.74326328972, 39.4201263923004], [-106.743261045533, 39.4200363270483], [-106.743377166075, 39.4200345863611], [-106.743374921749, 39.4199445211131], [-106.743491042132, 39.4199427803156], [-106.743488797666, 39.4198527150716], [-106.74360491789, 39.4198509741638], [-106.743602673285, 39.4197609089238], [-106.74371879335, 39.4197591679057], [-106.743716548606, 39.4196691026698], [-106.744181028165, 39.4196621374612], [-106.744178782833, 39.4195720722459], [-106.744294902549, 39.4195703306597], [-106.744292657078, 39.4194802654485], [-106.744641015716, 39.4194750400114], [-106.744638769808, 39.4193849748153], [-106.745219366589, 39.4193762634644], [-106.745221613243, 39.4194663286327], [-106.745918329944, 39.4194558711555], [-106.745920577504, 39.4195459362891], [-106.746268936166, 39.4195407059699], [-106.746271184185, 39.4196307710853], [-106.746503423541, 39.4196272836156], [-106.746505671868, 39.4197173487184], [-106.746737911483, 39.4197138607742], [-106.746740160119, 39.4198039258644], [-106.746972399991, 39.4198004374456], [-106.746974648936, 39.4198905025232], [-106.747206889067, 39.41988701363], [-106.74720913832, 39.419977078695], [-106.74732525852, 39.4199753340691], [-106.747327507932, 39.420065399127], [-106.7475597486, 39.4200619095165], [-106.747561998321, 39.4201519745618], [-106.747678118789, 39.4201502295772], [-106.74768036867, 39.4202402946154], [-106.747796489277, 39.4202385495095], [-106.747798739317, 39.4203286145406], [-106.747914860064, 39.4203268693133], [-106.747917110263, 39.4204169343374], [-106.748033231149, 39.4204151889886], [-106.748035481508, 39.4205052540056], [-106.748151602532, 39.4205035085354], [-106.748153853051, 39.4205935735454], [-106.748269974215, 39.4205918279538], [-106.748272224892, 39.4206818929568], [-106.748388346196, 39.4206801472438], [-106.748390597033, 39.4207702122396], [-106.748506718475, 39.4207684664052], [-106.748508969472, 39.420858531394], [-106.748625091053, 39.4208567854382], [-106.748627342209, 39.4209468504199], [-106.74874346393, 39.4209451043427], [-106.748745715246, 39.4210351693174], [-106.748861837106, 39.4210334231188], [-106.74886408858, 39.4211234880863], [-106.74898021058, 39.4211217417663], [-106.748982462214, 39.4212118067268], [-106.749214706481, 39.4212083137282], [-106.749219210376, 39.4213884436224], [-106.749335332793, 39.4213866969382], [-106.749337584906, 39.4214767618775], [-106.749453707462, 39.4214750150718], [-106.749455959734, 39.4215650800041], [-106.749688205114, 39.4215615860341], [-106.749690457695, 39.4216516509537], [-106.749922703333, 39.4216481565092], [-106.749924956223, 39.4217382214161], [-106.75015720212, 39.4217347264971], [-106.750159455318, 39.4218247913915], [-106.750391701473, 39.4218212959978], [-106.750393954979, 39.4219113608796], [-106.750510078191, 39.4219096130034], [-106.750512331857, 39.4219996778781], [-106.751209071811, 39.421989188155], [-106.751211326383, 39.4220792529947], [-106.751443573252, 39.4220757554824], [-106.751445828133, 39.4221658203095], [-106.751794198808, 39.4221605731554], [-106.751796454147, 39.4222506379643], [-106.752260948837, 39.4222436401146], [-106.752263204783, 39.4223337048997], [-106.752611576142, 39.4223284552793], [-106.752613832547, 39.4224185200462], [-106.753078328148, 39.422411518908], [-106.753080585159, 39.4225015836511], [-106.753545081195, 39.422494580637], [-106.753547338815, 39.4225846453563], [-106.755056951753, 39.4225618726861], [-106.755059211324, 39.4226519373314], [-106.756220452373, 39.4226344065137], [-106.75621819131, 39.4225443419243], [-106.756798810708, 39.4225355721989], [-106.756796548907, 39.4224455076358], [-106.759002897468, 39.4224121563708], [-106.759005162105, 39.4225022208277], [-106.75970190389, 39.4224916801268], [-106.759704169433, 39.4225817445486], [-106.760400911748, 39.4225711996434], [-106.760403178197, 39.4226612640301], [-106.761216044814, 39.4226489563303], [-106.761218312318, 39.4227390206763], [-106.761798931772, 39.4227302259585], [-106.761801200033, 39.422820290275], [-106.762614067885, 39.4228079727651], [-106.762616337202, 39.4228980370409], [-106.762964709434, 39.4228927563534], [-106.762966979209, 39.4229828206109], [-106.763431475973, 39.4229757780499], [-106.763433746356, 39.4230658422835], [-106.764478864823, 39.4230499896934], [-106.764476593096, 39.4229599255103], [-106.764824965287, 39.422954639245], [-106.764822693123, 39.4228645750772], [-106.765054940901, 39.4228610503324], [-106.765052668449, 39.4227709861743], [-106.765284915887, 39.4227674609772], [-106.765282643146, 39.4226773968289], [-106.765514890245, 39.4226738711796], [-106.765512617215, 39.422583807041], [-106.7656287406, 39.4225820440482], [-106.765626467432, 39.4224919799137], [-106.765742590657, 39.4224902168107], [-106.765740317349, 39.4224001526802], [-106.765856440415, 39.422398389467], [-106.765854166969, 39.4223083253407], [-106.765970289875, 39.4223065620171], [-106.765968016289, 39.4222164978949], [-106.766084139036, 39.4222147344612], [-106.766081865311, 39.4221246703431], [-106.766197987898, 39.4221229067991], [-106.766195714034, 39.4220328426851], [-106.766311836462, 39.4220310790309], [-106.766309562459, 39.421941014921], [-106.766425684727, 39.4219392511566], [-106.766423410585, 39.4218491870508], [-106.766539532693, 39.4218474231761], [-106.766537258412, 39.4217573590744], [-106.766653380361, 39.4217555950895], [-106.766651105941, 39.4216655309919], [-106.766767227731, 39.4216637668968], [-106.766762678622, 39.4214836387084], [-106.766878800102, 39.4214818745086], [-106.766876525414, 39.4213918104178], [-106.766992646735, 39.4213900461078], [-106.766990371908, 39.421299982021], [-106.76710649307, 39.4212982176008], [-106.767101943147, 39.421118089434], [-106.767218064, 39.4211163249092], [-106.767215788904, 39.4210262608291], [-106.767331909598, 39.4210244961941], [-106.767327359139, 39.4208443680407], [-106.767443479523, 39.420842603301], [-106.767438928806, 39.4206624751529], [-106.767555048882, 39.4206607103086], [-106.76755277339, 39.4205706462379], [-106.767668893306, 39.4205688812833], [-106.767664342054, 39.4203887531486], [-106.767780461661, 39.4203869880895], [-106.767773634411, 39.4201167958929], [-106.76788975356, 39.4201150307348], [-106.767885201812, 39.4199349026075], [-106.768001320653, 39.4199331373448], [-106.76799449266, 39.4196629451593], [-106.768110611042, 39.4196611797977], [-106.768106058799, 39.4194810516777], [-106.768222176873, 39.4194792862114], [-106.768219900618, 39.4193892221548], [-106.768336018532, 39.4193874565783], [-106.768333742138, 39.4192973925258], [-106.768449859892, 39.4192956268391], [-106.768447583359, 39.4192055627907], [-106.768563700954, 39.4192037969938], [-106.768561424281, 39.4191137329495], [-106.768677541717, 39.4191119670424], [-106.768675264905, 39.4190219030022], [-106.768907499448, 39.4190183708517], [-106.768905222348, 39.4189283068212], [-106.769137456551, 39.4189247742186], [-106.769135179162, 39.4188347101979], [-106.769367413026, 39.4188311771432], [-106.769365135349, 39.4187411131322], [-106.769597368873, 39.4187375796254], [-106.769595090908, 39.4186475156242], [-106.769943440669, 39.4186422145121], [-106.769941162267, 39.4185521505262], [-106.770289511488, 39.4185468483885], [-106.770287232648, 39.418456784418], [-106.770519465113, 39.4184532490916], [-106.770517185984, 39.4183631851308], [-106.770633302052, 39.4183614172995], [-106.770631022784, 39.4182713533429], [-106.771095486356, 39.4182642808818], [-106.771093206501, 39.4181742169462], [-106.771557669312, 39.4181671426542], [-106.771555388871, 39.4180770787396], [-106.772019850921, 39.4180700026169], [-106.772017569892, 39.4179799387233], [-106.772365915875, 39.4179746304319], [-106.772363634409, 39.4178845665537], [-106.772595864714, 39.4178810271249], [-106.77259358296, 39.4177909632565], [-106.772825812925, 39.4177874233756], [-106.772823530883, 39.4176973595169], [-106.774449137406, 39.4176725674567], [-106.774451421539, 39.4177626312364], [-106.776541486804, 39.4177307222697], [-106.776543773634, 39.4178207859463], [-106.777704921061, 39.4178030424699], [-106.777707209393, 39.4178931060885], [-106.778403898252, 39.4178824544089], [-106.778406187491, 39.4179725179922], [-106.779218991737, 39.4179600857228], [-106.779221282031, 39.4180501492649], [-106.779569627002, 39.418044819395], [-106.779571917754, 39.4181348829186], [-106.779804147982, 39.4181313290816], [-106.779806439043, 39.4182213925924], [-106.780154784755, 39.4182160609511], [-106.780157076274, 39.4183061244434], [-106.780505422342, 39.4183007917427], [-106.780507714319, 39.4183908552165], [-106.780739945278, 39.4183872994922], [-106.780742237564, 39.4184773629532], [-106.781090584373, 39.418472028481], [-106.781092877117, 39.4185620919236], [-106.781208992848, 39.4185603135288], [-106.781211285752, 39.4186503769642], [-106.781559633333, 39.418645041068], [-106.781561926695, 39.4187351044849], [-106.781910274631, 39.4187297675293], [-106.781912568451, 39.4188198309276], [-106.78237703282, 39.4188127133424], [-106.782379327247, 39.4189027767166], [-106.783076024386, 39.4188920968299], [-106.78307831972, 39.4189821601686], [-106.784123366077, 39.4189661324687], [-106.784125662765, 39.4190561957548], [-106.784822360768, 39.419045505375], [-106.784824658361, 39.4191355686256], [-106.785056891246, 39.4191320042277], [-106.785059189148, 39.4192220674654], [-106.785407538844, 39.4192167199827], [-106.785409837204, 39.4193067832019], [-106.785642070582, 39.4193032176229], [-106.785644369252, 39.4193932808292], [-106.785876602887, 39.4193897147755], [-106.785878901865, 39.419479777969], [-106.786111135758, 39.4194762114406], [-106.786113435044, 39.4195662746212], [-106.786345669194, 39.4195627076181], [-106.78634796879, 39.4196527707858], [-106.786580203198, 39.4196492033081], [-106.786582503102, 39.4197392664629], [-106.786814737767, 39.4197356985105], [-106.78681703798, 39.4198257616524], [-106.787049272902, 39.4198221932253], [-106.787051573425, 39.4199122563544], [-106.787283808604, 39.4199086874525], [-106.787286109435, 39.4199987505687], [-106.787518344872, 39.4199951811921], [-106.787520646012, 39.4200852442955], [-106.787636763864, 39.4200834594277], [-106.787639065164, 39.4201735225239], [-106.787871301135, 39.4201699524296], [-106.787873602744, 39.4202600155128], [-106.788105838973, 39.4202564449438], [-106.788108140891, 39.4203465080142], [-106.788224259139, 39.4203447225502], [-106.788226561216, 39.4204347856134], [-106.788458797981, 39.4204312143266], [-106.788461100367, 39.4205212773769], [-106.788693337388, 39.4205177056154], [-106.788695640083, 39.4206077686528], [-106.788811758728, 39.4206059825926], [-106.788814061582, 39.4206960456228], [-106.789046299139, 39.4206924731435], [-106.789048602303, 39.4207825361609], [-106.789164721215, 39.4207807497418], [-106.789167024538, 39.4208708127519], [-106.78939926263, 39.4208672395548], [-106.789401566262, 39.4209573025521], [-106.789517685442, 39.4209555157741], [-106.789519989234, 39.4210455787642], [-106.789636108552, 39.4210437918646], [-106.789638412504, 39.4211338548475], [-106.789754531961, 39.4211320678264], [-106.789756836072, 39.4212221308021], [-106.789872955669, 39.4212203436595], [-106.789877564221, 39.421400469595], [-106.789993684106, 39.4213986823251], [-106.789998292997, 39.4215788082431], [-106.79011441317, 39.4215770208461], [-106.790119022402, 39.4217571467467], [-106.790235142863, 39.4217553592224], [-106.790237447644, 39.4218454221648], [-106.790353568244, 39.421843634519], [-106.790355873184, 39.4219336974541], [-106.790358178135, 39.4220237603877], [-106.790474299024, 39.4220219726147], [-106.790481214385, 39.4222921613894], [-106.790597335712, 39.4222903734835], [-106.790601946303, 39.4224704993143], [-106.790718067917, 39.4224687112812], [-106.790722678849, 39.4226488370946], [-106.790838800752, 39.4226470489342], [-106.790845717674, 39.4229172376259], [-106.790961840015, 39.4229154493326], [-106.790966451647, 39.4230955751081], [-106.791082574275, 39.4230937866876], [-106.791089492249, 39.4233639753225], [-106.791205615315, 39.423362186769], [-106.79121253383, 39.4236323753732], [-106.791328657334, 39.4236305866868], [-106.791333270027, 39.423810712404], [-106.791449393819, 39.4238089235903], [-106.791456313385, 39.4240791121377], [-106.791572437615, 39.4240773231911], [-106.791577051009, 39.4242574488704], [-106.791693175527, 39.4242556597965], [-106.791700096144, 39.4245258482871], [-106.791816221099, 39.4245240590802], [-106.791820835194, 39.4247041847217], [-106.791936960438, 39.4247023953876], [-106.791941574873, 39.4248825210116], [-106.792057700405, 39.4248807315503], [-106.79206231518, 39.4250608571568], [-106.792178441001, 39.4250590675683], [-106.792183056116, 39.4252391931573], [-106.792299182225, 39.4252374034415], [-106.79230379768, 39.4254175290132], [-106.792419924077, 39.4254157391702], [-106.792424539872, 39.4255958647244], [-106.792540666558, 39.425594074754], [-106.79254297462, 39.4256841375232], [-106.792659101444, 39.4256823474313], [-106.792661409667, 39.4257724101932], [-106.79277753663, 39.4257706199798], [-106.792779845012, 39.4258606827345], [-106.793012099206, 39.4258571019487], [-106.793014407897, 39.4259471646905], [-106.795685331584, 39.4259059522125], [-106.79568764372, 39.4259960148216], [-106.796036025114, 39.4259906347453], [-106.796038337709, 39.4260806973357], [-106.796270592218, 39.4260771100275], [-106.796272905122, 39.426167172605], [-106.796737414614, 39.4261599965754], [-106.796739728124, 39.4262500591286], [-106.797088110582, 39.4262446758727], [-106.797090424552, 39.4263347384072], [-106.797554934948, 39.4263275590878], [-106.797557249525, 39.4264176215979], [-106.797905632661, 39.4264122358747], [-106.797907947696, 39.4265022983662], [-106.798256331187, 39.426496911583], [-106.798258646681, 39.4265869740558], [-106.798607030526, 39.4265815862128], [-106.798609346478, 39.4266716486669], [-106.798957730677, 39.426666259764], [-106.798960047088, 39.4267563221995], [-106.799192303468, 39.4267527290067], [-106.799194620187, 39.4268427914293], [-106.799426876824, 39.4268391977616], [-106.799429193853, 39.4269292601712], [-106.799661450747, 39.4269256660287], [-106.799663768084, 39.4270157284253], [-106.800244410884, 39.4270067410129], [-106.800246728979, 39.4270968033794], [-106.801640272429, 39.4270752217027], [-106.801642592326, 39.427165283999], [-106.802339364385, 39.4271544868696], [-106.802341685189, 39.42724454913], [-106.802690071526, 39.427239148984], [-106.802692392788, 39.4273292112257], [-106.803040779479, 39.4273238100197], [-106.8030431012, 39.4274138722427], [-106.803159230225, 39.4274120716033], [-106.803161552106, 39.427502133819], [-106.80327768127, 39.427500333058], [-106.80328000331, 39.4275903952664], [-106.803396132614, 39.4275885943838], [-106.803400777024, 39.4277687187848], [-106.803516906616, 39.4277669177748], [-106.803526196158, 39.4281271665357], [-106.803642326337, 39.4281253653869], [-106.803651616644, 39.4284856141007], [-106.803767747409, 39.4284838128131], [-106.803772392924, 39.4286639371494], [-106.803888523978, 39.4286621357345], [-106.8038908469, 39.4287521978946], [-106.804006978093, 39.4287503963581], [-106.804009301175, 39.428840458511], [-106.804357695139, 39.428835053189], [-106.80436001868, 39.4289251153232], [-106.804592281569, 39.4289215111844], [-106.804594605418, 39.4290115733056], [-106.804826868565, 39.4290079686918], [-106.804829192723, 39.4290980308], [-106.80494532443, 39.4290962283136], [-106.804943000122, 39.4290061662111], [-106.80645270942, 39.4289827234179], [-106.806450383181, 39.4288926613885], [-106.808076219899, 39.4288673934845], [-106.80807389158, 39.4287773315341], [-106.80958359333, 39.4287538482201], [-106.809585923591, 39.4288439100957], [-106.8099343165, 39.4288384880713], [-106.80993198579, 39.4287484262129], [-106.81062877043, 39.4287375790701], [-106.810626438835, 39.4286475172447], [-106.810974830565, 39.4286420921264], [-106.810972498533, 39.4285520303168], [-106.811669280815, 39.4285411769863], [-106.811666947897, 39.4284511152097], [-106.812015338448, 39.4284456869975], [-106.812013005093, 39.4283556252366], [-106.812245265109, 39.4283520058607], [-106.812247598764, 39.42844206761], [-106.813060509538, 39.4284293961041], [-106.813062844248, 39.4285194578116], [-106.813875755555, 39.4285067805879], [-106.813878091321, 39.4285968422535], [-106.815620044631, 39.4285696575696], [-106.815617706625, 39.4284795959906], [-106.816314486392, 39.4284687148521], [-106.8163121475, 39.4283786533061], [-106.816776666538, 39.4283713969196], [-106.81677432706, 39.4282813353953], [-106.81712271578, 39.4282758919061], [-106.817120375864, 39.4281858303976], [-106.817701022774, 39.4281767556272], [-106.817698682121, 39.4280866941461], [-106.818395457171, 39.4280758006328], [-106.818393115633, 39.4279857391848], [-106.819438276154, 39.4279693911461], [-106.819435933283, 39.4278793297487], [-106.820248834277, 39.4278666081596], [-106.820246490371, 39.4277765468012], [-106.820594875905, 39.427771092971], [-106.820592531561, 39.4276810316284], [-106.820708659902, 39.4276792134591], [-106.82070631542, 39.4275891521207], [-106.820822443601, 39.4275873338413], [-106.82082009898, 39.4274972725072], [-106.820936227001, 39.4274954541177], [-106.820933882241, 39.4274053927879], [-106.821050010103, 39.4274035742884], [-106.821047665204, 39.4273135129629], [-106.821163792905, 39.4273116943533], [-106.821161447868, 39.427221633032], [-106.821277575409, 39.4272198143123], [-106.821275230233, 39.4271297529953], [-106.821507484986, 39.42712611522], [-106.821505139522, 39.427036053913], [-106.821621266733, 39.4270342348574], [-106.82161892113, 39.4269441735547], [-106.821735048181, 39.426942354389], [-106.821732702439, 39.4268522930906], [-106.821964956212, 39.4268486544231], [-106.821962610182, 39.4267585931348], [-106.822194863615, 39.4267549540155], [-106.822192517296, 39.4266648927372], [-106.822424770388, 39.4266612531661], [-106.822422423781, 39.4265711918979], [-106.822770802892, 39.4265657316896], [-106.822768455848, 39.4264756704373], [-106.823232960584, 39.4264683885607], [-106.823230612953, 39.4263783273301], [-106.823346738961, 39.4263765065771], [-106.823344391192, 39.4262864453508], [-106.82346051704, 39.4262846244877], [-106.823458169132, 39.4261945632657], [-106.82357429482, 39.4261927422926], [-106.823571946773, 39.4261026810748], [-106.823688072302, 39.4261008599916], [-106.823685724116, 39.4260107987781], [-106.823801849485, 39.4260089775849], [-106.82379950116, 39.4259189163757], [-106.823915626369, 39.4259170950724], [-106.823913277905, 39.4258270338675], [-106.824029402955, 39.4258252124541], [-106.82402470576, 39.4256450900513], [-106.824140830501, 39.4256432685337], [-106.82413613305, 39.4254631461364], [-106.824252257481, 39.4254613245146], [-106.824247559773, 39.4252812021228], [-106.824363683895, 39.4252793803967], [-106.824358985931, 39.4250992580105], [-106.824475109744, 39.4250974361802], [-106.824472760628, 39.4250073749906], [-106.824588884281, 39.4250055530502], [-106.824584185783, 39.424825430678], [-106.824700309127, 39.4248236086334], [-106.824695610373, 39.4246434862668], [-106.824811733407, 39.4246416641179], [-106.824809383896, 39.4245516029382], [-106.824925506771, 39.4245497806792], [-106.824920807483, 39.4243696583268], [-106.825036930048, 39.4243678359636], [-106.825032230503, 39.4241877136167], [-106.825148352759, 39.4241858911492], [-106.825143652958, 39.4240057688078], [-106.825259774905, 39.4240039462362], [-106.825255074848, 39.4238238239003], [-106.825371196486, 39.4238220012244], [-106.825368846323, 39.42373194006], [-106.825484967801, 39.4237301172741], [-106.82548026721, 39.4235499949523], [-106.825596388379, 39.4235481720621], [-106.825594037949, 39.4234581109048], [-106.825710158959, 39.4234562879045], [-106.825707808391, 39.4233662267515], [-106.82582392924, 39.4233644036412], [-106.825821578533, 39.4232743424925], [-106.825937699222, 39.4232725192722], [-106.825935348377, 39.4231824581277], [-106.826167589425, 39.4231788113511], [-106.826165238292, 39.4230887502168], [-106.828371523312, 39.4230540828397], [-106.828373877282, 39.4231441438637], [-106.828954478716, 39.4231350138902], [-106.828956833444, 39.4232250748836], [-106.829305194625, 39.4232195954919], [-106.829307549811, 39.4233096564664], [-106.829655911345, 39.4233041760147], [-106.82965826699, 39.4233942369702], [-106.830122749485, 39.4233869280563], [-106.830125105737, 39.423476988987], [-106.83058958866, 39.4234696781963], [-106.83059194552, 39.4235597391022], [-106.830824187217, 39.4235560830002], [-106.830826544386, 39.423646143893], [-106.831058786339, 39.4236424873159], [-106.831061143817, 39.4237325481955], [-106.831293386026, 39.4237288911434], [-106.831295743814, 39.4238189520099], [-106.831411865052, 39.4238171233043], [-106.831414222999, 39.4239071841634], [-106.831646465742, 39.423903526393], [-106.831648823998, 39.423993587239], [-106.831997188482, 39.423988099697], [-106.831999547197, 39.424078160524], [-106.832347912033, 39.424072671922], [-106.832350271206, 39.42416273273], [-106.833511488131, 39.4241444298018], [-106.833509127464, 39.4240543690521], [-106.833741370423, 39.424050707088], [-106.833739009469, 39.4239606463484], [-106.833971252087, 39.4239569839325], [-106.833968890845, 39.4238669232031], [-106.834201133122, 39.4238632603356], [-106.834198771592, 39.4237731996163], [-106.83454713448, 39.4237677044636], [-106.834544772513, 39.4236776437603], [-106.834893134858, 39.4236721475826], [-106.834890772453, 39.4235820868952], [-106.835123013665, 39.4235784222092], [-106.835120650972, 39.423488361532], [-106.835352891843, 39.4234846963943], [-106.835350528862, 39.4233946357272], [-106.835582769392, 39.4233909701378], [-106.835580406123, 39.4233009094809], [-106.835812646312, 39.4232972434398], [-106.835810282755, 39.4232071827931], [-106.835926402684, 39.4232053496046], [-106.835924038988, 39.4231152889622], [-106.836156278516, 39.4231116222493], [-106.836153914533, 39.4230215616171], [-106.836502273298, 39.4230160606966], [-106.836499908876, 39.4229260000803], [-106.836732147701, 39.4229223322324], [-106.836729782992, 39.4228322716263], [-106.837078140702, 39.4228267690033], [-106.837075775556, 39.4227367084132], [-106.837308013678, 39.4227330394303], [-106.837305648244, 39.4226429788503], [-106.837654004899, 39.4226374745247], [-106.837651639027, 39.4225474139608], [-106.837999995139, 39.4225419086102], [-106.83799762883, 39.4224518480622], [-106.838229865886, 39.422448177261], [-106.838227499289, 39.4223581167232], [-106.838924209307, 39.4223471015745], [-106.838921841825, 39.4222570410703], [-106.839966904792, 39.4222405105809], [-106.839964535977, 39.4221504501278], [-106.840545125395, 39.4221412624975], [-106.840542755845, 39.4220512020722], [-106.842168402712, 39.4220254613834], [-106.842170774353, 39.4221155217269], [-106.84251912743, 39.4221100028936], [-106.842751362761, 39.4221063230923], [-106.842753735159, 39.4221963834049], [-106.843102088524, 39.4221908628166], [-106.84310446138, 39.4222809231102], [-106.843452815097, 39.4222754014618], [-106.843455188412, 39.4223654617362], [-106.843687424468, 39.4223617800464], [-106.843689798092, 39.4224518403075], [-106.843922034405, 39.4224481581427], [-106.843924408338, 39.4225382183906], [-106.844156644907, 39.4225345357507], [-106.844159019149, 39.4226245959854], [-106.844391255974, 39.4226209128704], [-106.844393630526, 39.4227109730918], [-106.844509749071, 39.4227091313547], [-106.844512123783, 39.4227991915688], [-106.844628242467, 39.4227973497099], [-106.844630617339, 39.4228874099166], [-106.844746736162, 39.4228855679361], [-106.844749111193, 39.4229756281354], [-106.844865230155, 39.4229737860332], [-106.844867605346, 39.4230638462251], [-106.844983724446, 39.4230620040012], [-106.844986099797, 39.4231520641857], [-106.845102219036, 39.4231502218401], [-106.845104594548, 39.4232402820173], [-106.845220713925, 39.4232384395499], [-106.845223089596, 39.4233284997197], [-106.845339209112, 39.4233266571307], [-106.845341584944, 39.4234167172931], [-106.845457704598, 39.4234148745823], [-106.845460080589, 39.4235049347373], [-106.845576200383, 39.4235030919049], [-106.845578576534, 39.4235931520525], [-106.845694696466, 39.4235913090983], [-106.845697072777, 39.4236813692386], [-106.845813192848, 39.4236795261627], [-106.8458179458, 39.4238596464269], [-106.845934066159, 39.4238578032235], [-106.8459364428, 39.4239478633474], [-106.846052563298, 39.4239460200223], [-106.846054940099, 39.4240360801388], [-106.846171060735, 39.424034236692], [-106.846175814669, 39.4242143569088], [-106.846291935593, 39.4242125133344], [-106.846296689868, 39.4243926335334], [-106.846412811079, 39.4243907898314], [-106.846415188382, 39.4244808499227], [-106.846531309733, 39.424479006099], [-106.846536064669, 39.4246591262654], [-106.846652186307, 39.4246572823141], [-106.84665456394, 39.4247473423892], [-106.846770685717, 39.4247454983161], [-106.846773063511, 39.4248355583838], [-106.846889185426, 39.4248337141891], [-106.846893941344, 39.4250138343082], [-106.847010063547, 39.4250119899858], [-106.847012441671, 39.4251020500372], [-106.847128564013, 39.4251002055931], [-106.847130942297, 39.4251902656371], [-106.847247064778, 39.4251884210713], [-106.847251821677, 39.425368541143], [-106.847367944445, 39.4253666964497], [-106.84737032306, 39.4254567564774], [-106.847486445967, 39.4254549116623], [-106.847488824742, 39.4255449716826], [-106.847604947788, 39.4255431267458], [-106.847609705668, 39.4257232467701], [-106.847725829002, 39.4257214017057], [-106.847728208107, 39.4258114617097], [-106.84784433158, 39.4258096165236], [-106.847846710845, 39.4258996765202], [-106.847962834456, 39.4258978312123], [-106.847965213881, 39.4259878912015], [-106.848081337631, 39.4259860457719], [-106.848086096812, 39.4261661657341], [-106.84820222085, 39.4261643201769], [-106.848204600606, 39.4262543801498], [-106.848320724782, 39.4262525344709], [-106.848323104698, 39.4263425944364], [-106.848439229013, 39.4263407486358], [-106.848441609089, 39.4264308085939], [-106.848557733543, 39.4264289626716], [-106.848560113779, 39.4265190226223], [-106.848676238371, 39.4265171765782], [-106.848678618767, 39.4266072365216], [-106.848794743498, 39.4266053903557], [-106.848797124054, 39.4266954502917], [-106.849029373782, 39.4266917576008], [-106.849031754647, 39.4267818175234], [-106.849844629406, 39.4267688894148], [-106.849842247496, 39.4266788295333], [-106.850306746526, 39.4266714395174], [-106.850304364029, 39.4265813796579], [-106.850536613181, 39.4265776839666], [-106.850534230396, 39.4264876241174], [-106.850998727975, 39.4264802313681], [-106.850996344604, 39.4263901715409], [-106.852622082692, 39.4263642824038], [-106.852624468154, 39.4264543421486], [-106.85285671658, 39.426450641835], [-106.852859102351, 39.4265407015666], [-106.852975226697, 39.4265388512301], [-106.852977612628, 39.4266289109542], [-106.853209861587, 39.426625209922], [-106.853212247828, 39.4267152696328], [-106.85332837244, 39.426713418937], [-106.853330758841, 39.4268034786404], [-106.853446883592, 39.4268016278229], [-106.853449270153, 39.4268916875189], [-106.853565395043, 39.4268898365797], [-106.853567781763, 39.4269798962682], [-106.853683906792, 39.4269780452072], [-106.853686293672, 39.4270681048884], [-106.853802418839, 39.4270662537057], [-106.85380480588, 39.4271563133794], [-106.853920931186, 39.4271544620749], [-106.853923318386, 39.4272445217412], [-106.854039443831, 39.427242670315], [-106.854041831192, 39.4273327299739], [-106.854274082347, 39.4273290267621], [-106.854276470017, 39.4274190864077], [-106.854857098464, 39.4274098263212], [-106.854854710047, 39.4273197667051], [-106.855203086539, 39.4273142092807], [-106.855200697685, 39.4272241496807], [-106.856710326093, 39.4272000555362], [-106.856712716888, 39.4272901150594], [-106.857293343463, 39.4272808428379], [-106.857295735015, 39.4273709023301], [-106.857527985869, 39.4273671926187], [-106.857530377731, 39.4274572520976], [-106.85776262884, 39.427453541911], [-106.857765021011, 39.4275436013766], [-106.857881146699, 39.4275417461036], [-106.85788353903, 39.4276318055617], [-106.858115790672, 39.4276280946563], [-106.858118183313, 39.4277181541011], [-106.858234309267, 39.4277162984688], [-106.858236702068, 39.4278063579061], [-106.858468954243, 39.427802646282], [-106.858471347353, 39.4278927057061], [-106.858703599783, 39.4278889936067], [-106.858705993203, 39.4279790530174], [-106.858938245889, 39.4279753404428], [-106.858940639618, 39.4280653998402], [-106.85917289256, 39.4280616867904], [-106.859175286598, 39.4281517461744], [-106.859291413202, 39.4281498894698], [-106.859293807401, 39.4282399488463], [-106.859409934143, 39.42823809202], [-106.859412328502, 39.4283281513892], [-106.859528455383, 39.428326294441], [-106.859530849902, 39.4284163538027], [-106.859646976922, 39.4284144967328], [-106.8596493716, 39.4285045560871], [-106.859765498759, 39.4285026988954], [-106.859770288446, 39.4286828175876], [-106.859886415893, 39.4286809602683], [-106.859891205922, 39.4288610789426], [-106.860007333657, 39.4288592214955], [-106.860014519229, 39.4291293994779], [-106.859898391047, 39.4291312569426], [-106.859965456874, 39.4316529176165], [-106.860081589238, 39.4316510599862], [-106.860103149244, 39.4324615934678], [-106.860219282941, 39.4324597356684], [-106.860226470252, 39.4327299134505], [-106.860342604386, 39.4327280555174], [-106.860349792242, 39.4329982332681], [-106.860582061375, 39.4329945170189], [-106.860584457647, 39.4330845762542], [-106.860700592347, 39.4330827179499], [-106.860702988779, 39.4331727771778], [-106.860819123617, 39.4331709187517], [-106.860821520209, 39.4332609779722], [-106.860937655187, 39.4332591194242], [-106.860940051939, 39.4333491786373], [-106.861056187055, 39.4333473199675], [-106.861058583967, 39.4334373791732], [-106.861174719221, 39.4334355203816], [-106.861177116294, 39.4335255795798], [-106.861409387069, 39.4335218616373], [-106.861411784451, 39.4336119208221], [-106.861527919972, 39.4336100616712], [-106.861530317514, 39.4337001208485], [-106.86187872446, 39.4336945426826], [-106.861881122461, 39.4337846018407], [-106.862345665503, 39.4337771626401], [-106.862348064112, 39.433867221773], [-106.862696471728, 39.4338616411381], [-106.862698870796, 39.4339517002517], [-106.863976366204, 39.4339312289358], [-106.863973965493, 39.4338411698874], [-106.866645084606, 39.4337983210549], [-106.86664268047, 39.4337082621413], [-106.867804033334, 39.4336896131538], [-106.867801627715, 39.4335995542981], [-106.868150032916, 39.43359395736], [-106.868152438982, 39.4336840161979], [-106.868965385118, 39.4336709525786], [-106.868967792241, 39.4337610113734], [-106.869548468475, 39.4337516767107], [-106.869550876356, 39.4338417354743], [-106.870247688376, 39.4338305300195], [-106.870250097164, 39.4339205887459], [-106.870946909691, 39.4339093790838], [-106.870949319386, 39.433999437773], [-106.871529996942, 39.4339900931716], [-106.8715275865, 39.4339000345122], [-106.871759857148, 39.4338962958723], [-106.871762267888, 39.4339863545199], [-106.872459080469, 39.4339751357837], [-106.872461492116, 39.434065194394], [-106.872809898708, 39.4340595834438], [-106.872812310814, 39.4341496420347], [-106.87304458212, 39.4341459008099], [-106.873046994536, 39.4342359593874], [-106.873163130322, 39.4342340885952], [-106.873165542898, 39.4343241471652], [-106.873397814737, 39.4343204052213], [-106.873400227622, 39.4344104637779], [-106.873516363674, 39.4344085926261], [-106.87351877672, 39.4344986511752], [-106.873634912911, 39.4344967799017], [-106.873637326117, 39.4345868384433], [-106.873753462446, 39.4345849670479], [-106.873755875812, 39.434675025582], [-106.873988148738, 39.4346712824317], [-106.873990562413, 39.4347613409524], [-106.874222835594, 39.4347575973266], [-106.874225249579, 39.4348476558339], [-106.874341386302, 39.4348457838412], [-106.874343800448, 39.434935842341], [-106.874576074161, 39.4349320979961], [-106.874578488616, 39.4350221564825], [-106.874694625605, 39.4350202841302], [-106.87469704022, 39.4351103426091], [-106.874813177349, 39.435108470135], [-106.874815592124, 39.4351985286064], [-106.874931729391, 39.4351966560105], [-106.874934144326, 39.4352867144744], [-106.875050281732, 39.4352848417566], [-106.875052696827, 39.435374900213], [-106.875168834371, 39.4353730273734], [-106.875173664894, 39.4355531442698], [-106.875289802725, 39.4355512713024], [-106.87529463359, 39.4357313881807], [-106.87541077171, 39.4357295150855], [-106.875415602917, 39.4359096319457], [-106.875531741324, 39.4359077587227], [-106.875536572873, 39.436087875565], [-106.875652711569, 39.4360860022142], [-106.875662375394, 39.4364462358566], [-106.875778514676, 39.436444362366], [-106.875793011635, 39.4369847127482], [-106.875909151803, 39.436982839106], [-106.875947814659, 39.438423773095], [-106.876063957206, 39.4384218992414], [-106.876097791574, 39.4396827160786], [-106.876213936202, 39.4396808420256], [-106.876228438192, 39.4402211919715], [-106.876344583705, 39.4402193177668], [-106.876354252513, 39.4405795510098], [-106.876470398614, 39.4405776766654], [-106.876489737945, 39.4412981430305], [-106.87660588523, 39.4412962685224], [-106.876615555754, 39.4416565016446], [-106.876731703626, 39.4416546269967], [-106.876734121433, 39.4417446852675], [-106.876850269443, 39.4417428104978], [-106.87685510539, 39.4419229270228], [-106.876971253688, 39.4419210521253], [-106.876973671827, 39.4420111103795], [-106.877322117104, 39.4420054849735], [-106.877324535702, 39.4420955432084], [-106.878253723827, 39.442080536978], [-106.878256143631, 39.4421705951635], [-106.878836886604, 39.4421612124726], [-106.878839307166, 39.4422512706268], [-106.879187753267, 39.4422456396034], [-106.879190174289, 39.4423356977381], [-106.879538620741, 39.4423300656536], [-106.879541042221, 39.4424201237689], [-106.879657191166, 39.4424182461696], [-106.879659612807, 39.4425083042773], [-106.87977576189, 39.4425064265562], [-106.879778183692, 39.4425964846564], [-106.880010482125, 39.4425927288544], [-106.880012904236, 39.4426827869411], [-106.880129053585, 39.4426809088603], [-106.880131475857, 39.4427709669396], [-106.880596073745, 39.4427634534331], [-106.880598496624, 39.4428535114869], [-106.881179244487, 39.442844116966], [-106.881181668125, 39.4429341749883], [-106.881878566098, 39.4429228977022], [-106.881880990643, 39.4430129556872], [-106.882577889121, 39.4430016741923], [-106.882580314574, 39.4430917321399], [-106.883277213557, 39.4430804464362], [-106.883279639917, 39.4431705043463], [-106.884789588311, 39.4431460375956], [-106.884787160009, 39.4430559797633], [-106.885135608929, 39.4430503308262], [-106.885133180189, 39.4429602730104], [-106.885481628562, 39.442954623048], [-106.885479199385, 39.4428645652487], [-106.885827647212, 39.4428589142611], [-106.885825217597, 39.4427688564782], [-106.886057515795, 39.4427650885856], [-106.886055085893, 39.4426750308132], [-106.886171234826, 39.442673146699], [-106.886168804785, 39.4425830889311], [-106.886284953558, 39.442581204707], [-106.886282523378, 39.4424911469436], [-106.88639867199, 39.4424892626096], [-106.886396241672, 39.4423992048506], [-106.886512390125, 39.4423973204067], [-106.886509959668, 39.4423072626522], [-106.88662610796, 39.4423053780984], [-106.886623677364, 39.4422153203484], [-106.886739825496, 39.4422134356846], [-106.886737394762, 39.4421233779391], [-106.886853542734, 39.4421214931655], [-106.886851111861, 39.4420314354244], [-106.886967259672, 39.4420295505408], [-106.886964828662, 39.4419394928043], [-106.887197123952, 39.4419357227014], [-106.887194692653, 39.4418456649753], [-106.887426987601, 39.4418418944209], [-106.887424556014, 39.4417518367052], [-106.88765685062, 39.4417480656992], [-106.887654418745, 39.441658007994], [-106.887886713008, 39.4416542365363], [-106.887884280846, 39.4415641788417], [-106.888000427811, 39.441562292945], [-106.887997995511, 39.4414722352548], [-106.888114142316, 39.4414703492482], [-106.888111709876, 39.4413802915624], [-106.888227856521, 39.441378405446], [-106.888225423943, 39.4412883477647], [-106.888341570428, 39.4412864615383], [-106.888339137712, 39.4411964038616], [-106.888455284036, 39.4411945175253], [-106.888452851181, 39.441104459853], [-106.888568997345, 39.4411025734068], [-106.888566564352, 39.441012515739], [-106.888682710355, 39.4410106291829], [-106.888680277223, 39.4409205715196], [-106.888796423067, 39.4409186848536], [-106.888793989796, 39.4408286271947], [-106.888910135479, 39.4408267404189], [-106.88890770207, 39.4407366827645], [-106.889023847593, 39.4407347958787], [-106.889021414046, 39.4406447382288], [-106.88925370476, 39.4406409641216], [-106.889251270924, 39.4405509064822], [-106.889831996771, 39.4405414692159], [-106.8898295622, 39.440451411605], [-106.890874866691, 39.440434417278], [-106.890872430786, 39.4403443597197], [-106.891220864971, 39.4403386928759], [-106.891218428629, 39.4402486353341], [-106.891683006792, 39.4402410779438], [-106.891680569863, 39.4401510204245], [-106.892029002922, 39.4401453511829], [-106.892026565556, 39.4400552936802], [-106.892374998069, 39.4400496234136], [-106.892372560265, 39.4399595659274], [-106.892720992232, 39.4399538946357], [-106.892718553991, 39.439863837166], [-106.892950841615, 39.4398600557375], [-106.892948403086, 39.4397699982783], [-106.893064546732, 39.4397681073962], [-106.893062108065, 39.4396780499415], [-106.893294395025, 39.4396742678417], [-106.89329195607, 39.4395842103975], [-106.893408099385, 39.4395823191797], [-106.893405660291, 39.4394922617401], [-106.893637946589, 39.4394884789689], [-106.893635507207, 39.4393984215397], [-106.893867793162, 39.4393946383171], [-106.893865353493, 39.4393045808984], [-106.893981496305, 39.4393026891193], [-106.893979056497, 39.4392126317051], [-106.894211341788, 39.4392088478111], [-106.894208901693, 39.4391187904075], [-106.894325044173, 39.4391168982927], [-106.894441186642, 39.439115006062], [-106.894443627036, 39.4392050634536], [-106.894675912241, 39.4392012786325], [-106.894678352945, 39.4392913360105], [-106.89479449568, 39.4392894434201], [-106.894796936544, 39.4393795007905], [-106.895377650802, 39.4393700360699], [-106.895380092425, 39.4394600934087], [-106.896076950069, 39.4394487318833], [-106.896079392599, 39.4395387891844], [-106.896660107748, 39.4395293180293], [-106.896662551036, 39.4396193752988], [-106.896894837317, 39.4396155860134], [-106.896897280915, 39.4397056432693], [-106.897129567452, 39.4397018535083], [-106.897132011359, 39.4397919107505], [-106.89724815476, 39.4397900156901], [-106.897250598828, 39.4398800729249], [-106.897482885896, 39.4398762824444], [-106.897485330274, 39.4399663396655], [-106.897601473941, 39.4399644442454], [-106.897603918479, 39.4400545014589], [-106.897720062284, 39.4400526059169], [-106.897722506982, 39.4401426631229], [-106.89795479486, 39.440138871679], [-106.897957239868, 39.4402289288714], [-106.898189528, 39.4402251369519], [-106.898191973317, 39.4403151941307], [-106.898424261704, 39.4403114017355], [-106.898426707332, 39.4404014589007], [-106.898542851658, 39.4403995625233], [-106.898545297446, 39.4404896196809], [-106.898661441911, 39.4404877231815], [-106.898663887859, 39.4405777803316], [-106.898780032462, 39.4405758837103], [-106.898782478571, 39.4406659408528], [-106.898898623313, 39.4406640441095], [-106.898901069582, 39.4407541012445], [-106.899133359331, 39.4407503073982], [-106.89913580591, 39.4408403645195], [-106.899251950917, 39.4408384674165], [-106.899254397657, 39.4409285245303], [-106.899370542803, 39.4409266273053], [-106.899372989702, 39.4410166844115], [-106.899489134987, 39.4410147870646], [-106.899491582046, 39.4411048441633], [-106.899607727469, 39.4411029466944], [-106.89961017469, 39.4411930037855], [-106.899726320251, 39.4411911061947], [-106.899728767632, 39.4412811632782], [-106.899844913331, 39.4412792655655], [-106.899847360872, 39.4413693226414], [-106.899963506711, 39.4413674248068], [-106.899965954412, 39.4414574818752], [-106.900082100389, 39.4414555839186], [-106.900084548251, 39.4415456409794], [-106.900200694366, 39.4415437429008], [-106.900203142388, 39.4416337999541], [-106.900319288641, 39.4416319017536], [-106.900321736824, 39.4417219587993], [-106.900437883216, 39.4417200604768], [-106.900440331559, 39.441810117515], [-106.900672624609, 39.4418063205102], [-106.900675073261, 39.4418963775348], [-106.900791219919, 39.4418944788525], [-106.900793668732, 39.4419845358695], [-106.900909815529, 39.4419826370653], [-106.900912264502, 39.4420726940746], [-106.901144558361, 39.4420688961064], [-106.901147007644, 39.4421589531022], [-106.901263154706, 39.4421570539382], [-106.90126560415, 39.4422471109264], [-106.90138175135, 39.4422452116404], [-106.901384200955, 39.4423352686211], [-106.901500348294, 39.4423333692132], [-106.901502798058, 39.4424234261862], [-106.901618945536, 39.4424215266564], [-106.901623845397, 39.4426016405858], [-106.901739993162, 39.4425997409279], [-106.901744893366, 39.4427798548392], [-106.901861041419, 39.4427779550533], [-106.901865941966, 39.4429580689464], [-106.901982090307, 39.4429561690325], [-106.901986991196, 39.4431362829074], [-106.902103139825, 39.4431343828655], [-106.902105590435, 39.4432244397946], [-106.902221739203, 39.4432225396308], [-106.902226640756, 39.4434026534723], [-106.902342789811, 39.4434007531805], [-106.902345240753, 39.4434908100929], [-106.902461389947, 39.4434889096791], [-106.902468743289, 39.4437590803891], [-106.902584892919, 39.4437571798412], [-106.902592246808, 39.4440273505193], [-106.902708396876, 39.4440254498374], [-106.902713299823, 39.444205563603], [-106.902829450179, 39.4442036627931], [-106.902836805129, 39.444473833412], [-106.902952955922, 39.444471932468], [-106.902957859577, 39.4446520461942], [-106.903074010658, 39.4446501451222], [-106.90308136667, 39.4449203156819], [-106.903197518188, 39.4449184144758], [-106.903204874748, 39.4451885850036], [-106.903321026703, 39.4451866836635], [-106.90332593143, 39.4453667973289], [-106.903442083674, 39.4453648958608], [-106.903444536203, 39.4454549526852], [-106.903676840956, 39.445451149389], [-106.903679293795, 39.4455412061998], [-106.903795446305, 39.4455393043717], [-106.903797899304, 39.4456293611749], [-106.904030204589, 39.445625557159], [-106.904032657899, 39.4457156139486], [-106.904264963438, 39.4457118094569], [-106.904267417058, 39.4458018662328], [-106.904499722852, 39.4457980612654], [-106.904502176781, 39.4458881180277], [-106.908469518904, 39.4493011354466], [-106.910125631426, 39.4529995214907], [-106.911053965548, 39.4541650605881], [-106.912092573108, 39.4546445412585], [-106.912627076067, 39.4554401735066], [-106.913498724023, 39.4577795281617], [-106.914801692087, 39.4600221251642], [-106.915573427496, 39.4612225515808], [-106.91764212278, 39.4624594287178], [-106.920149876776, 39.4632660650181], [-106.921583436979, 39.463411984143], [-106.923534000145, 39.4654948045014], [-106.92446427015, 39.4665369422637], [-106.925986310129, 39.4667245643149], [-106.928321354558, 39.4667358168402], [-106.929017803486, 39.4662646305526], [-106.929583105117, 39.4657156765668], [-106.930450435095, 39.4653615513172], [-106.9311546807, 39.4656396189204], [-106.931856693512, 39.4672366754463], [-106.932908163148, 39.4684082417697], [-106.933615233177, 39.4699400220876], [-106.934302718574, 39.4707636203588], [-106.936416757914, 39.4718773901712], [-106.93975510261, 39.4732540967602], [-106.940704063886, 39.4731039664819], [-106.941297953603, 39.4729733207319], [-106.943379534651, 39.4740251224012], [-106.944602080532, 39.4750278485408], [-106.945536163039, 39.4753752490208], [-106.947328279373, 39.4756780116396], [-106.949232411865, 39.4762612185284], [-106.95081033079, 39.4772834886464], [-106.952926229144, 39.4795738222061], [-106.953893477067, 39.4809466863985], [-106.955132468775, 39.4823453994443], [-106.95607907011, 39.4828246131492], [-106.959058853269, 39.483756556627], [-106.962081828903, 39.4854432902851], [-106.964286408204, 39.4872568308932], [-106.965629733281, 39.4885379527576], [-106.966135099583, 39.4896700805857], [-106.965764729419, 39.4912495150364], [-106.965859716913, 39.493685749363], [-106.966425777235, 39.4944471746831], [-106.966468649904, 39.4952349898775], [-106.96568921725, 39.4963769434147], [-106.965239940689, 39.4971907241038], [-106.96533317583, 39.4984408628712], [-106.965826124146, 39.4991642914517], [-106.967107352547, 39.4996176188616], [-106.968709789124, 39.4999948832394], [-106.969406243048, 39.5002707768964], [-106.970472581715, 39.5010649594026], [-106.97244442096, 39.502544954567], [-106.973107194757, 39.5027876187044], [-106.974091649346, 39.5027628801938], [-106.975757310836, 39.5028072806211], [-106.982780066045, 39.498897474982], [-106.987157699135, 39.4952084805742], [-106.99809791677, 39.4947479008719], [-107.003295407283, 39.4964273198419], [-107.006784374022, 39.4969876641438], [-107.009803292251, 39.4968407433998], [-107.011792740777, 39.4960360667626], [-107.012698589181, 39.4940101634828], [-107.013734169703, 39.4930541154105], [-107.015741996191, 39.4918554573824], [-107.019405720241, 39.4940959866126], [-107.024186148102, 39.4960649767031], [-107.027556783217, 39.4964088306779], [-107.035181955229, 39.4977504661458], [-107.040863565761, 39.4957056153672], [-107.048544427775, 39.4965937357457], [-107.054208819497, 39.4989704305807], [-107.062656923828, 39.5026820857283], [-107.062756454511, 39.5060473581914], [-107.063897355291, 39.5170646522692], [-107.063935630529, 39.517362248826], [-107.063227063519, 39.5197276215277], [-107.061236320657, 39.5214807824728], [-107.059872195637, 39.5227274297174], [-107.058454615771, 39.5258971080541], [-107.057464268705, 39.527455754872], [-107.056901212197, 39.5295178993287], [-107.06141068524, 39.5329638120401], [-107.064412948654, 39.5351448622334], [-107.067010320552, 39.5370373005222], [-107.068348377672, 39.5401269713244], [-107.071221720357, 39.5440478087991], [-107.072280812769, 39.5455359090062], [-107.073239535149, 39.5474382279718], [-107.073100106285, 39.5499456303963], [-107.074517097023, 39.5517810381292], [-107.077180712286, 39.5554110570732], [-107.089825534316, 39.5634854520162], [-107.108373188718, 39.5617000431772], [-107.120595858044, 39.554230750481], [-107.136366303741, 39.5448235670572], [-107.148413495517, 39.5408714545113], [-107.152099595996, 39.5412765262141], [-107.154902865723, 39.5415845004592], [-107.158968961046, 39.5420310863559], [-107.160262823822, 39.5421731616849], [-107.163096914038, 39.5424843139041], [-107.16784095285, 39.5430049943612], [-107.170881021303, 39.5441041520232], [-107.173396395617, 39.5443435852496], [-107.176607149876, 39.5438862335166], [-107.180396775243, 39.5431909360269], [-107.181908096699, 39.5430085204059], [-107.186318012983, 39.5423889197148], [-107.188285748506, 39.5421123930617], [-107.19172258489, 39.5416293268705], [-107.193514382584, 39.5413774376762], [-107.196753270626, 39.5412370954202], [-107.199826492157, 39.5410620420506], [-107.204231853611, 39.5413224367945], [-107.209855763237, 39.5413465798094], [-107.214862201493, 39.5413766637972], [-107.236292983346, 39.5415030033499], [-107.236193654661, 39.5353218414501], [-107.238198558198, 39.5334640504636], [-107.240827434147, 39.5333031228606], [-107.241990591506, 39.5340524572369], [-107.243296067808, 39.5347990317982], [-107.24590000186, 39.5360717650461], [-107.247785419414, 39.537137835024], [-107.250140505016, 39.5395178176483], [-107.250657960297, 39.5408219973512], [-107.252563908202, 39.5407850533812], [-107.253612387065, 39.5406851191544], [-107.254773767845, 39.5414920721819], [-107.266705344841, 39.5497806391591], [-107.26848160951, 39.5510142931742], [-107.294321190964, 39.5614631508934], [-107.300350368512, 39.5602042473098], [-107.301266192071, 39.5610735040155], [-107.302064247556, 39.5613504856964], [-107.303276006648, 39.5612363718065], [-107.304310269547, 39.5608915290538], [-107.305226349466, 39.5602292005273], [-107.305640362477, 39.5595407949328], [-107.305827433324, 39.5585957110533], [-107.306024597984, 39.5576682815462], [-107.306527102299, 39.5567754112509], [-107.307383938071, 39.5564565881328], [-107.3083888429, 39.5565672540728], [-107.309127444942, 39.5573003284096], [-107.309304985682, 39.557828336622], [-107.309127602202, 39.5594760245369], [-107.309363725996, 39.560070436063], [-107.309910782504, 39.5600758869037], [-107.31070005277, 39.5603196401495], [-107.312078687685, 39.5597372945217], [-107.313072722809, 39.5589588998145], [-107.313783236181, 39.5578803993372], [-107.315150320425, 39.5555937016764], [-107.316171082808, 39.5540538267179], [-107.317170325425, 39.5524020719657], [-107.31780367231, 39.5517734283343], [-107.31895566687, 39.5508287901407], [-107.319268406861, 39.5505402710991], [-107.320232268209, 39.5494734066824], [-107.322204883163, 39.5487072019863], [-107.324392980344, 39.5482859414721], [-107.326117494884, 39.5484267048742], [-107.328290664582, 39.548796091129], [-107.330315980223, 39.5493890276793], [-107.330284514414, 39.5477196767778], [-107.330459243254, 39.5455103341784], [-107.329396257908, 39.5440326367374], [-107.328500467511, 39.54273083889], [-107.328382441129, 39.541922804145], [-107.328728589709, 39.541387344827], [-107.329183314617, 39.5408606303019], [-107.329689781892, 39.5402739704587], [-107.330302558456, 39.5392925804591], [-107.330512967094, 39.5389555953553], [-107.330843579568, 39.5380289313933], [-107.331095397151, 39.5373231090861], [-107.330996261295, 39.5362270676759], [-107.330950596212, 39.5357221834012], [-107.330602687845, 39.5349426327892], [-107.330163827237, 39.5339592607541], [-107.328212887214, 39.5327651614742], [-107.327705350891, 39.5317136052819], [-107.327383449135, 39.5310905121134], [-107.327140186614, 39.5301054036333], [-107.327308834477, 39.5290564938434], [-107.327389709858, 39.5285534788618], [-107.327326328665, 39.5279073077235], [-107.327251739886, 39.5271468506318], [-107.326301880645, 39.5261791325174], [-107.325980798204, 39.5257830371457], [-107.325567859405, 39.5251942455569], [-107.325308914248, 39.5248250201011], [-107.325150736525, 39.5231510811186], [-107.324983892786, 39.5217953162107], [-107.324712158294, 39.5203325038645], [-107.324541724322, 39.519555142296], [-107.323959800394, 39.5184745027083], [-107.323149295365, 39.5174721070194], [-107.322470037808, 39.5166903040053], [-107.321973053322, 39.516188724173], [-107.321042771378, 39.5155730848579], [-107.319347912998, 39.5152193488647], [-107.318485373213, 39.5152718011407], [-107.317406713874, 39.515025960314], [-107.31425528544, 39.5145122372272], [-107.312878672388, 39.5135513353503], [-107.31094772431, 39.5130601716573], [-107.30983530411, 39.5123081870257], [-107.309011322667, 39.511363460628], [-107.308379835707, 39.5105981792534], [-107.307893486122, 39.5099860322964], [-107.306498375862, 39.509062390709], [-107.306510250257, 39.5082559249744], [-107.306437100778, 39.5077799479756], [-107.306280705272, 39.5070927212319], [-107.306193086229, 39.5067077048093], [-107.305650794245, 39.5055171584875], [-107.305365516941, 39.5041393073391], [-107.305328431707, 39.5039412953536], [-107.305320213105, 39.5031511504497], [-107.305312329269, 39.5023930669634], [-107.305307548259, 39.5019333110803], [-107.305788023347, 39.5002993260084], [-107.305868306115, 39.4991822438743], [-107.306001780864, 39.4978387756618], [-107.306178625166, 39.4965327570568], [-107.306374916021, 39.4952407144892], [-107.306565711462, 39.494631255762], [-107.306875085214, 39.4938021225033], [-107.307274916879, 39.4926627081328], [-107.307062415883, 39.4918767656241], [-107.305498471745, 39.4905835331037], [-107.304309594239, 39.4896208781739], [-107.303460222106, 39.4881502356238], [-107.303376125315, 39.4880046246346], [-107.303389766988, 39.4867799920551], [-107.303391672254, 39.4866088714661], [-107.304167852996, 39.4859105305179], [-107.304463409787, 39.4856446090968], [-107.305105694101, 39.4848131338994], [-107.304934489703, 39.4837594812883], [-107.303980386398, 39.4824042382049], [-107.302952873113, 39.4815789671356], [-107.301170374917, 39.4812971645163], [-107.299767627513, 39.4815011089162], [-107.298474298262, 39.4822666336534], [-107.297037672983, 39.4828235663383], [-107.295356460341, 39.4828567869655], [-107.291202890136, 39.481977623603], [-107.289906551083, 39.4816606141176], [-107.288726071617, 39.4808846689262], [-107.287219243089, 39.4801279615887], [-107.286732575993, 39.4791509584179], [-107.285804248826, 39.4785702241558], [-107.284399961664, 39.4780043338686], [-107.282857274946, 39.4774825251128], [-107.281453913309, 39.4770442494541], [-107.278908395908, 39.4762392048039], [-107.277147426806, 39.4752166715223], [-107.276275917401, 39.4738567457267], [-107.275992733366, 39.4730694317621], [-107.27571045926, 39.4719520948733], [-107.275551865658, 39.4714042113579], [-107.275962359207, 39.4697086252371], [-107.276220159591, 39.4686601172611], [-107.276127215723, 39.468133355498], [-107.275719906161, 39.4672603618713], [-107.274435119673, 39.4661989839517], [-107.27249767905, 39.4650542539278], [-107.271365046479, 39.4637726923148], [-107.271379553478, 39.4628210583504], [-107.271701730355, 39.4615462936277], [-107.272163605682, 39.4603745020887], [-107.272078092209, 39.4591429407181], [-107.271224893561, 39.4572472433656], [-107.270146708276, 39.4556571561985], [-107.26929313717, 39.4542032327281], [-107.268859300076, 39.4533029224089], [-107.266320208692, 39.4511864813274], [-107.265477911448, 39.4498895199215], [-107.26336607938, 39.4489399408813], [-107.261767724843, 39.4481392152571], [-107.260963737889, 39.4471682683281], [-107.26075245221, 39.4462562586894], [-107.261770800704, 39.4454260348913], [-107.262746993524, 39.4449881832105], [-107.263605925068, 39.4445443785284], [-107.264318384379, 39.4441079621707], [-107.264931359518, 39.4433913121301], [-107.264901689653, 39.4424757714193], [-107.264058019392, 39.4416817949418], [-107.262381172572, 39.4418201510513], [-107.260469282118, 39.4417164065796], [-107.259171546749, 39.4409312237163], [-107.258410824659, 39.4388959687085], [-107.257853348874, 39.4381634203919], [-107.255454440206, 39.436986572906], [-107.25470062621, 39.43615554835], [-107.254398643313, 39.435245282619], [-107.254684707103, 39.4342531431724], [-107.255981087128, 39.4335937529133], [-107.256457840941, 39.4328797906795], [-107.256687093396, 39.4315363933388], [-107.255448469305, 39.4296457781665], [-107.254542622763, 39.4283492672005], [-107.254265948386, 39.4279786761382], [-107.253630141773, 39.4271837179637], [-107.253497332528, 39.4270176617604], [-107.252092549167, 39.4265152347427], [-107.250693720116, 39.4260149131605], [-107.248431046247, 39.4247593120914], [-107.24836011511, 39.424086874011], [-107.248099140788, 39.4230348538159], [-107.247573687213, 39.4222345936404], [-107.246513616141, 39.4217617844375], [-107.245125386878, 39.4223876024371], [-107.24425576796, 39.4236023995985], [-107.242511031422, 39.4244464800809], [-107.241602960458, 39.4244639871173], [-107.240408939171, 39.4240641758415], [-107.238582983773, 39.4223728017706], [-107.237751338997, 39.421287819916], [-107.236772592965, 39.4200273032431], [-107.23640534779, 39.4195687238569], [-107.23641927921, 39.4195463325023], [-107.236244991083, 39.4185244746983], [-107.236343233892, 39.4171678439569], [-107.236060568894, 39.4157086936593], [-107.235613778797, 39.4150216064049], [-107.234789607728, 39.4143417709496], [-107.234021974337, 39.4139537596096], [-107.233487879177, 39.4134880292819], [-107.233038793332, 39.4127277456018], [-107.232496540091, 39.4120058638247], [-107.231341066305, 39.4112957482686], [-107.230520480348, 39.4107256558588], [-107.229874598803, 39.4097128313633], [-107.229800608031, 39.4088721113593], [-107.229785448757, 39.4083964108997], [-107.229686445757, 39.4082518508914], [-107.229251425073, 39.4079306586812], [-107.228428566908, 39.4072873650167], [-107.227983073064, 39.4066368356873], [-107.22768258747, 39.4060933709733], [-107.227845632757, 39.4052847238139], [-107.228129205365, 39.403814700945], [-107.22824857024, 39.4031167334451], [-107.228870442451, 39.4018965285813], [-107.228886144977, 39.4009076290974], [-107.228729503335, 39.4004346395528], [-107.228194384904, 39.3999322871767], [-107.227378619837, 39.3995085373125], [-107.226618175647, 39.3993400254885], [-107.226090063852, 39.3990572178797], [-107.225740138035, 39.3984414641484], [-107.225375095212, 39.3973500063355], [-107.224453424512, 39.3965621132052], [-107.223636558826, 39.3961017421765], [-107.222868028039, 39.3956770565428], [-107.222280018671, 39.3949926128035], [-107.222126920655, 39.3946293902775], [-107.221166289892, 39.3940985180014], [-107.220166634977, 39.3938246879544], [-107.219258988833, 39.3934758630821], [-107.219104750205, 39.3930760428958], [-107.218930799098, 39.3920541457525], [-107.218614217163, 39.3909983549319], [-107.217989564967, 39.3906441205245], [-107.216910717397, 39.390847764374], [-107.215736388405, 39.3910166031333], [-107.214933533683, 39.3909952814595], [-107.214308900373, 39.3906410267239], [-107.213663448307, 39.3896280970152], [-107.212878857634, 39.3886910414186], [-107.21172165957, 39.3879075251273], [-107.210571417781, 39.3873435545048], [-107.209567280692, 39.3869232567173], [-107.20909225728, 39.3868224357101], [-107.208323913594, 39.3863976479431], [-107.207744202352, 39.3859692743307], [-107.207397966236, 39.3854632369601], [-107.207193200097, 39.3849545137295], [-107.206328274272, 39.3844583155615], [-107.204973386336, 39.3833855605885], [-107.204263713201, 39.3818245679795], [-107.204313105655, 39.380395647828], [-107.204353285472, 39.3786739811119], [-107.204621218081, 39.3781929078747], [-107.204646487559, 39.3774967437784], [-107.20443370585, 39.3767318619184], [-107.204234746134, 39.3764060972714], [-107.203751743915, 39.376049099092], [-107.203081303497, 39.3757322647094], [-107.202362569252, 39.3753797254918], [-107.201486299123, 39.3745175538727], [-107.200896384446, 39.3737598014769], [-107.200780250004, 39.3730663130504], [-107.200945847684, 39.3723308791416], [-107.200971154344, 39.3716347142231], [-107.201739290121, 39.3705583400472], [-107.202190041366, 39.3698907360485], [-107.2024499075, 39.3691535141363], [-107.202457947293, 39.3679084500694], [-107.202490129928, 39.3659306258301], [-107.202421138998, 39.365236245597], [-107.202632695607, 39.3644633231363], [-107.202751117183, 39.3637287794144], [-107.202685575639, 39.3631441791749], [-107.202478616451, 39.3625622557123], [-107.202406181166, 39.3617580949087], [-107.202569440809, 39.3609494712601], [-107.202879860971, 39.3603211368279], [-107.203548975072, 39.3591001646398], [-107.203631746605, 39.3587324457978], [-107.203523668563, 39.3582951114218], [-107.203445477304, 39.3573079844021], [-107.203663904036, 39.3567546202918], [-107.203855870651, 39.3553596086889], [-107.204106468234, 39.3543296367313], [-107.204601931771, 39.3535879457318], [-107.205566414389, 39.3527641309799], [-107.206346950595, 39.3520902573739], [-107.20660671533, 39.3513530271779], [-107.206491723632, 39.3506961361566], [-107.206660673653, 39.3500704737769], [-107.207404406509, 39.3497268269735], [-107.207825129077, 39.3496089982399], [-107.208747000028, 39.3489324262697], [-107.20905270624, 39.3481577037468], [-107.208982522433, 39.3474267332116], [-107.208918103249, 39.346878728701], [-107.20862956655, 39.346701131451], [-107.208383552046, 39.3463762652082], [-107.208326052219, 39.3460478209271], [-107.209054751074, 39.3452284523466], [-107.209323685322, 39.3447839629618], [-107.20901210623, 39.3438745005009], [-107.208667235676, 39.3434050515113], [-107.208275244722, 39.3429364958689], [-107.207933840664, 39.3425768234808], [-107.208097000725, 39.341768192686], [-107.20821994544, 39.3411800162504], [-107.208342888319, 39.3405918396881], [-107.208275028241, 39.3399340547127], [-107.207933638367, 39.3395743817597], [-107.207346270157, 39.3388898388802], [-107.206949709695, 39.3382749035814], [-107.206857691551, 39.3368486555395], [-107.206879488793, 39.3360427071872], [-107.206944955097, 39.3351260846015], [-107.207374720238, 39.3337997830214], [-107.207342485578, 39.3327751687204], [-107.207592966452, 39.3317451892717], [-107.207908982072, 39.3312998093207], [-107.208283626642, 39.3312194687436], [-107.208568641745, 39.3312872898063], [-107.208905383543, 39.331500588564], [-107.209363896603, 39.331089114777], [-107.2096729831, 39.330424170998], [-107.209749933955, 39.3298734804621], [-107.20963956766, 39.3293629630771], [-107.209202839222, 39.3289684888202], [-107.208952279691, 39.3284972481559], [-107.209025779283, 39.3278367775819], [-107.208818885985, 39.3272548615651], [-107.208383328308, 39.326896976406], [-107.207889146721, 39.3261740496611], [-107.207721325496, 39.3253350834339], [-107.207705210846, 39.3248227752206], [-107.207605226525, 39.3246415961056], [-107.207473018003, 39.3234358001037], [-107.207600546649, 39.3229939966965], [-107.208258978338, 39.3229448873399], [-107.208288821243, 39.3223950911981], [-107.207979670592, 39.3215588061815], [-107.207964707243, 39.3210830915088], [-107.208139340536, 39.3206403944434], [-107.208443792539, 39.3198290795677], [-107.20866437917, 39.3193488938389], [-107.209632966537, 39.3186714279448], [-107.210172941759, 39.3178556365408], [-107.210426794208, 39.3169354315853], [-107.210448554988, 39.316129481343], [-107.210241689094, 39.3155475661259], [-107.209903754455, 39.3137964488383], [-107.210000154721, 39.3123666198353], [-107.210077089892, 39.3118159290326], [-107.210898487305, 39.3109581719454], [-107.211479734597, 39.309958512614], [-107.211697966228, 39.3094051352345], [-107.211511711765, 39.3079806764805], [-107.211391003352, 39.3071408170171], [-107.2114162131, 39.3064446461894], [-107.211773435949, 39.3058153956128], [-107.212362698796, 39.3050718873179], [-107.213007121466, 39.3045836342133], [-107.213279345883, 39.3042489183222], [-107.213456214731, 39.3038794008467], [-107.213420287782, 39.3012437772913], [-107.213521223271, 39.299960319262], [-107.213962211205, 39.2989999297604], [-107.214444516405, 39.2978556764471], [-107.214575422404, 39.2975236465727], [-107.214699404828, 39.2969720557776], [-107.214632700254, 39.296350864206], [-107.214531588919, 39.2961330957995], [-107.214982923805, 39.2955020442173], [-107.215673182824, 39.2949762884882], [-107.21603839232, 39.294603180903], [-107.21691354389, 39.2939640515838], [-107.217365998703, 39.2933695852762], [-107.218012591915, 39.2929544941226], [-107.219776673624, 39.2921153201587], [-107.219956948452, 39.291855574053], [-107.220208280313, 39.2908621638484], [-107.220292056539, 39.2905310266955], [-107.219850898215, 39.2899902109728], [-107.219018005242, 39.2889808633076], [-107.218373492999, 39.2879679186116], [-107.21840441088, 39.2874547132051], [-107.218615594842, 39.2866817637797], [-107.219609931869, 39.2853446484072], [-107.220845445872, 39.2841860005634], [-107.221860526905, 39.2835075486492], [-107.222281638569, 39.2819250441869], [-107.222590406734, 39.2812600705377], [-107.222798057652, 39.2803773335812], [-107.222870239411, 39.2796802615936], [-107.222834369906, 39.2785458674388], [-107.223037383067, 39.2775167579439], [-107.223351912621, 39.2770347482868], [-107.223320667361, 39.2760467278391], [-107.223244657498, 39.2751327930195], [-107.223514410127, 39.274724869776], [-107.22415037908, 39.2739804088003], [-107.224553256164, 39.273313631267], [-107.225425753877, 39.2726012582414], [-107.225884956118, 39.2722263228975], [-107.225964053912, 39.2717488092833], [-107.225798495216, 39.2709830498245], [-107.225445789456, 39.2702574842391], [-107.225096565896, 39.2696416974223], [-107.224943758693, 39.2692784639412], [-107.225485513884, 39.2685357965902], [-107.226493378525, 39.2676377500973], [-107.226901992761, 39.2671539319331], [-107.226989190331, 39.266932570486], [-107.227408227243, 39.2667780899504], [-107.227683720687, 39.2665531254213], [-107.227705295104, 39.2657471715927], [-107.227449064526, 39.2650929957675], [-107.22715271799, 39.2646592800635], [-107.227277715208, 39.2641442711076], [-107.227683985765, 39.2635872642655], [-107.228516218584, 39.2630953323022], [-107.22902705425, 39.262865857757], [-107.229616951682, 39.2621588652523], [-107.229838388122, 39.2617152370293], [-107.229733806681, 39.2613877005769], [-107.230051702706, 39.2610154558154], [-107.230748479508, 39.2607091805662], [-107.231352270348, 39.2604412995587], [-107.231532425877, 39.2601815377666], [-107.231520817032, 39.2598156046455], [-107.231835213942, 39.2593335755438], [-107.232103697334, 39.2588890409772], [-107.232520352587, 39.2586613572909], [-107.23297710527, 39.2582132106028], [-107.232959682628, 39.2576643117053], [-107.233085787337, 39.2571858911047], [-107.233169469868, 39.2568547457997], [-107.233441421969, 39.2565199882487], [-107.233673274593, 39.2564056937239], [-107.233794725445, 39.2557808991439], [-107.233677356116, 39.2550508406728], [-107.234077716477, 39.2543108467714], [-107.234152095336, 39.2536869550969], [-107.233897016468, 39.2530693862433], [-107.233694815069, 39.2526338796285], [-107.234100972743, 39.2520768527151], [-107.234598927299, 39.2514448305401], [-107.234954519819, 39.2507789246232], [-107.23503121415, 39.2502282185644], [-107.235483248754, 39.2496336964601], [-107.235611651799, 39.2492284667827], [-107.235495444116, 39.2485350157084], [-107.235623845415, 39.248129786907], [-107.235514613748, 39.2476558907525], [-107.235120690756, 39.2471142309508], [-107.234594884511, 39.2468680213046], [-107.23420678105, 39.246509321504], [-107.234144621279, 39.2460345204117], [-107.234043532524, 39.2458167713318], [-107.233425941487, 39.2456455467097], [-107.233274312223, 39.2453189215313], [-107.233258058903, 39.2448066241237], [-107.233095985311, 39.2441506647949], [-107.233032676151, 39.2436392698834], [-107.233298777325, 39.2431215568552], [-107.233420218057, 39.2424967735492], [-107.233072238696, 39.2419176104082], [-107.232670245533, 39.2411197918401], [-107.232473894267, 39.2408672521241], [-107.232689452854, 39.240240664453], [-107.232853309212, 39.2394686087484], [-107.232446692429, 39.2385244174553], [-107.231559101256, 39.2372599103364], [-107.2312547415, 39.2365700596095], [-107.230432795445, 39.2358901243192], [-107.229274539817, 39.2349969336606], [-107.22825631502, 39.2340644359476], [-107.227622636546, 39.2333808774153], [-107.227366542738, 39.232726706268], [-107.227197612802, 39.2318511781831], [-107.227161739868, 39.2307167986482], [-107.227003232882, 39.2301706057456], [-107.226560115804, 39.2295566247076], [-107.226011343103, 39.2285785124598], [-107.225791925596, 39.2275941005], [-107.225900693236, 39.2265667998501], [-107.2262539455, 39.2258277456035], [-107.226324909878, 39.2250940875135], [-107.225975925452, 39.2244783034307], [-107.225819755374, 39.2240052938307], [-107.225334268166, 39.2235385777306], [-107.225089791985, 39.2232503287972], [-107.224697249868, 39.2227452184383], [-107.224495203235, 39.2223096976572], [-107.224866941412, 39.2221561350322], [-107.225802057685, 39.2219551884021], [-107.22668549824, 39.221608761003], [-107.227098486611, 39.2212713274972], [-107.227171753525, 39.2206108539269], [-107.226819317124, 39.2198852932354], [-107.226287965379, 39.2194560729604], [-107.225792104462, 39.2186600207662], [-107.225767829906, 39.2178915676335], [-107.225615145668, 39.217528335195], [-107.225270829731, 39.217058919451], [-107.22515825853, 39.2164752293969], [-107.225472521796, 39.2159932265539], [-107.225916344535, 39.2151425959402], [-107.226230597032, 39.214660592169], [-107.226249892156, 39.2137814600601], [-107.226377138308, 39.2133396463837], [-107.227063063097, 39.2127040723774], [-107.227847679162, 39.2122130670186], [-107.228353528688, 39.2118372372263], [-107.229139282322, 39.2113828167101], [-107.229412247687, 39.2110846699876], [-107.229770022656, 39.2104919778436], [-107.229803168263, 39.2100519614878], [-107.230356027207, 39.2096752229043], [-107.23077356318, 39.2094841494433], [-107.231079650706, 39.2087459826691], [-107.23108383083, 39.2073911431569], [-107.231176288198, 39.205851535815], [-107.231290749206, 39.2050071950176], [-107.230883217133, 39.2040263936736], [-107.230893195371, 39.202854518352], [-107.23138506367, 39.202039561461], [-107.232288612314, 39.2008505598776], [-107.232451243269, 39.2000419084782], [-107.232295092084, 39.1995689045183], [-107.2327468469, 39.1989744023466], [-107.233157360712, 39.1985637638046], [-107.233317659425, 39.1976819261755], [-107.233294480064, 39.1969500672454], [-107.233257394605, 39.1957790925658], [-107.233147117846, 39.1952685952908], [-107.233497833615, 39.1944563351005], [-107.233949547324, 39.1938618281182], [-107.233928681877, 39.1932031551347], [-107.23385731706, 39.1924356049101], [-107.233874205858, 39.1914832861398], [-107.23399209678, 39.1907487206453], [-107.234390963999, 39.1899721500492], [-107.234745120315, 39.1892696657527], [-107.235243814352, 39.1886742522013], [-107.23550971073, 39.18815653606], [-107.235590996872, 39.1877522082802], [-107.235815664981, 39.1874183593645], [-107.236321297545, 39.1870424989613], [-107.236598782663, 39.1868907099437], [-107.236776423724, 39.1865577614344], [-107.236671939921, 39.1862302312898], [-107.236475736979, 39.1859776921125], [-107.236555855376, 39.1855367716247], [-107.236730012453, 39.1850940441261], [-107.237958913038, 39.1837889045127], [-107.238498756407, 39.1830096107783], [-107.239000859352, 39.1825239617358], [-107.239316047466, 39.1820785190202], [-107.239495986615, 39.1818187528106], [-107.239999236298, 39.1813696927879], [-107.240509452463, 39.1811401875841], [-107.240831597762, 39.1809142988655], [-107.24090587405, 39.1802904112063], [-107.240699214035, 39.1797085431552], [-107.240351511741, 39.1791293887249], [-107.239724047763, 39.1786288432026], [-107.239419889686, 39.1779390014763], [-107.239580075116, 39.177057155962], [-107.240176157981, 39.1765696947355], [-107.240696796883, 39.1766695255538], [-107.241126895838, 39.1768809422575], [-107.2415418858, 39.1766166497283], [-107.242183801875, 39.1760916809145], [-107.242352088363, 39.1754659822115], [-107.242567384891, 39.1748393780954], [-107.242769885678, 39.1738102530236], [-107.243268407255, 39.1732148087769], [-107.243756449256, 39.1722900271218], [-107.243683845273, 39.1714858899474], [-107.243892139711, 39.1706397269286], [-107.24378299669, 39.1701658308465], [-107.24362219399, 39.1695464692019], [-107.243697600481, 39.1689591717758], [-107.243965693338, 39.1685146245654], [-107.24403993286, 39.1678907348855], [-107.243884949542, 39.1674543371994], [-107.243630138437, 39.1668367853699], [-107.243888919154, 39.166099495546], [-107.244856278513, 39.1654583971058], [-107.245736593311, 39.1650386603482], [-107.246107984871, 39.1648850386229], [-107.247656848905, 39.164781931878], [-107.248447788841, 39.1645103599626], [-107.248758178205, 39.1639185239518], [-107.249280640654, 39.1611256762104], [-107.249437176369, 39.1601340408868], [-107.24950203596, 39.1592174064958], [-107.250047402741, 39.1586210288301], [-107.251065103318, 39.1580887506437], [-107.251461277487, 39.1572389400425], [-107.251756440492, 39.1561713902317], [-107.252152596602, 39.1553215784777], [-107.252817894093, 39.1540637903232], [-107.253118864199, 39.1531792006803], [-107.253087344085, 39.1521911972301], [-107.253401145216, 39.1517091271115], [-107.253846590845, 39.1509315859133], [-107.253780911221, 39.1503470119452], [-107.253531922737, 39.1499124458282], [-107.253092620553, 39.1494083311769], [-107.252989292306, 39.1491174071902], [-107.252929459528, 39.1487157965347], [-107.253327897466, 39.1479391662291], [-107.253779159093, 39.1473445897206], [-107.254317393369, 39.1465286350024], [-107.25456548535, 39.1454619881516], [-107.254913392955, 39.1445764849305], [-107.25545509939, 39.1438703049594], [-107.25632573161, 39.1431577504245], [-107.257669759545, 39.1425458597294], [-107.258775303189, 39.1418287334633], [-107.259181831806, 39.1413082335968], [-107.259217121029, 39.1409413958368], [-107.258973984638, 39.14068980446], [-107.258492395046, 39.1403329910678], [-107.25847952881, 39.1399304715636], [-107.258753272524, 39.1396688553609], [-107.259803581124, 39.1386964833207], [-107.260442682697, 39.1380982366167], [-107.260480304797, 39.1378045840027], [-107.260939640592, 39.1374661297119], [-107.261548129471, 39.1373810863911], [-107.261873524679, 39.1372649220238], [-107.26209674529, 39.1368944335703], [-107.26212264631, 39.1362348545314], [-107.26205106316, 39.1354673219301], [-107.262163907075, 39.1345863619019], [-107.262143995303, 39.1339642876529], [-107.261897360216, 39.1336029235598], [-107.261364139291, 39.1331006619076], [-107.26063830862, 39.1324556751678], [-107.260627774852, 39.1321263412318], [-107.260990765835, 39.1317165262009], [-107.261588668668, 39.1313021502063], [-107.262503727814, 39.1305154569425], [-107.262859671338, 39.12988608111], [-107.263445830119, 39.129105770009], [-107.263807617615, 39.128659354236], [-107.26442432571, 39.127365829826], [-107.265020999341, 39.1269148440138], [-107.265986463316, 39.1262369903185], [-107.266546696968, 39.126116244776], [-107.267009448842, 39.1258875469562], [-107.267047040659, 39.1255938926249], [-107.266847391288, 39.1252316242885], [-107.266793372836, 39.1250129833144], [-107.267115181945, 39.1247870280758], [-107.267718858924, 39.1245555852268], [-107.268422358577, 39.1245052722658], [-107.268977875764, 39.1242381451163], [-107.269520468276, 39.1235684987448], [-107.270057175528, 39.1227158871878], [-107.270023104227, 39.1216547058309], [-107.270006657267, 39.1211424104537], [-107.270071238084, 39.1202257678473], [-107.269958491494, 39.1196421184629], [-107.269492589861, 39.1187595915316], [-107.257718682423, 39.1187591560874], [-107.230178366714, 39.1187431904794], [-107.212629221854, 39.1187381241939], [-107.187186510636, 39.1187311904014], [-107.165160551521, 39.1187425831751], [-107.13757368633, 39.1187397695973], [-107.097951987953, 39.1187510504332], [-107.067288735613, 39.118705218359], [-107.066376926978, 39.1186518739275], [-107.06586642782, 39.118394079366], [-107.065572250838, 39.1182716729211], [-107.065428882675, 39.1180827810011], [-107.065115495956, 39.1178127878323], [-107.064318199802, 39.1173019245779], [-107.063793068861, 39.1168893395625], [-107.063260303151, 39.116419092409], [-107.06311551624, 39.116191990525], [-107.063083103157, 39.1160246519088], [-107.063096860515, 39.1158463002343], [-107.06300878875, 39.1154369336589], [-107.062905399793, 39.1150295787865], [-107.062757955974, 39.1147311245081], [-107.062499240333, 39.1144009033334], [-107.062173532031, 39.1140211037359], [-107.06176297634, 39.1136296574684], [-107.061417687781, 39.1132810302949], [-107.061266561818, 39.1130051926076], [-107.061264256008, 39.1129260769186], [-107.060946866598, 39.1127103125731], [-107.060734408146, 39.1125793782617], [-107.06057684022, 39.112368478022], [-107.060371717563, 39.1119871002894], [-107.060150726837, 39.1118731104388], [-107.059240419689, 39.1116497239505], [-107.058341226424, 39.1113594643923], [-107.057804532512, 39.1111564048629], [-107.057214263749, 39.111066462272], [-107.056687543436, 39.1110757595727], [-107.056427278578, 39.1111216790155], [-107.05614911055, 39.1110734529328], [-107.055761670099, 39.1109179335334], [-107.055466303737, 39.1106692792753], [-107.054770178626, 39.11062426518], [-107.054492152449, 39.110536815352], [-107.054325548125, 39.1104652750693], [-107.054090625078, 39.1104128131788], [-107.05352716662, 39.1103780572479], [-107.05332238655, 39.1104412476064], [-107.052941951412, 39.1099891680988], [-107.052542859213, 39.1095927777326], [-107.051772204263, 39.1089374989161], [-107.05181084327, 39.1086830140422], [-107.051803299725, 39.1084103714867], [-107.051705948589, 39.1081184183802], [-107.051541485312, 39.1078314215149], [-107.051281332251, 39.1073386869504], [-107.050893232187, 39.1067418367881], [-107.050661508995, 39.1065855522939], [-107.050585486678, 39.1065645758234], [-107.050246044372, 39.1064578030024], [-107.050074898661, 39.1063292771666], [-107.049977206991, 39.1061837882141], [-107.049831353861, 39.1059975263894], [-107.049524582941, 39.1056867513137], [-107.049310781849, 39.1052478730808], [-107.048957166094, 39.1046777152512], [-107.048626347268, 39.104250795057], [-107.048245042195, 39.1038053116268], [-107.047812372485, 39.1035017585592], [-107.047259056153, 39.102980283244], [-107.046905716447, 39.1026648468051], [-107.046643938038, 39.1024130821157], [-107.046555823446, 39.1022131415795], [-107.046274597888, 39.1018425799751], [-107.045730134059, 39.1014522164445], [-107.045201445299, 39.1010844609967], [-107.044756268642, 39.1006908204757], [-107.043937604859, 39.1004261233835], [-107.04356650364, 39.1002025312547], [-107.042906073086, 39.0999742172413], [-107.042228038263, 39.0996847935341], [-107.041609338664, 39.099425748764], [-107.041238531076, 39.0992408717191], [-107.040734974545, 39.0988227822106], [-107.040213260085, 39.0983391580421], [-107.039750302646, 39.09788924917], [-107.039431771044, 39.0975198069128], [-107.039036911189, 39.0971601827679], [-107.038222384242, 39.0963675828687], [-107.037822526518, 39.0959009773144], [-107.037405097424, 39.0954840108003], [-107.037007321871, 39.0952021698246], [-107.036578274396, 39.0949215615017], [-107.036183244733, 39.094714867515], [-107.035798166432, 39.0946321818087], [-107.035496963324, 39.0945828026852], [-107.035176922108, 39.0945436853894], [-107.03426722765, 39.0944055787207], [-107.033997617519, 39.0943457086313], [-107.03362638896, 39.0940789826212], [-107.033124281777, 39.0939188528215], [-107.032582786022, 39.093719669194], [-107.031966108552, 39.093410127795], [-107.031784334709, 39.0933413388298], [-107.031372164892, 39.0933368540412], [-107.030900484113, 39.0933470187702], [-107.030381401404, 39.0933806871434], [-107.030238525655, 39.0933480043743], [-107.030051340422, 39.0931201329096], [-107.029910847879, 39.0927206123301], [-107.029758612099, 39.0923614917372], [-107.02942452633, 39.091960316881], [-107.029026047766, 39.0917766798283], [-107.028674232078, 39.0916285721785], [-107.027841256259, 39.0913314577696], [-107.027078676343, 39.0910646448191], [-107.026496805561, 39.0908730105964], [-107.025945880658, 39.0908573690003], [-107.025402852077, 39.0906650540811], [-107.024645353341, 39.0904461984006], [-107.023393755583, 39.0901602595004], [-107.021790037408, 39.0897896265658], [-107.021269181398, 39.0897472593472], [-107.020574210887, 39.0896202282183], [-107.020122498194, 39.0895247397753], [-107.01992854004, 39.0894327315186], [-107.019558820242, 39.0891709102873], [-107.019425371342, 39.0890367388262], [-107.019143275811, 39.0886416535518], [-107.018782762207, 39.0882696944206], [-107.018293306387, 39.0877449556041], [-107.017962352504, 39.0875300555773], [-107.017826080365, 39.0875036284351], [-107.017619669692, 39.0873216888182], [-107.017275440202, 39.0870589735606], [-107.016186917388, 39.0862243904976], [-107.015942291325, 39.0861095642965], [-107.01563821279, 39.0859006962319], [-107.015477252089, 39.0856767207848], [-107.015373198816, 39.0855297205172], [-107.015197842087, 39.0854643987479], [-107.015044215775, 39.0854183428333], [-107.014719119827, 39.0854436045058], [-107.014584913025, 39.0854773517218], [-107.014469821224, 39.0854276894767], [-107.014336153621, 39.0853655389612], [-107.014246030835, 39.0852885361251], [-107.014142926074, 39.0852097420478], [-107.013847732495, 39.0851060656329], [-107.013661573629, 39.0848900599097], [-107.013320795991, 39.0846558072483], [-107.013026213522, 39.08442246981], [-107.012738531709, 39.0843405545286], [-107.01253307673, 39.08423095123], [-107.012402352692, 39.0841038929037], [-107.012291075643, 39.0839293086894], [-107.012221324416, 39.0838314044297], [-107.011977537766, 39.0837365034108], [-107.01176692329, 39.0836305981591], [-107.011382157381, 39.0832877483844], [-107.011063885941, 39.0829281027735], [-107.011008293522, 39.0826213023586], [-107.010837135441, 39.0822539007188], [-107.010526897842, 39.0819410606375], [-107.010120022419, 39.0815612014786], [-107.009845387003, 39.0811009800269], [-107.009584013916, 39.0806353052482], [-107.009444312106, 39.0804391932448], [-107.009233982914, 39.080354006709], [-107.008509231869, 39.0796682534434], [-107.008141253071, 39.0792851496171], [-107.00768147617, 39.0787759917321], [-107.007370899497, 39.0784834514955], [-107.007072232808, 39.078113762377], [-107.006868186808, 39.0777976097938], [-107.006755863047, 39.077568701967], [-107.006409134964, 39.0772844691036], [-107.006228825483, 39.077057454011], [-107.005951613789, 39.0768205234878], [-107.005811049511, 39.0766328876205], [-107.00578103494, 39.0765094542703], [-107.00585185473, 39.0762656525127], [-107.005791750332, 39.0760219147854], [-107.005599628093, 39.0758128257647], [-107.005383899845, 39.0756507661971], [-107.005289214203, 39.0755168969816], [-107.005038934334, 39.0751455719269], [-107.004808296441, 39.0748091877627], [-107.004625038629, 39.0745467000633], [-107.004520800774, 39.0744405771769], [-107.004373351314, 39.0744078324136], [-107.004251217733, 39.0744223840953], [-107.004051496813, 39.0743838646243], [-107.003752234415, 39.0743058069646], [-107.003394016929, 39.0741666563097], [-107.003190445957, 39.0740659118214], [-107.00293625556, 39.0738904620356], [-107.00270666581, 39.0736976492801], [-107.002183976313, 39.0733652909265], [-107.001940480139, 39.0732323414825], [-107.001641776582, 39.0730441790906], [-107.001243484039, 39.0726292479594], [-107.000852109662, 39.0721651574723], [-107.000436717154, 39.0716155259642], [-107.000060896098, 39.071342768385], [-106.999741897433, 39.0711548614933], [-106.999349825411, 39.0709873317645], [-106.998859392201, 39.0707173604704], [-106.998401108837, 39.0703900784561], [-106.998291762351, 39.0702694825319], [-106.997861833465, 39.0700207960016], [-106.997207325294, 39.069786456963], [-106.996944938123, 39.0696408900557], [-106.996682645715, 39.0694987323197], [-106.99651180612, 39.0694948376064], [-106.996255377407, 39.0695606176366], [-106.995762666215, 39.0696304426653], [-106.995218599267, 39.0697420715729], [-106.994667986663, 39.0699322504663], [-106.994125408432, 39.0700780366992], [-106.993804749329, 39.070117862242], [-106.993446528551, 39.0700759118828], [-106.992794854488, 39.0701007904782], [-106.992299798977, 39.0702088392135], [-106.991768335752, 39.0702762992511], [-106.990874822319, 39.0703224693454], [-106.990652922208, 39.070425845621], [-106.990248548654, 39.070467090956], [-106.989772236949, 39.0704580519775], [-106.989373324342, 39.0705244728184], [-106.98906943671, 39.0707567043952], [-106.988954667119, 39.0707841886049], [-106.988944218487, 39.070596281743], [-106.988710754104, 39.0697369941494], [-106.98865102443, 39.0694796735646], [-106.98851593851, 39.0691956507353], [-106.988436771756, 39.0690333858626], [-106.988275821586, 39.0688477012042], [-106.988171557945, 39.0686831275828], [-106.988129454275, 39.0684509541439], [-106.988129725261, 39.0682069677267], [-106.988061030887, 39.0680417883259], [-106.987958669451, 39.0679486372892], [-106.9877621994, 39.0677848357612], [-106.987374119373, 39.0675521371484], [-106.987090560396, 39.0674002996361], [-106.986814263605, 39.0671090749348], [-106.98659207222, 39.0669507514932], [-106.986585500272, 39.0667187993418], [-106.986660917325, 39.0663757973738], [-106.986693961994, 39.066052327983], [-106.986667243055, 39.065499729902], [-106.986715054007, 39.0650115058005], [-106.986701157472, 39.0648365965767], [-106.986529781197, 39.0646573659809], [-106.986503044794, 39.064184927687], [-106.986478004408, 39.0636606648065], [-106.986506207603, 39.063054450301], [-106.986658383202, 39.0624592239743], [-106.986753375739, 39.0622713273388], [-106.986950316642, 39.062141398083], [-106.987580969796, 39.0618429761562], [-106.988123554919, 39.0615438402655], [-106.988509273778, 39.0612691100313], [-106.988816711702, 39.0610664699295], [-106.989134876651, 39.0610432979534], [-106.989726869508, 39.0610398488078], [-106.989990684096, 39.0611085378113], [-106.990103725585, 39.0609779676927], [-106.990129730936, 39.0607889999902], [-106.990197640586, 39.0606144707172], [-106.990566981902, 39.0603491206], [-106.990788951332, 39.0600977989403], [-106.990891151097, 39.0597909579114], [-106.990822486784, 39.0591876949423], [-106.990759106916, 39.0585095064172], [-106.990677495696, 39.0578158497307], [-106.99065119182, 39.0574066472859], [-106.990430890424, 39.0572084678481], [-106.990097952289, 39.0569545133795], [-106.989821634159, 39.0566072756706], [-106.989804656576, 39.056429609725], [-106.989616569737, 39.0561323755195], [-106.989301102972, 39.0557401500355], [-106.989226173178, 39.0555531942645], [-106.989282851656, 39.0552553961538], [-106.989274625745, 39.0549623247657], [-106.989308919061, 39.0548417974928], [-106.989228269649, 39.0542959295646], [-106.989227706354, 39.0539440034559], [-106.989314776388, 39.0537284540299], [-106.989331838667, 39.0535068418845], [-106.989366647469, 39.0531094220256], [-106.989438903976, 39.0528572686376], [-106.989614697592, 39.0526360773496], [-106.989836829227, 39.0524031849135], [-106.989787276858, 39.0519996903454], [-106.98977983926, 39.0519014055272], [-106.989872011823, 39.05185244893], [-106.990141022164, 39.05177131568], [-106.990702514994, 39.0516122894536], [-106.991027724563, 39.0515050586754], [-106.991456180314, 39.0514246757488], [-106.991771960193, 39.0514010155649], [-106.991976770986, 39.0513906659577], [-106.992191179892, 39.0513048054337], [-106.992394593908, 39.051231033439], [-106.992566554659, 39.0511892194906], [-106.992870440521, 39.0511428638696], [-106.993362751346, 39.0511184395628], [-106.993742619481, 39.051058344617], [-106.994111280932, 39.0509104685153], [-106.994663601981, 39.0506220983468], [-106.995137342626, 39.0503864513175], [-106.995547408354, 39.0500638113402], [-106.995976917766, 39.0497628580365], [-106.996212981373, 39.0495643030133], [-106.996483055993, 39.0494123298294], [-106.996732730034, 39.0492768640499], [-106.996951831723, 39.0490141329558], [-106.997346624423, 39.0484806221967], [-106.997686811119, 39.0480259772119], [-106.997792248505, 39.047752706893], [-106.99775638, 39.0474308127978], [-106.997619689154, 39.0465959538001], [-106.997750801179, 39.046165809289], [-106.99788724641, 39.045924286372], [-106.998158952408, 39.0452233004927], [-106.998344847468, 39.0447393193225], [-106.998787412283, 39.0441424909022], [-106.999210249995, 39.0433900681458], [-106.999517165379, 39.0430483895037], [-106.999821915944, 39.0428001969993], [-107.000068510247, 39.0426349717547], [-107.000247336219, 39.0424773600737], [-107.000957757657, 39.0420998841014], [-107.001262436673, 39.0419489394296], [-107.001061850185, 39.0414946088929], [-107.000673222786, 39.040859643174], [-107.000301586073, 39.0399856250991], [-106.99997121875, 39.0395553665019], [-106.999514283679, 39.0390821814354], [-106.999169414712, 39.0388212778854], [-106.998999952172, 39.0385122030782], [-106.998784818312, 39.0380861693842], [-106.998518847549, 39.0377439356028], [-106.99823110434, 39.0373153763093], [-106.997893436636, 39.036880378985], [-106.997652811334, 39.036518214567], [-106.99722202709, 39.035869936617], [-106.996994872103, 39.0355730188814], [-106.996528820827, 39.0348362404756], [-106.996130120114, 39.0342241147508], [-106.996025027463, 39.0339760499436], [-106.994906411779, 39.0340825244522], [-106.993418067575, 39.0333739710844], [-106.992165590425, 39.0328178699917], [-106.989182388841, 39.0314827663999], [-106.985802442821, 39.030593972578], [-106.983086277038, 39.0303498459182], [-106.980682927266, 39.0306435783766], [-106.979347733713, 39.0306473970546], [-106.9777455021, 39.0301438737959], [-106.975281117315, 39.029365700949], [-106.973747553061, 39.0289308401262], [-106.97235895152, 39.0287210406248], [-106.970848274053, 39.0289995124301], [-106.969139224631, 39.0295221196522], [-106.967987140766, 39.0309487879043], [-106.965782165414, 39.0300409175604], [-106.964515639146, 39.0294763584528], [-106.963775562875, 39.028309089324], [-106.964355421421, 39.026767984456], [-106.964530906451, 39.0255816398062], [-106.965042096064, 39.0244677710725], [-106.965339656155, 39.0231746168272], [-106.964958175305, 39.0219730155576], [-106.96423335655, 39.0210384377381], [-106.965003957404, 39.0196537306796], [-106.964462254188, 39.0175747686014], [-106.962959207313, 39.0170330985823], [-106.961036529301, 39.0165066880504], [-106.959251185323, 39.0155263383356], [-106.957572655871, 39.015717073865], [-106.95524560152, 39.0168271334643], [-106.95177409688, 39.0168156994388], [-106.949592010406, 39.0153737832897], [-106.947654071919, 39.0149999571459], [-106.945708503523, 39.0148893385768], [-106.944419089087, 39.0137831046248], [-106.942313300999, 39.0118643610579], [-106.939955732086, 39.0103614108554], [-106.93891046711, 39.0091903274988], [-106.938002536638, 39.0080802781365], [-106.936713121138, 39.0075767523857], [-106.93485148174, 39.0057877049215], [-106.933401842815, 39.0053719162282], [-106.931830129114, 39.0049103526488], [-106.92977774498, 39.0050896453584], [-106.927572768168, 39.0040902231567], [-106.925451718274, 39.0031136881617], [-106.923895264786, 39.0021028199889], [-106.922125180015, 39.0012864974896], [-106.920675541069, 39.0007143102273], [-106.917707595301, 38.9994326018084], [-106.916296104139, 38.9996881886008], [-106.914876983612, 38.999836963794], [-106.911703036052, 39.0001078121638], [-106.910283915067, 39.0003710246235], [-106.909368352848, 38.9992609662487], [-106.908330711406, 38.9961978005479], [-106.907552482426, 38.9953089875366], [-106.907918705894, 38.9936877568911], [-106.906171506364, 38.9925395505824], [-106.90308911374, 38.9923450107496], [-106.900937543514, 38.9926578191972], [-106.898869897442, 38.9918643761831], [-106.897099810006, 38.9910289702342], [-106.895459426483, 38.9902965609878], [-106.893376521248, 38.9899723200618], [-106.891430954021, 38.9911472401808], [-106.886685291243, 38.9911243652064], [-106.88433534704, 38.9908382722589], [-106.883396898979, 38.9918453447507], [-106.881489480368, 38.9930355237342], [-106.879665987426, 38.993787016567], [-106.878323165829, 38.9950420427406], [-106.877873018098, 38.9963848037165], [-106.877148200358, 38.9973880614886], [-106.876957461139, 38.9984637955642], [-106.876850649466, 39.0000049189638], [-106.877758579131, 39.0023966796702], [-106.878193468603, 39.0052004208758], [-106.87739235057, 39.0065202798198], [-106.876156341305, 39.0073671279443], [-106.874203143446, 39.0070390771631], [-106.871570902976, 39.0067377305362], [-106.868190954267, 39.0070200214842], [-106.866207236593, 39.0081415244864], [-106.864925449532, 39.0085840235677], [-106.862979880255, 39.0092210706229], [-106.860439195787, 39.0091447855145], [-106.859882230445, 39.0079813296591], [-106.8593100057, 39.0067644691126], [-106.858974300264, 39.0049334544943], [-106.858455483164, 39.0033885363613], [-106.857318662054, 39.0015346356707], [-106.857219476998, 39.0004818026642], [-106.856212355642, 38.998776657028], [-106.854198112417, 38.9964115736454], [-106.852710321303, 38.9955609082098], [-106.85146667688, 38.9939053481618], [-106.850650297514, 38.9928639479408], [-106.850062808845, 38.9918912107541], [-106.849475320056, 38.9908002189398], [-106.848994645883, 38.9897168564567], [-106.848269821217, 38.9884160590792], [-106.84730084861, 38.9874547668589], [-106.845813056579, 38.9864095530052], [-106.843424962413, 38.9857686965065], [-106.840632496435, 38.9854368278144], [-106.838770848834, 38.9843763565514], [-106.837504319576, 38.9840177815977], [-106.836047048141, 38.983498991401], [-106.835352739356, 38.9816984717042], [-106.834315099322, 38.9809775030971], [-106.832949386217, 38.9810423554776], [-106.831644705122, 38.9800009562595], [-106.830332394944, 38.9789481120932], [-106.828913270438, 38.9782042566767], [-106.827570443344, 38.977658763012], [-106.826166581922, 38.97801353001], [-106.824396499394, 38.9791655625536], [-106.822595895238, 38.9797644689812], [-106.820749511251, 38.9798636545874], [-106.819017574761, 38.9804205999027], [-106.816942303355, 38.9812369439644], [-106.81524087841, 38.9802184325782], [-106.813638643309, 38.9799819266655], [-106.812356853271, 38.9793639545424], [-106.80903793694, 38.9789557932176], [-106.805497760657, 38.9786048532015], [-106.803857376351, 38.9781890585651], [-106.801644768173, 38.9786010476058], [-106.7998823156, 38.979657714154], [-106.800401143052, 38.9812598728548], [-106.799760255231, 38.9824958259179], [-106.797105131405, 38.9838271508633], [-106.793877778663, 38.9847503080097], [-106.791993244534, 38.9844642129064], [-106.790574122283, 38.9843040006927], [-106.787232322269, 38.9846435146665], [-106.785462241521, 38.9859595796305], [-106.783707422606, 38.9875274116335], [-106.782906316343, 38.9894233039285], [-106.782257803307, 38.991143720523], [-106.782814778936, 38.9926962880912], [-106.783577753319, 38.9938101691396], [-106.783692209443, 38.9957098731076], [-106.783295472242, 38.9969839731212], [-106.782456219991, 38.9992041114387], [-106.78071665383, 38.9994215521112], [-106.779923170349, 39.0005049142667], [-106.77848878974, 39.0010694817007], [-106.777458783192, 39.0017332282353], [-106.777046780611, 39.0028852444483], [-106.776444035421, 39.0039914854893], [-106.776222775002, 39.0051320577164], [-106.775162249622, 39.0057767314304], [-106.772987790106, 39.0069096794199], [-106.771431335442, 39.006932571487], [-106.770012214443, 39.0072873353438], [-106.768516797374, 39.0081227414816], [-106.768112424282, 39.0102551154404], [-106.766746711578, 39.0114643538121], [-106.765075811989, 39.0124904908274], [-106.763664321628, 39.0135280714176], [-106.762741130515, 39.0144702859505], [-106.761787420833, 39.0158282932443], [-106.761627197773, 39.0172473322003], [-106.762100238513, 39.0186625547129], [-106.761230454929, 39.0195055878293], [-106.758254880152, 39.0195513723551], [-106.756156717638, 39.0200243923079], [-106.755096192688, 39.0218592273531], [-106.754447671017, 39.0228052548169], [-106.752822549646, 39.0243806984188], [-106.751708616193, 39.0254602386524], [-106.749763053314, 39.0261392495259], [-106.748282902754, 39.0263833928804], [-106.746360232552, 39.0266122812714], [-106.74505556501, 39.0275773870616], [-106.745345492682, 39.0308274421021], [-106.745902457023, 39.0324753542464], [-106.74639838502, 39.0343597738405], [-106.746886682841, 39.0374725016792], [-106.747283424968, 39.0385024463572], [-106.748145575915, 39.0406424439028], [-106.748603354582, 39.0424925316876], [-106.746756981482, 39.0424658400945], [-106.745063201982, 39.0432211440598], [-106.743430459463, 39.043812419693], [-106.741225494436, 39.0448004185544], [-106.739287566804, 39.0460706983038], [-106.738173638374, 39.0453039661593], [-106.73646459906, 39.0448424066206], [-106.7350912634, 39.0448996336908], [-106.733595854607, 39.0454985382895], [-106.731131482144, 39.0465284999644], [-106.72946059114, 39.0464903625014], [-106.726485031313, 39.0458113776401], [-106.722632062206, 39.0450294022941], [-106.721441839657, 39.0461203908553], [-106.718145836183, 39.0479094664286], [-106.71593324177, 39.0484282682042], [-106.714262350945, 39.0486609697009], [-106.711569087726, 39.0478332120343], [-106.71014234458, 39.0477454838072], [-106.709600642265, 39.0490882332807], [-106.709379384028, 39.0504805715743], [-106.708326495252, 39.0520712750279], [-106.707449088092, 39.0535627974511], [-106.706457235563, 39.054405834456], [-106.703863160659, 39.0556494166083], [-106.701879454169, 39.055473955178], [-106.698827599028, 39.0556990354062], [-106.696462411204, 39.0556876052199], [-106.695066187292, 39.0556075066654], [-106.692411070936, 39.0542418873093], [-106.691823586943, 39.0532043135892], [-106.691342919131, 39.052101890536], [-106.689343951233, 39.0502289223985], [-106.687970615491, 39.0495728149774], [-106.686948242115, 39.0486420523544], [-106.68613949899, 39.0475014848869], [-106.685880088734, 39.046200700539], [-106.684323640921, 39.0451669460023], [-106.6818897863, 39.0453729498839], [-106.679997635978, 39.0452470782302], [-106.678410671085, 39.0452699750663], [-106.67608363182, 39.0458459963995], [-106.674717926033, 39.04591085272], [-106.67316910723, 39.0447435866897], [-106.671841548984, 39.0441752155184], [-106.669781545938, 39.0436640671018], [-106.668179320604, 39.0436259301033], [-106.66698909517, 39.042523510876], [-106.665211388032, 39.0419436982461], [-106.662411311024, 39.0419933037852], [-106.660641236183, 39.0429851160597], [-106.657398640322, 39.0440303416347], [-106.654827452547, 39.0440303565923], [-106.65349226294, 39.0426075087666], [-106.652485147608, 39.0416767466247], [-106.652019737902, 39.0405094740173], [-106.652012105431, 39.0386555668763], [-106.649387504316, 39.0364392848271], [-106.647976019706, 39.0356305920862], [-106.647686090107, 39.0344366170625], [-106.646633196324, 39.0324072423141], [-106.64654163679, 39.0305342625206], [-106.647716599355, 39.0291838786324], [-106.648983117909, 39.028165367326], [-106.649906302643, 39.0271239693806], [-106.649807113996, 39.0255752324666], [-106.648983110334, 39.0241714559714], [-106.648349845972, 39.022172595477], [-106.645641321497, 39.0216156754601], [-106.644420577985, 39.0211274097076], [-106.642917537583, 39.0203644937071], [-106.640926199396, 39.0200593344514], [-106.639430788486, 39.0194871487746], [-106.638164267494, 39.0191705418609], [-106.638065079787, 39.0180032665418], [-106.637965889236, 39.0156153121622], [-106.637645441545, 39.0145014434674], [-106.636478105249, 39.0139521440612], [-106.635341286527, 39.0131930398388], [-106.633075280005, 39.0120715521129], [-106.629947126104, 39.0119418711093], [-106.629084971547, 39.0095043304433], [-106.628299115609, 39.0086040828381], [-106.627436964127, 39.007581768201], [-106.626078885909, 39.0067540016778], [-106.624499547654, 39.00608263577], [-106.624301174688, 39.0049115465826], [-106.623271168895, 39.0034658091207], [-106.621699461629, 39.0031835349936], [-106.618701009383, 39.0021803044635], [-106.617327671943, 39.0015928591453], [-106.615145590314, 39.000112796224], [-106.6139935061, 38.9981444340509], [-106.613550979325, 38.9963210245968], [-106.61092637832, 38.9954017034346], [-106.609087634861, 38.9958518441863], [-106.607050521605, 38.9960311438688], [-106.602747405831, 38.9971374204849], [-106.600672145446, 38.9979118081537], [-106.598886810308, 38.9982246206153], [-106.597917848976, 38.9992469563896], [-106.597185405367, 38.9998534927017], [-106.596773406604, 39.0005096119267], [-106.596178296591, 39.0013526478071], [-106.595033852031, 39.0023063103479], [-106.594621853781, 39.0030158333081], [-106.594614226123, 39.0039809335269], [-106.594240377018, 39.0051749138149], [-106.594461639973, 39.0064795146319], [-106.594919420378, 39.0072538815613], [-106.595316165755, 39.0085546676544], [-106.595796837617, 39.010206397875], [-106.595781581291, 39.0113240833424], [-106.595567953446, 39.0121556736264], [-106.595163584513, 39.0129300445501], [-106.594782104483, 39.0135899772546], [-106.595110180582, 39.0143338279281], [-106.594736331439, 39.0152340814515], [-106.594324331913, 39.0159779355849], [-106.594515075837, 39.0169392209111], [-106.595117821511, 39.0184154779419], [-106.594644786505, 39.0193081027727], [-106.594942346232, 39.0207805471538], [-106.594820276086, 39.0223407302127], [-106.594255684844, 39.0231685069808], [-106.592874721226, 39.0237101915097], [-106.591921017623, 39.0243357956812], [-106.591158056197, 39.0254267829383], [-106.591447985617, 39.0264338431783], [-106.591829469194, 39.0270479959173], [-106.593149402625, 39.0288332339043], [-106.593652961941, 39.0302675308614], [-106.594995779749, 39.0306260984072], [-106.596979488364, 39.0313203493599], [-106.597765342623, 39.0316979934361], [-106.598413864186, 39.0324990607788], [-106.598886904612, 39.0332162081688], [-106.599375203656, 39.0340020183308], [-106.599749058155, 39.0348069029145], [-106.599588839012, 39.0360619158846], [-106.599222617682, 39.0367866965902], [-106.598726693373, 39.0374695170559], [-106.598329954354, 39.0384575082713], [-106.597582256765, 39.0410629022021], [-106.597567001677, 39.0428023713731], [-106.597116854404, 39.0435996314599], [-106.597330486782, 39.0443358532081], [-106.59685745039, 39.0449576396433], [-106.595713005817, 39.045449733294], [-106.594515152492, 39.0455451056487], [-106.592417001853, 39.0455565616389], [-106.591097074481, 39.0455107935309], [-106.588770035422, 39.045777830559], [-106.586130181952, 39.0464644781686], [-106.584596624533, 39.0468268771602], [-106.583917588974, 39.0473037088183], [-106.581361662431, 39.0483489315452], [-106.580140922646, 39.0492758928103], [-106.579118555252, 39.050584316101], [-106.578615000231, 39.0510992934536], [-106.57782152039, 39.0521101744345], [-106.577752857429, 39.0532011584253], [-106.57810382574, 39.0549139239639], [-106.578309827833, 39.0555509647989], [-106.578439535942, 39.0572103271557], [-106.578286945606, 39.0580304729417], [-106.578073319573, 39.0593045601461], [-106.577531621744, 39.0612843548341], [-106.577165402744, 39.0626309200356], [-106.57718829547, 39.063992742441], [-106.577287487354, 39.0660640842541], [-106.577562158414, 39.0674373478417], [-106.577699494421, 39.0686008085931], [-106.57756979486, 39.0698176756849], [-106.577691872698, 39.0712023844596], [-106.577585061559, 39.0723238856038], [-106.578554028894, 39.0736322974029], [-106.579729000153, 39.0761041684904], [-106.579591671071, 39.0774049573475], [-106.577089156076, 39.079644158172], [-106.578546418681, 39.0803727431312], [-106.579919755755, 39.0813111333841], [-106.581041316342, 39.0825928410916], [-106.583215764993, 39.0832565735555], [-106.585130806995, 39.0847175638473], [-106.5855962192, 39.086422698997], [-106.586038743884, 39.0881392782518], [-106.586504154137, 39.0891844828322], [-106.586488897314, 39.0903021686658], [-106.585985347078, 39.092068344748], [-106.586336316949, 39.0944791865604], [-106.586343949231, 39.0956121310016], [-106.585687804083, 39.0967946693318], [-106.583086105885, 39.0990987200798], [-106.58201033089, 39.100052383939], [-106.580209741137, 39.101463806823], [-106.578729594888, 39.1024479899939], [-106.576974781171, 39.1032910344106], [-106.574838488236, 39.1044354354623], [-106.572801376222, 39.1044201900204], [-106.569787669108, 39.1037679076269], [-106.567811597112, 39.1049924165082], [-106.565492191611, 39.1059308297257], [-106.564172266585, 39.106255081064], [-106.563355897696, 39.107086674851], [-106.564660571796, 39.109062644356], [-106.564507985356, 39.1111263585976], [-106.56443932285, 39.1125530302052], [-106.56487421647, 39.1139072199784], [-106.563851849811, 39.1152347174346], [-106.562272520426, 39.1166079936702], [-106.561173856013, 39.1172984479017], [-106.559754747938, 39.1185153240467], [-106.558892602547, 39.1195529082333], [-106.558038091702, 39.1220247926687], [-106.557931281982, 39.1234590934997], [-106.558984177068, 39.1252672201417], [-106.559792922753, 39.1267968810512], [-106.560227815362, 39.1279336371952], [-106.561501969293, 39.1296387674818], [-106.563165232181, 39.1308327347687], [-106.564653016347, 39.1328659219725], [-106.564088427263, 39.1340637189436], [-106.563050800395, 39.1348724266838], [-106.561341770048, 39.1369208938944], [-106.560235480166, 39.1388282154808], [-106.559480149728, 39.1399268325956], [-106.559365710325, 39.1415976409213], [-106.558938457038, 39.143253192214], [-106.55982349922, 39.1449163640731], [-106.560594095528, 39.146076005975], [-106.560861135836, 39.147243279838], [-106.560845885618, 39.1498677448437], [-106.562600704546, 39.1515194666148], [-106.562593079514, 39.1527172594236], [-106.561952194207, 39.1538540227012], [-106.56118160755, 39.1556392747107], [-106.561180007509, 39.1556404032333]]]}}]}