{"type": "FeatureCollection", "features": [{"id": "12", "type": "Feature", "properties": {"name": "La Plata"}, "geometry": {"type": "Polygon", "coordinates": [[[-108.379302869798, 36.999458857844296], [-108.3718, 37.02910500000004], [-108.355392, 37.02558799999999], [-108.354386, 37.03881199999999], [-108.334792, 37.054220000000036], [-108.321065, 37.09710000000001], [-108.31013, 37.105400000000046], [-108.310326, 37.129348000000014], [-108.290459, 37.145975000000035], [-108.297415, 37.17116000000005], [-108.29263, 37.19831900000001], [-108.29728300000001, 37.213232999999995], [-108.290423, 37.22358400000003], [-108.26144800000002, 37.23503099999999], [-108.238589, 37.262666999999986], [-108.234838, 37.27476799999996], [-108.22731200000001, 37.27816600000002], [-108.225169, 37.28666300000003], [-108.219688, 37.28741500000002], [-108.217989, 37.29724999999996], [-108.212504, 37.300150999999985], [-108.216477, 37.31161499999998], [-108.203051, 37.326791999999976], [-108.207779, 37.334527000000016], [-108.197776, 37.35493899999996], [-108.173032, 37.36638800000002], [-108.164299, 37.36234299999999], [-108.152473, 37.362589], [-108.140477, 37.37281799999995], [-108.120481, 37.37471500000002], [-108.105857, 37.38206799999996], [-108.105336, 37.40557300000002], [-108.087287, 37.42776900000003], [-108.080041, 37.429187], [-108.078042, 37.438881000000016], [-108.053028, 37.43752099999996], [-108.043283, 37.444349], [-108.033146, 37.46494000000006], [-108.037932, 37.50318900000001], [-108.03153100000002, 37.50930900000003], [-108.034745, 37.532496], [-108.025437, 37.53971900000002], [-108.018279, 37.567141000000035], [-108.023006, 37.59099899999996], [-108.016639, 37.592470999999996], [-108.014298, 37.603594000000015], [-108.004844, 37.606047999999994], [-107.987221, 37.625004], [-107.972098, 37.63021499999998], [-107.970086, 37.63958699999999], [-107.48217900000002, 37.63950099999999], [-107.481736999155, 37.00000458031426], [-108.249358, 36.99901500000002], [-108.379302869798, 36.999458857844296]]]}}, {"id": "13", "type": "Feature", "properties": {"name": "San Miguel"}, "geometry": {"type": "Polygon", "coordinates": [[[-109.041654683556, 37.88108516649331], [-109.041836576111, 38.15303209035392], [-107.965789, 38.15232799999997], [-107.965453, 38.14490299999998], [-107.951717, 38.144982000000006], [-107.951574, 38.116125000000004], [-107.891469, 38.115957], [-107.892052, 38.087011], [-107.89671399999999, 38.08682899999997], [-107.893774, 38.05774200000002], [-107.888045, 38.045390000000005], [-107.899795, 38.02583899999997], [-107.891098, 38.02463999999997], [-107.889716, 38.01161499999997], [-107.8833, 38.00737099999997], [-107.862419, 38.00943000000003], [-107.84211300000001, 38.00566799999997], [-107.848715, 37.99245900000003], [-107.824833, 37.98816299999997], [-107.814321, 37.99067299999999], [-107.801896, 37.98690600000001], [-107.795469, 37.98851999999997], [-107.780412, 37.96187900000002], [-107.760855, 37.95963199999998], [-107.748897, 37.95311600000002], [-107.732787, 37.929668], [-107.733402, 37.919914999999996], [-107.737494, 37.91768699999999], [-107.73668, 37.90772799999995], [-107.75619, 37.890034999999955], [-107.76092, 37.877557000000046], [-107.782459, 37.86777199999996], [-107.779099, 37.84977499999997], [-107.785068, 37.846570000000035], [-107.78341400000001, 37.84036800000003], [-107.789009, 37.83812099999999], [-107.79644700000001, 37.82272500000001], [-107.80869, 37.824106000000015], [-107.828521, 37.811858000000015], [-107.8247, 37.80485199999999], [-107.828461, 37.799624999999985], [-107.822393, 37.79583700000002], [-107.82465000000002, 37.79022800000002], [-107.844554, 37.773648], [-107.860845, 37.77551699999998], [-107.873847, 37.786483000000004], [-107.886257, 37.785454000000016], [-107.892508, 37.802657000000075], [-107.903435, 37.80635899999995], [-107.921347, 37.823714], [-107.938673, 37.823008], [-107.95054, 37.83563800000002], [-107.97139300000002, 37.832427999999986], [-107.98417200000002, 37.84503700000005], [-107.989208, 37.856640000000034], [-108.030865, 37.85549500000002], [-108.046966, 37.85099200000003], [-108.057948, 37.841081], [-108.068937, 37.851327000000005], [-108.090526, 37.83999399999999], [-108.09595000000002, 37.84042100000003], [-108.098275, 37.848411], [-108.108232, 37.853645000000014], [-108.120951, 37.85384100000004], [-108.140609, 37.83228699999999], [-108.147241, 37.838853000000036], [-108.150174, 37.83432600000002], [-108.174906, 37.832591999999984], [-108.183171, 37.826478999999935], [-108.210164, 37.82112500000001], [-108.212354, 37.83203799999999], [-108.22700500000002, 37.84347499999998], [-108.229586, 37.86104099999997], [-108.23783700000001, 37.87639199999997], [-108.24793400000001, 37.87938000000001], [-108.25773000000001, 37.890585000000016], [-108.256498, 37.894607], [-108.81671, 37.89553800000001], [-108.820522, 37.880850999999986], [-109.041654683556, 37.88108516649331]]]}}, {"id": "151", "type": "Feature", "properties": {"name": "Douglas"}, "geometry": {"type": "Polygon", "coordinates": [[[-105.327393, 39.130872999999994], [-105.321962, 39.13696700000001], [-105.323285, 39.14499200000002], [-105.315634, 39.145801], [-105.313063, 39.160019], [-105.287377, 39.17944200000004], [-105.282929, 39.19995300000005], [-105.276291, 39.20721599999997], [-105.259735, 39.210905000000004], [-105.263568, 39.228810999999986], [-105.253567, 39.24315599999997], [-105.247275, 39.24042500000002], [-105.235631, 39.24426100000001], [-105.23458, 39.255091000000014], [-105.228121, 39.253766000000034], [-105.2236, 39.25598999999999], [-105.225105, 39.26052500000001], [-105.217833, 39.260114999999956], [-105.220778, 39.26866199999998], [-105.21558000000002, 39.272232000000024], [-105.206981, 39.29320199999995], [-105.202576, 39.29332100000006], [-105.207681, 39.298194], [-105.19600000000001, 39.30208200000003], [-105.198156, 39.31043200000003], [-105.188587, 39.317383999999954], [-105.188184, 39.32796099999997], [-105.182305, 39.32979700000003], [-105.187837, 39.33418600000002], [-105.178729, 39.34078600000002], [-105.177193, 39.34957900000001], [-105.166574, 39.36175399999998], [-105.173515, 39.38320300000001], [-105.164337, 39.391136000000046], [-105.170963, 39.40782500000003], [-105.14531600000001, 39.41881400000001], [-105.123471, 39.43431299999996], [-105.124184, 39.45498500000004], [-105.132948, 39.462025], [-105.134993, 39.47078500000006], [-105.127081, 39.47818500000003], [-105.116276, 39.48145099999997], [-105.117646, 39.485392000000026], [-105.098707, 39.48539399999998], [-105.086751, 39.49342299999997], [-105.085227, 39.50542999999998], [-105.078402, 39.51149000000003], [-105.076419, 39.540055000000045], [-105.057252, 39.56230600000001], [-105.040285, 39.566190000000006], [-104.66016, 39.56590900000001], [-104.662483, 39.12952900000001], [-105.327393, 39.130872999999994]]]}}, {"id": "152", "type": "Feature", "properties": {"name": "Clear Creek"}, "geometry": {"type": "Polygon", "coordinates": [[[-105.92703, 39.67670299999998], [-105.919581, 39.690286999999984], [-105.924618, 39.69897199999998], [-105.921407, 39.70993599999997], [-105.911775, 39.71529499999999], [-105.90828, 39.72624600000004], [-105.88944, 39.73154799999998], [-105.882375, 39.74032800000001], [-105.885001, 39.74998600000001], [-105.88048100000002, 39.759303000000024], [-105.892657, 39.78263800000001], [-105.887622, 39.796600000000005], [-105.875566, 39.79925800000002], [-105.854942, 39.79615399999997], [-105.85136300000002, 39.788033], [-105.822954, 39.78560500000003], [-105.810511, 39.791475000000005], [-105.79955500000001, 39.80328200000005], [-105.784662, 39.802433999999984], [-105.763882, 39.794983999999985], [-105.736426, 39.80480099999999], [-105.733457, 39.812542], [-105.725176, 39.81732800000001], [-105.716981, 39.835472000000024], [-105.696345, 39.83891899999998], [-105.690348, 39.85199599999997], [-105.681095, 39.84728700000001], [-105.65978300000002, 39.850448000000014], [-105.633283, 39.84370200000003], [-105.628949, 39.832740000000044], [-105.602623, 39.81811399999997], [-105.595636, 39.81611100000001], [-105.57794600000001, 39.82249200000002], [-105.574361, 39.818884], [-105.579796, 39.81278200000001], [-105.578481, 39.80544799999996], [-105.546717, 39.78796700000001], [-105.548184, 39.78177699999998], [-105.539452, 39.77233700000002], [-105.517655, 39.764924], [-105.494921, 39.76406999999998], [-105.497128, 39.757863999999984], [-105.493025, 39.75696200000001], [-105.478801, 39.759127000000014], [-105.450341, 39.752986000000014], [-105.427919, 39.75583499999997], [-105.42259000000001, 39.755199999999974], [-105.421397, 39.745856000000025], [-105.406587, 39.75147699999999], [-105.398712, 39.74729400000004], [-105.398949, 39.56605599999998], [-105.587986, 39.56819700000001], [-105.82966200000001, 39.56486499999997], [-105.83836900000001, 39.57295200000001], [-105.82654400000001, 39.5802], [-105.808083, 39.583395], [-105.800433, 39.593211000000046], [-105.77627, 39.604959], [-105.782674, 39.62902399999998], [-105.792732, 39.63611400000001], [-105.817239, 39.633555000000015], [-105.82099200000002, 39.64256500000002], [-105.83395, 39.64222199999997], [-105.841546, 39.646183999999984], [-105.848665, 39.644155999999995], [-105.864767, 39.667218], [-105.87961300000002, 39.66363800000003], [-105.884861, 39.657084000000005], [-105.893945, 39.659417999999974], [-105.89681200000001, 39.664664000000016], [-105.910753, 39.66229400000001], [-105.92703, 39.67670299999998]]]}}, {"id": "153", "type": "Feature", "properties": {"name": "Grand"}, "geometry": {"type": "Polygon", "coordinates": [[[-106.652832, 40.34156199999998], [-106.652112, 40.445230999999964], [-106.650342, 40.43978099999996], [-106.638601, 40.432244000000004], [-106.62349100000002, 40.43172900000001], [-106.629153, 40.41892500000002], [-106.619525, 40.40524499999997], [-106.61232100000001, 40.37938300000003], [-106.602505, 40.376081999999954], [-106.594616, 40.383178000000015], [-106.559301, 40.37807900000001], [-106.55292200000001, 40.36986500000004], [-106.539031, 40.37094899999996], [-106.534921, 40.36507999999995], [-106.52972, 40.369112999999956], [-106.525279, 40.38580699999997], [-106.51889900000002, 40.39102199999999], [-106.5123, 40.38675299999996], [-106.51048, 40.39338600000001], [-106.48984200000001, 40.41157800000004], [-106.478248, 40.40480500000001], [-106.481283, 40.38943099999999], [-106.47449400000002, 40.38798400000004], [-106.473082, 40.379389], [-106.464395, 40.375912000000014], [-106.463178, 40.366993000000015], [-106.456146, 40.36333700000004], [-106.457018, 40.354510000000005], [-106.44342, 40.34653299999998], [-106.421793, 40.352793000000034], [-106.404016, 40.344952000000035], [-106.389732, 40.34569999999999], [-106.385264, 40.35237299999998], [-106.35648200000001, 40.35807299999999], [-106.336996, 40.33964500000001], [-106.321221, 40.337324999999986], [-106.305512, 40.32870000000006], [-106.295931, 40.33336500000002], [-106.298621, 40.34995800000003], [-106.291071, 40.358204000000036], [-106.277947, 40.35372300000003], [-106.265662, 40.36095000000001], [-106.253573, 40.35032499999999], [-106.251223, 40.340765], [-106.230463, 40.323407], [-106.217064, 40.329079999999976], [-106.189178, 40.32653200000002], [-106.17049, 40.34400600000002], [-106.162011, 40.34261199999996], [-106.149384, 40.33196700000003], [-106.1368, 40.33013099999993], [-106.133171, 40.33651299999999], [-106.101621, 40.353840000000034], [-106.085681, 40.34718300000001], [-106.054568, 40.357636], [-106.036028, 40.369098999999984], [-106.018622, 40.373295], [-106.011605, 40.37027599999994], [-106.011183, 40.362249000000034], [-105.986654, 40.364582000000006], [-105.969368, 40.349549999999965], [-105.959659, 40.34814899999998], [-105.954343, 40.36029699999997], [-105.938701, 40.366057999999974], [-105.937312, 40.37194100000002], [-105.946712, 40.37724799999999], [-105.946607, 40.38504700000001], [-105.940462, 40.38452400000001], [-105.927536, 40.39102599999998], [-105.92073400000001, 40.40156499999996], [-105.90332000000001, 40.40075099999999], [-105.897669, 40.41772700000002], [-105.90326500000002, 40.432762000000025], [-105.897069, 40.44878800000005], [-105.899345, 40.465645], [-105.891754, 40.47666099999999], [-105.862474, 40.48022599999996], [-105.854926, 40.48625199999997], [-105.808543, 40.475061000000004], [-105.80569, 40.44788199999997], [-105.815784, 40.43743399999999], [-105.81726600000002, 40.42432300000001], [-105.790951, 40.39864], [-105.78725, 40.38087199999999], [-105.757117, 40.35165000000004], [-105.736345, 40.346614999999964], [-105.729088, 40.335277999999995], [-105.713127, 40.32556799999998], [-105.70168, 40.324309], [-105.697648, 40.318273], [-105.702109, 40.312083000000044], [-105.69014, 40.308648000000005], [-105.687368, 40.29373299999999], [-105.681165, 40.29194500000001], [-105.686403, 40.28891799999999], [-105.680579, 40.28445999999995], [-105.681508, 40.27168399999999], [-105.657235, 40.262886000000016], [-105.644262, 40.249793000000004], [-105.66000600000001, 40.248833000000005], [-105.668444, 40.22814000000001], [-105.663462, 40.219929000000036], [-105.671255, 40.217078999999984], [-105.670559, 40.20780199999996], [-105.677645, 40.20233099999995], [-105.677554, 40.18850700000001], [-105.670626, 40.18539299999996], [-105.667729, 40.15827600000001], [-105.655996, 40.151281], [-105.63565600000001, 40.146006000000014], [-105.62609, 40.127346000000024], [-105.626566, 40.11865400000001], [-105.636681, 40.106994], [-105.632022, 40.097190999999995], [-105.63600400000001, 40.084553], [-105.63262000000002, 40.08144699999998], [-105.635429, 40.07494700000003], [-105.641121, 40.07300000000004], [-105.638873, 40.067030999999965], [-105.646692, 40.065220000000025], [-105.651061, 40.058445], [-105.637412, 40.045509000000024], [-105.641197, 40.034171999999984], [-105.65191, 40.02090499999999], [-105.661606, 40.01646600000004], [-105.689818, 40.01510799999998], [-105.69059000000001, 39.99628100000002], [-105.683164, 39.992881000000004], [-105.690321, 39.96976800000001], [-105.685504, 39.95853200000002], [-105.694362, 39.949684000000055], [-105.6932, 39.941239000000024], [-105.682943, 39.933788999999926], [-105.675265, 39.93332299999995], [-105.691176, 39.89721499999999], [-105.699719, 39.891499000000024], [-105.70077300000001, 39.878942000000045], [-105.690348, 39.85199599999997], [-105.69574700000001, 39.839482000000025], [-105.713369, 39.838211999999956], [-105.736426, 39.80480099999999], [-105.763882, 39.794983999999985], [-105.784662, 39.802433999999984], [-105.79955500000001, 39.80328200000005], [-105.810511, 39.791475000000005], [-105.822954, 39.78560500000003], [-105.85136300000002, 39.788033], [-105.854942, 39.79615399999997], [-105.875566, 39.79925800000002], [-105.887622, 39.796600000000005], [-105.892657, 39.78263800000001], [-105.88048100000002, 39.759303000000024], [-105.884588, 39.75285900000004], [-105.883714, 39.73701200000003], [-105.891755, 39.73038700000001], [-105.90828, 39.72624600000004], [-105.911775, 39.71529499999999], [-105.921407, 39.70993599999997], [-105.924618, 39.69897199999998], [-105.940571, 39.690602], [-105.945601, 39.688865999999955], [-105.951036, 39.69514900000001], [-105.996339, 39.68412200000002], [-106.025906, 39.68913799999998], [-106.033642, 39.69675999999998], [-106.041583, 39.71601999999999], [-106.058548, 39.724701], [-106.064827, 39.76073299999998], [-106.081207, 39.787399000000015], [-106.078082, 39.79368399999997], [-106.084115, 39.806654999999985], [-106.124989, 39.84212500000001], [-106.137912, 39.84353800000004], [-106.14889, 39.839448000000004], [-106.171143, 39.845292999999955], [-106.194289, 39.85968099999998], [-106.201545, 39.86546499999999], [-106.206499, 39.877701000000016], [-106.21686, 39.88062999999997], [-106.231688, 39.90080599999997], [-106.25202700000001, 39.914711999999994], [-106.294777, 39.91891999999995], [-106.294624, 39.91396000000001], [-106.39543300000001, 39.91401599999999], [-106.39525700000002, 39.92458899999995], [-106.626569, 39.924785], [-106.626112, 39.99998599999995], [-106.637031, 40.002106000000005], [-106.632257, 40.34155900000002], [-106.652832, 40.34156199999998]]]}}, {"id": "154", "type": "Feature", "properties": {"name": "Delta"}, "geometry": {"type": "Polygon", "coordinates": [[[-108.378951, 38.82903599999998], [-108.176988, 38.895315000000046], [-108.16631000000001, 38.902245], [-108.152478, 38.90126800000002], [-108.146953, 38.90747100000001], [-108.141122, 38.90648400000003], [-108.144834, 38.916401999999984], [-108.14092200000002, 38.92417300000002], [-108.137741, 38.926052000000055], [-108.13065700000001, 38.92230499999996], [-108.120793, 38.927209000000026], [-108.087305, 38.96317999999999], [-108.094786, 38.979684000000006], [-108.069963, 38.99659200000003], [-108.053779, 39.014052000000035], [-108.050361, 39.01513299999998], [-108.047801, 39.01145200000003], [-108.038297, 39.01572700000001], [-108.032022, 39.02732199999999], [-107.98720400000002, 39.052875999999976], [-107.982173, 39.059877999999976], [-107.91749700000001, 39.06402899999995], [-107.907415, 39.06053299999999], [-107.900664, 39.06552099999999], [-107.875626, 39.07076399999999], [-107.85888800000001, 39.080112], [-107.855327, 39.076649999999965], [-107.84001, 39.077168], [-107.80213, 39.06478800000005], [-107.771085, 39.04369300000003], [-107.76549, 39.043293999999996], [-107.755609, 39.05389799999999], [-107.74389, 39.057706000000024], [-107.741881, 39.06402300000003], [-107.72162400000002, 39.06525499999999], [-107.70778, 39.083695000000034], [-107.686883, 39.08862900000001], [-107.680815, 39.10025599999999], [-107.67384, 39.10109199999999], [-107.671439, 39.107632999999986], [-107.660309, 39.111771], [-107.662674, 39.11623899999996], [-107.651314, 39.130931], [-107.637893, 39.14202], [-107.632415, 39.140919], [-107.619108, 39.154885999999976], [-107.593877, 39.16482000000002], [-107.568439, 39.18133900000002], [-107.556929, 39.178340000000034], [-107.542842, 39.18219799999999], [-107.541576, 39.19623500000003], [-107.523304, 39.19778600000002], [-107.527505, 39.203883999999974], [-107.511795, 39.215675000000026], [-107.500606, 39.21791599999997], [-107.500655, 38.66855299999999], [-108.378698, 38.66809700000001], [-108.378951, 38.82903599999998]]]}}, {"id": "155", "type": "Feature", "properties": {"name": "Ouray"}, "geometry": {"type": "Polygon", "coordinates": [[[-108.13238, 38.33157299999999], [-107.635697, 38.332148000000025], [-107.630962, 38.32567899999998], [-107.63649700000002, 38.31615399999998], [-107.629236, 38.28786099999999], [-107.617137, 38.27545000000003], [-107.61157, 38.260827000000035], [-107.590701, 38.252046000000014], [-107.580243, 38.230823999999984], [-107.580784, 38.212460000000014], [-107.575576, 38.20979699999997], [-107.562293, 38.15790000000002], [-107.57401900000002, 38.136991000000016], [-107.563205, 38.12321199999998], [-107.560855, 38.110503000000016], [-107.56465, 38.096991999999986], [-107.554098, 38.07953000000001], [-107.533107, 38.079677], [-107.51683, 38.069741000000015], [-107.511, 38.060539000000034], [-107.522282, 38.05722199999997], [-107.521955, 38.04256699999997], [-107.53728, 38.032708], [-107.53797500000002, 38.00891900000004], [-107.548588, 37.99885200000002], [-107.574092, 38.00634900000001], [-107.586737, 37.999407999999974], [-107.58679, 37.99376400000004], [-107.591367, 37.99225200000002], [-107.58416500000001, 37.97601899999999], [-107.587004, 37.96847800000003], [-107.568875, 37.965014999999966], [-107.64168, 37.96475900000005], [-107.642842, 37.936611000000006], [-107.637926, 37.92085900000003], [-107.646799, 37.91664999999993], [-107.650942, 37.90958200000006], [-107.661264, 37.909446000000024], [-107.663756, 37.903517], [-107.689098, 37.90155900000003], [-107.695665, 37.89241000000002], [-107.700639, 37.89200699999999], [-107.707304, 37.89387600000002], [-107.707779, 37.89885599999996], [-107.720864, 37.89741999999998], [-107.738283, 37.905432000000005], [-107.732787, 37.929668], [-107.739148, 37.93926099999996], [-107.748897, 37.95311600000002], [-107.760855, 37.95963199999998], [-107.780412, 37.96187900000002], [-107.795469, 37.98851999999997], [-107.801896, 37.98690600000001], [-107.814321, 37.99067299999999], [-107.824833, 37.98816299999997], [-107.848715, 37.99245900000003], [-107.84211300000001, 38.00566799999997], [-107.862419, 38.00943000000003], [-107.8833, 38.00737099999997], [-107.891044, 38.01353099999997], [-107.891098, 38.02463999999997], [-107.899795, 38.02583899999997], [-107.888045, 38.045390000000005], [-107.893774, 38.05774200000002], [-107.89671399999999, 38.08682899999997], [-107.892052, 38.087011], [-107.891469, 38.115957], [-107.951574, 38.116125000000004], [-107.951717, 38.144982000000006], [-107.965453, 38.14490299999998], [-107.965789, 38.15232799999997], [-107.94696300000001, 38.15249100000002], [-107.947744, 38.173766999999984], [-107.938145, 38.17393599999997], [-107.937588, 38.21899200000001], [-107.94702, 38.218947], [-107.947142, 38.22647699999999], [-107.965408, 38.22650900000002], [-107.96541900000001, 38.234014999999985], [-107.984184, 38.233935999999964], [-107.984084, 38.24838599999999], [-108.011531, 38.248202999999975], [-108.011531, 38.255261000000004], [-108.086604, 38.255202], [-108.08635, 38.28433399999997], [-108.104161, 38.284179000000016], [-108.104819, 38.313717999999966], [-108.123269, 38.31363499999999], [-108.123683, 38.320928], [-108.131748, 38.32075599999997], [-108.13238, 38.33157299999999]]]}}, {"id": "156", "type": "Feature", "properties": {"name": "Huerfano"}, "geometry": {"type": "Polygon", "coordinates": [[[-105.501286, 37.598603000000026], [-105.493273, 37.60091899999996], [-105.498602, 37.61413699999998], [-105.491513, 37.625003000000014], [-105.486976, 37.65348299999999], [-105.477242, 37.66619900000001], [-105.481374, 37.69375500000004], [-105.477732, 37.70688899999999], [-105.463926, 37.713801000000004], [-105.454245, 37.72395099999996], [-105.452727, 37.74127600000003], [-105.459789, 37.752764999999975], [-105.449337, 37.77930499999998], [-105.45491200000001, 37.79569600000003], [-105.435179, 37.80476699999998], [-105.435583, 37.82850500000004], [-105.428674, 37.84366599999999], [-105.428893, 37.851733000000024], [-105.450537, 37.87811199999997], [-105.478495, 37.87985000000006], [-105.473204, 37.895970000000005], [-105.440272, 37.897461000000035], [-105.424151, 37.890173], [-105.413635, 37.89052699999999], [-105.377088, 37.916102], [-105.347209, 37.92475899999995], [-105.331702, 37.935801], [-105.317081, 37.938949], [-105.306574, 37.932292000000004], [-105.297431, 37.90934900000003], [-105.292407, 37.90862500000003], [-105.286736, 37.900193999999935], [-105.280549, 37.90121500000006], [-105.261842, 37.925637000000016], [-105.263942, 37.93205899999994], [-105.249742, 37.951521], [-105.237598, 37.957567999999995], [-105.238864, 37.96256], [-105.226262, 37.963898000000015], [-105.223136, 37.968803999999935], [-105.215366, 37.97051999999999], [-105.214221, 37.98026000000003], [-105.205897, 37.98326799999998], [-105.206068, 37.98966800000001], [-105.197073, 37.99241599999998], [-105.200044, 38.00083499999998], [-105.194586, 38.00756000000001], [-105.168652, 38.01894600000002], [-105.147969, 38.00623900000001], [-105.153199, 38.000783999999996], [-105.152491, 37.99211299999996], [-105.147965, 37.986840999999984], [-105.141241, 37.98685999999996], [-105.142145, 37.97979900000002], [-105.131025, 37.97268100000003], [-105.13564700000002, 37.96527699999997], [-105.126411, 37.96075000000002], [-105.12620700000001, 37.95153400000003], [-105.108507, 37.94339900000002], [-105.088011, 37.94858800000001], [-105.084383, 37.955384000000016], [-105.0778, 37.95296400000004], [-105.066056, 37.944209], [-105.0632, 37.91697600000001], [-105.054307, 37.91750900000007], [-105.038665, 37.904444], [-105.032954, 37.90532200000001], [-105.034803, 37.89458300000005], [-105.015751, 37.88551000000002], [-105.013729, 37.88127099999997], [-104.646383, 37.900526999999975], [-104.351109, 37.81748799999998], [-104.456723, 37.74787999999997], [-104.45493, 37.740839000000044], [-104.548417, 37.609424], [-104.548652, 37.57469999999996], [-104.620338, 37.53005299999995], [-104.627653, 37.51090200000001], [-104.649229, 37.49531999999999], [-104.689702, 37.494419000000015], [-104.69184100000001, 37.48662400000003], [-104.696111, 37.485424999999985], [-104.691764, 37.479031000000006], [-104.699931, 37.46983799999999], [-104.700739, 37.45018299999998], [-104.695075, 37.43991500000003], [-104.711355, 37.437476999999994], [-104.72679, 37.42653599999999], [-104.736799, 37.42494900000001], [-104.749091, 37.413975], [-104.748938, 37.407029000000044], [-104.771869, 37.406473000000034], [-104.787422, 37.40010700000001], [-104.803718, 37.402935000000035], [-104.826668, 37.39565100000001], [-104.834755, 37.39526500000002], [-104.838287, 37.39867500000003], [-104.88426, 37.385817000000024], [-104.925753, 37.39704800000001], [-104.938861, 37.389209000000044], [-104.952631, 37.38971499999996], [-104.971228, 37.376242999999974], [-104.983527, 37.37338799999998], [-104.994736, 37.375828999999975], [-105.004788, 37.36317300000003], [-105.023606, 37.356836], [-105.023991, 37.34081500000002], [-105.036832, 37.34146800000004], [-105.050594, 37.331049], [-105.068046, 37.326046], [-105.07512600000001, 37.31666500000002], [-105.094331, 37.31461499999999], [-105.097971, 37.30415100000001], [-105.115425, 37.29629399999998], [-105.12808, 37.296821999999985], [-105.131963, 37.300902000000036], [-105.164559, 37.28911700000002], [-105.165472, 37.29124100000001], [-105.166692, 37.32373499999999], [-105.163096, 37.328909], [-105.167949, 37.337030999999996], [-105.16405, 37.34302200000001], [-105.168906, 37.36151399999999], [-105.166765, 37.38839599999999], [-105.156212, 37.39922999999997], [-105.138567, 37.40069100000001], [-105.12972, 37.409254], [-105.139416, 37.41558500000001], [-105.140913, 37.42791899999993], [-105.144886, 37.42896499999996], [-105.156185, 37.45708999999996], [-105.16450700000001, 37.454598999999995], [-105.175535, 37.456527999999985], [-105.176683, 37.47559400000001], [-105.182196, 37.47921099999995], [-105.174816, 37.485102], [-105.177479, 37.49168299999999], [-105.17132, 37.51324600000002], [-105.183788, 37.540895999999975], [-105.182677, 37.54678100000002], [-105.178352, 37.54631899999998], [-105.196044, 37.569866999999974], [-105.218333, 37.58243899999998], [-105.20377, 37.594448999999976], [-105.193237, 37.592167999999965], [-105.195645, 37.60893899999997], [-105.184441, 37.61598399999998], [-105.18754900000002, 37.61966899999998], [-105.201507, 37.619194], [-105.214534, 37.626424999999976], [-105.22121600000001, 37.621170999999975], [-105.235978, 37.62077299999995], [-105.243362, 37.62922899999997], [-105.253797, 37.63169400000002], [-105.255303, 37.64025799999996], [-105.266939, 37.63835300000001], [-105.278676, 37.646352000000014], [-105.28492, 37.64588600000001], [-105.297623, 37.65814300000002], [-105.329542, 37.64298099999997], [-105.345448, 37.64202399999998], [-105.34856, 37.637757999999984], [-105.370305, 37.63939600000002], [-105.400312, 37.61341500000002], [-105.4084, 37.617999999999974], [-105.442279, 37.611851000000044], [-105.454492, 37.590483000000006], [-105.471447, 37.58126299999998], [-105.485516, 37.577899], [-105.494683, 37.585542000000025], [-105.494591, 37.59235200000002], [-105.501286, 37.598603000000026]]]}}, {"id": "157", "type": "Feature", "properties": {"name": "San Juan"}, "geometry": {"type": "Polygon", "coordinates": [[[-107.97506, 37.68364799999999], [-107.968875, 37.696484999999974], [-107.95262800000002, 37.70678799999999], [-107.93720600000002, 37.702561999999986], [-107.929856, 37.70915399999998], [-107.910975, 37.71255900000003], [-107.910652, 37.715996999999994], [-107.901349, 37.719002], [-107.877195, 37.71630899999996], [-107.872966, 37.72241600000004], [-107.875622, 37.73885099999995], [-107.86191200000002, 37.75602399999998], [-107.870481, 37.762762000000045], [-107.868192, 37.76732299999999], [-107.860845, 37.77551699999998], [-107.840852, 37.774139000000005], [-107.822393, 37.79583700000002], [-107.828461, 37.799624999999985], [-107.8247, 37.80485199999999], [-107.828521, 37.811858000000015], [-107.80869, 37.824106000000015], [-107.79644700000001, 37.82272500000001], [-107.789009, 37.83812099999999], [-107.78341400000001, 37.84036800000003], [-107.785068, 37.846570000000035], [-107.779099, 37.84977499999997], [-107.782459, 37.86777199999996], [-107.76092, 37.877557000000046], [-107.75619, 37.890034999999955], [-107.738283, 37.905432000000005], [-107.720864, 37.89741999999998], [-107.707779, 37.89885599999996], [-107.707304, 37.89387600000002], [-107.700639, 37.89200699999999], [-107.695665, 37.89241000000002], [-107.689098, 37.90155900000003], [-107.678452, 37.90448199999996], [-107.666283, 37.902964999999966], [-107.661264, 37.909446000000024], [-107.650942, 37.90958200000006], [-107.637464, 37.92356399999999], [-107.642528, 37.93321199999998], [-107.64168, 37.96475900000005], [-107.568875, 37.965014999999966], [-107.56336900000001, 37.95593700000001], [-107.532593, 37.943905000000015], [-107.537701, 37.93464400000003], [-107.535902, 37.92012300000001], [-107.52892400000002, 37.91368700000003], [-107.528505, 37.90709700000001], [-107.520167, 37.90131200000005], [-107.527162, 37.89137700000003], [-107.533481, 37.889061000000034], [-107.536021, 37.873914], [-107.527741, 37.87036100000004], [-107.517859, 37.85697799999996], [-107.5224, 37.842098000000014], [-107.516204, 37.83454700000004], [-107.516547, 37.826450999999985], [-107.485477, 37.822420999999984], [-107.468843, 37.80972600000004], [-107.459224, 37.794083], [-107.458114, 37.78209599999999], [-107.46718500000001, 37.766036999999976], [-107.482245, 37.76835299999999], [-107.48217900000002, 37.63950099999999], [-107.970086, 37.63958699999999], [-107.960061, 37.64263800000003], [-107.957078, 37.64889399999999], [-107.96942, 37.679231999999985], [-107.97506, 37.68364799999999]]]}}, {"id": "341", "type": "Feature", "properties": {"name": "Mesa"}, "geometry": {"type": "Polygon", "coordinates": [[[-109.059962, 38.499987000000026], [-109.050765, 39.36667699999998], [-108.409607, 39.36598299999999], [-107.430949, 39.366178], [-107.430514, 39.348221999999964], [-107.436762, 39.346386000000024], [-107.450819, 39.33003400000007], [-107.462527, 39.32722399999998], [-107.465187, 39.31451500000002], [-107.451667, 39.30452800000002], [-107.4388, 39.30901900000001], [-107.437479, 39.29956400000004], [-107.412972, 39.29200199999999], [-107.396955, 39.294464999999946], [-107.396961, 39.28356000000002], [-107.378376, 39.27480399999995], [-107.379175, 39.26910100000001], [-107.391465, 39.263881], [-107.40029700000001, 39.25294600000003], [-107.430521, 39.256505], [-107.42973, 39.24101400000001], [-107.451075, 39.230673], [-107.474701, 39.229046], [-107.484393, 39.23521699999999], [-107.49497, 39.218224999999975], [-107.509835, 39.21655499999999], [-107.527505, 39.203883999999974], [-107.523304, 39.19778600000002], [-107.541576, 39.19623500000003], [-107.542842, 39.18219799999999], [-107.556929, 39.178340000000034], [-107.568439, 39.18133900000002], [-107.593877, 39.16482000000002], [-107.619108, 39.154885999999976], [-107.632415, 39.140919], [-107.637893, 39.14202], [-107.661734, 39.117674999999984], [-107.660309, 39.111771], [-107.671439, 39.107632999999986], [-107.67384, 39.10109199999999], [-107.680815, 39.10025599999999], [-107.686883, 39.08862900000001], [-107.712581, 39.080780999999995], [-107.72162400000002, 39.06525499999999], [-107.741881, 39.06402300000003], [-107.74389, 39.057706000000024], [-107.755609, 39.05389799999999], [-107.76549, 39.043293999999996], [-107.771085, 39.04369300000003], [-107.80213, 39.06478800000005], [-107.84001, 39.077168], [-107.855327, 39.076649999999965], [-107.85888800000001, 39.080112], [-107.875626, 39.07076399999999], [-107.900664, 39.06552099999999], [-107.907415, 39.06053299999999], [-107.91749700000001, 39.06402899999995], [-107.982173, 39.059877999999976], [-107.98720400000002, 39.052875999999976], [-108.032022, 39.02732199999999], [-108.038297, 39.01572700000001], [-108.047801, 39.01145200000003], [-108.050361, 39.01513299999998], [-108.053779, 39.014052000000035], [-108.069963, 38.99659200000003], [-108.094786, 38.979684000000006], [-108.087305, 38.96317999999999], [-108.120793, 38.927209000000026], [-108.13065700000001, 38.92230499999996], [-108.137741, 38.926052000000055], [-108.14092200000002, 38.92417300000002], [-108.144834, 38.916401999999984], [-108.141122, 38.90648400000003], [-108.146953, 38.90747100000001], [-108.152478, 38.90126800000002], [-108.16631000000001, 38.902245], [-108.176988, 38.895315000000046], [-108.378951, 38.82903599999998], [-108.379136, 38.499987000000026], [-109.059962, 38.499987000000026]]]}}, {"id": "342", "type": "Feature", "properties": {"name": "Weld"}, "geometry": {"type": "MultiPolygon", "coordinates": [[[[-104.979911, 40.03305300000007], [-104.97305, 40.03303700000003], [-104.973074, 40.02951199999997], [-104.979917, 40.029486], [-104.979911, 40.03305300000007]]], [[[-105.05672, 40.349281000000055], [-104.94555100000001, 40.349099000000045], [-104.943371, 40.99808372380888], [-103.573773995352, 41.001720165379204], [-103.574301, 40.70205899999999], [-103.580371, 40.702022999999976], [-103.581837, 40.523160000000026], [-104.147714, 40.52438899999999], [-104.150332, 40.00085600000002], [-104.96140500000001, 40.00033700000003], [-104.961157, 40.044144000000024], [-104.979242, 40.043757999999976], [-104.980041, 40.040316000000026], [-104.980048, 40.02941100000002], [-104.9865, 40.02930899999997], [-104.986543, 40.02579899999999], [-104.999007, 40.025776], [-104.999065, 40.01488699999997], [-104.989614, 40.01488999999998], [-104.98964700000002, 40.00767900000005], [-105.007995, 40.00758100000005], [-105.007906, 40.00048299999999], [-105.055518, 40.00025100000005], [-105.05672, 40.349281000000055]]]]}}, {"id": "343", "type": "Feature", "properties": {"name": "Larimer"}, "geometry": {"type": "Polygon", "coordinates": [[[-106.195372, 40.98993800000003], [-106.190553863626, 40.99760701738432], [-105.730421, 40.996886000000025], [-104.943371, 40.99808372380888], [-104.94555100000001, 40.349099000000045], [-105.05672, 40.349281000000055], [-105.055089, 40.26179299999998], [-105.289224, 40.26278100000005], [-105.375226, 40.26129100000002], [-105.390996, 40.25788399999998], [-105.653321, 40.26045700000002], [-105.667909, 40.26771800000004], [-105.678187, 40.26812000000004], [-105.68223300000001, 40.27316400000001], [-105.680579, 40.28445999999995], [-105.68634600000001, 40.287486000000015], [-105.681165, 40.29194500000001], [-105.687368, 40.29373299999999], [-105.69014, 40.308648000000005], [-105.702109, 40.312083000000044], [-105.697648, 40.318273], [-105.70168, 40.324309], [-105.713127, 40.32556799999998], [-105.729088, 40.335277999999995], [-105.736345, 40.346614999999964], [-105.752383, 40.34909300000005], [-105.774105, 40.36523300000002], [-105.790729, 40.386262999999985], [-105.790951, 40.39864], [-105.81726600000002, 40.42432300000001], [-105.815784, 40.43743399999999], [-105.80569, 40.44788199999997], [-105.804479, 40.464224000000016], [-105.810669, 40.471086999999976], [-105.806793, 40.473912999999975], [-105.854926, 40.48625199999997], [-105.852303, 40.506552999999975], [-105.869091, 40.520737999999966], [-105.881954, 40.52285300000001], [-105.90785700000002, 40.51549300000002], [-105.911175, 40.52218100000003], [-105.905098, 40.535360999999995], [-105.911833, 40.55268800000003], [-105.910892, 40.566419999999994], [-105.92124800000002, 40.57255899999997], [-105.930207, 40.606190000000005], [-105.942064, 40.609077000000006], [-105.94702100000002, 40.616688999999994], [-105.948485, 40.642318000000046], [-105.971873, 40.68185600000001], [-105.972196, 40.69481100000001], [-105.988739, 40.709604999999975], [-105.99058, 40.727179999999976], [-106.0107, 40.74104099999999], [-106.01526600000001, 40.75281600000006], [-106.022255, 40.75468899999995], [-106.02968500000001, 40.78156200000001], [-106.04537100000002, 40.79185699999997], [-106.046471, 40.802447], [-106.057715, 40.81712000000003], [-106.071316, 40.82233100000001], [-106.092686, 40.84083900000003], [-106.101261, 40.84356300000002], [-106.098515, 40.84973600000006], [-106.108069, 40.852507], [-106.105092, 40.86051399999997], [-106.130671, 40.87386800000001], [-106.127618, 40.88488999999998], [-106.131251, 40.896607999999986], [-106.158551, 40.910618999999976], [-106.185307, 40.933973], [-106.18929300000002, 40.94589299999999], [-106.184844, 40.96383099999996], [-106.195372, 40.98993800000003]]]}}, {"id": "344", "type": "Feature", "properties": {"name": "Routt"}, "geometry": {"type": "Polygon", "coordinates": [[[-107.442594, 40.33475500000001], [-107.432068, 40.33487900000004], [-107.428813, 40.54220699999999], [-107.371328, 40.54239899999999], [-107.371487, 40.600302000000035], [-107.314153, 40.60028100000002], [-107.317793899405, 41.00296721216748], [-106.857773, 41.002663], [-106.861608, 40.99680200000002], [-106.850535, 40.990651], [-106.85740200000001, 40.98128000000004], [-106.862307, 40.983703000000006], [-106.870584, 40.981223000000014], [-106.87319, 40.974394], [-106.869891, 40.95671999999996], [-106.863992, 40.953700999999995], [-106.862104, 40.94092799999998], [-106.852247, 40.93379200000002], [-106.84877, 40.926305999999975], [-106.852349, 40.925183000000004], [-106.829365, 40.924258999999985], [-106.82503, 40.932119000000036], [-106.819007, 40.91863599999998], [-106.811312, 40.915953999999964], [-106.806335, 40.90664500000001], [-106.805345, 40.90197800000002], [-106.809751, 40.89975300000001], [-106.797821, 40.896466000000004], [-106.78127100000002, 40.90696899999999], [-106.769004, 40.90413800000002], [-106.770071, 40.89699700000003], [-106.740853, 40.8898], [-106.74682, 40.88233199999998], [-106.73934100000001, 40.87084300000001], [-106.705756, 40.87600399999998], [-106.694159, 40.88801799999997], [-106.685883, 40.88582200000003], [-106.679479, 40.86955499999993], [-106.668161, 40.86514400000003], [-106.667363, 40.85979100000004], [-106.654541, 40.849117000000014], [-106.65447200000001, 40.845542999999985], [-106.662644, 40.84334100000001], [-106.663425, 40.82769099999993], [-106.643737, 40.821589999999986], [-106.635476, 40.81136500000003], [-106.636922, 40.789488999999975], [-106.647497, 40.782650999999994], [-106.649161, 40.77538800000001], [-106.659237, 40.772860999999935], [-106.669699, 40.76169700000002], [-106.661313, 40.75334599999998], [-106.665189, 40.748856999999965], [-106.662952, 40.74301799999998], [-106.676694, 40.73663100000002], [-106.66952, 40.72879099999997], [-106.673807, 40.724025000000054], [-106.669784, 40.71978800000002], [-106.668924, 40.71025699999998], [-106.672479, 40.708478000000014], [-106.667953, 40.696305000000024], [-106.672862, 40.68833600000002], [-106.686882, 40.683075999999986], [-106.681057, 40.675168], [-106.687231, 40.67194400000003], [-106.685765, 40.66232599999999], [-106.692082, 40.65774600000002], [-106.687731, 40.649873], [-106.680142, 40.648035999999976], [-106.688656, 40.63964899999998], [-106.686774, 40.63472700000003], [-106.703622, 40.62777100000004], [-106.706218, 40.61560599999997], [-106.694148, 40.59524099999999], [-106.70234100000002, 40.57802499999999], [-106.692188, 40.563537], [-106.692851, 40.55663900000004], [-106.669845, 40.534445999999946], [-106.672064, 40.521213999999986], [-106.655808, 40.50914100000001], [-106.653113, 40.49473200000003], [-106.667281, 40.47264699999999], [-106.657881, 40.471559000000006], [-106.658957, 40.459376000000006], [-106.655806, 40.450191], [-106.651755, 40.44977800000003], [-106.652832, 40.34156199999998], [-106.632257, 40.34155900000002], [-106.637031, 40.002106000000005], [-106.626112, 39.99998599999995], [-106.626555, 39.91867099999998], [-107.033968, 39.918912999999996], [-107.03205, 40.002938999999984], [-107.037359, 40.003081], [-107.038097, 40.22535700000002], [-107.439386, 40.223379000000016], [-107.442594, 40.33475500000001]]]}}, {"id": "583", "type": "Feature", "properties": {"name": "Arapahoe"}, "geometry": {"type": "MultiPolygon", "coordinates": [[[[-104.902671, 39.685712], [-104.898786, 39.68570400000003], [-104.898783, 39.68340200000002], [-104.899347, 39.68373699999997], [-104.902671, 39.685712]]], [[[-104.904032, 39.62411600000004], [-104.90378700000001, 39.626828000000025], [-104.902904, 39.62418099999998], [-104.904032, 39.62411600000004]]], [[[-104.91104, 39.67988700000002], [-104.90820500000001, 39.682069999999996], [-104.908201, 39.68030700000003], [-104.91104, 39.67988700000002]]], [[[-104.93024200000002, 39.674832], [-104.925781, 39.67658300000001], [-104.91755900000001, 39.672982999999974], [-104.912985, 39.65620899999997], [-104.921016, 39.660338], [-104.920702, 39.668168000000016], [-104.93024200000002, 39.674832]]], [[[-104.933885, 39.67334700000005], [-104.929651, 39.67238199999999], [-104.927201, 39.668965], [-104.931622, 39.66747299999999], [-104.933885, 39.67334700000005]]], [[[-104.940625, 39.69540000000003], [-104.940684, 39.71107600000002], [-104.931648, 39.71109800000002], [-104.926992, 39.70389100000001], [-104.934143, 39.701320000000024], [-104.92877800000001, 39.70022], [-104.928183, 39.69663400000001], [-104.940625, 39.69540000000003]], [[-104.934135, 39.70018099999998], [-104.931651, 39.69839800000003], [-104.931714, 39.700207999999996], [-104.934135, 39.70018099999998]]], [[[-105.054169, 39.567710000000005], [-105.05341, 39.631504], [-105.044139, 39.631456], [-105.044161, 39.62803900000005], [-105.038005, 39.626836], [-105.025422, 39.62855800000002], [-105.02536, 39.63144500000002], [-105.034756, 39.63317700000002], [-105.03470700000001, 39.638593000000014], [-105.029998, 39.63857499999999], [-105.03466000000002, 39.64371100000001], [-105.03461500000002, 39.65327600000003], [-105.033076, 39.656953999999985], [-105.0158, 39.66050799999999], [-105.015696, 39.678684000000025], [-105.006357, 39.67675899999997], [-105.010941, 39.66050700000002], [-105.004395, 39.66048399999998], [-105.000355, 39.66772800000002], [-104.973486, 39.66768399999998], [-104.968805, 39.66583900000003], [-104.968785, 39.660417], [-104.959443, 39.66152599999999], [-104.954983, 39.652987000000024], [-104.931703, 39.653044000000044], [-104.931873, 39.645826], [-104.92246, 39.645848999999984], [-104.913227, 39.63866900000002], [-104.913407, 39.62408300000002], [-104.885264, 39.624129000000025], [-104.88014, 39.653057], [-104.875454, 39.65146599999994], [-104.875573, 39.64498999999997], [-104.847296, 39.65710200000001], [-104.85543700000001, 39.66080399999994], [-104.866334, 39.66030899999994], [-104.866051, 39.670846999999995], [-104.870882, 39.67476400000004], [-104.877459, 39.67206600000002], [-104.875981, 39.664104000000044], [-104.903509, 39.667624000000046], [-104.903579, 39.67667499999999], [-104.908094, 39.67972599999999], [-104.904591, 39.680318000000035], [-104.905223, 39.68605800000002], [-104.90344, 39.67859800000002], [-104.889308, 39.682056000000024], [-104.889328, 39.685684], [-104.894058, 39.685694], [-104.89409, 39.69271299999997], [-104.903512, 39.68935400000002], [-104.900115, 39.69298500000001], [-104.903544, 39.69853499999995], [-104.89909900000002, 39.695394999999984], [-104.877728, 39.69843800000002], [-104.86596200000001, 39.696558999999986], [-104.868309, 39.700191999999994], [-104.870662, 39.69837699999999], [-104.865971, 39.711053000000014], [-104.870625, 39.71017399999997], [-104.87533, 39.725576000000025], [-104.881934, 39.72495999999999], [-104.886613, 39.72921900000005], [-104.884646, 39.74015599999999], [-104.39458600000002, 39.73804000000003], [-103.706547, 39.73989399999999], [-103.707072, 39.566295], [-104.427452, 39.56360100000001], [-105.054169, 39.567710000000005]]]]}}, {"id": "584", "type": "Feature", "properties": {"name": "Boulder"}, "geometry": {"type": "MultiPolygon", "coordinates": [[[[-105.082566, 39.95927699999995], [-105.065075, 39.97155400000001], [-105.057709, 39.974669000000034], [-105.052889, 39.95782599999999], [-105.082566, 39.95927699999995]]], [[[-105.693662, 39.95115400000002], [-105.685504, 39.95853200000002], [-105.690321, 39.96976800000001], [-105.683164, 39.992881000000004], [-105.69059000000001, 39.99628100000002], [-105.689818, 40.01510799999998], [-105.661606, 40.01646600000004], [-105.65191, 40.02090499999999], [-105.641197, 40.034171999999984], [-105.637412, 40.045509000000024], [-105.651061, 40.058445], [-105.646692, 40.065220000000025], [-105.638873, 40.067030999999965], [-105.641121, 40.07300000000004], [-105.635429, 40.07494700000003], [-105.63262000000002, 40.08144699999998], [-105.63600400000001, 40.084553], [-105.632022, 40.097190999999995], [-105.636681, 40.106994], [-105.626566, 40.11865400000001], [-105.62609, 40.127346000000024], [-105.63565600000001, 40.146006000000014], [-105.655996, 40.151281], [-105.667729, 40.15827600000001], [-105.670626, 40.18539299999996], [-105.677554, 40.18850700000001], [-105.677645, 40.20233099999995], [-105.670559, 40.20780199999996], [-105.671255, 40.217078999999984], [-105.663462, 40.219929000000036], [-105.668444, 40.22814000000001], [-105.66000600000001, 40.248833000000005], [-105.644262, 40.249793000000004], [-105.653321, 40.26045700000002], [-105.390996, 40.25788399999998], [-105.375226, 40.26129100000002], [-105.289224, 40.26278100000005], [-105.055089, 40.26179299999998], [-105.052797, 39.97767400000007], [-105.06806500000002, 39.970931999999976], [-105.08002300000001, 39.961451999999966], [-105.088031, 39.95975299999998], [-105.072002, 39.95767000000002], [-105.071899, 39.950198000000015], [-105.076568, 39.950537999999966], [-105.07663700000002, 39.943329], [-105.09107200000001, 39.943281000000034], [-105.09085300000001, 39.93605100000003], [-105.109236, 39.936134999999965], [-105.113419, 39.93186], [-105.109414, 39.92547500000003], [-105.118657, 39.93296500000005], [-105.118557, 39.94321300000004], [-105.109353, 39.94333599999999], [-105.109333, 39.950640000000014], [-105.12083700000001, 39.95129299999999], [-105.109517, 39.95699600000001], [-105.121258, 39.95238900000002], [-105.128002, 39.95417300000001], [-105.128165, 39.93961800000004], [-105.137578, 39.939711999999965], [-105.13760400000001, 39.92893100000002], [-105.147041, 39.92893800000004], [-105.147143, 39.91388900000002], [-105.397849, 39.912886], [-105.397971, 39.93486699999994], [-105.406039, 39.93174299999998], [-105.413971, 39.93440900000002], [-105.41911, 39.92881900000003], [-105.440034, 39.938388], [-105.455651, 39.93228600000002], [-105.675798, 39.93244499999998], [-105.6932, 39.941239000000024], [-105.693662, 39.95115400000002]], [[-105.10917800000001, 39.95656600000001], [-105.103757, 39.957538], [-105.09102500000002, 39.95778499999999], [-105.09996, 39.95897899999998], [-105.10917800000001, 39.95656600000001]]]]}}, {"id": "585", "type": "Feature", "properties": {"name": "Eagle"}, "geometry": {"type": "Polygon", "coordinates": [[[-107.11344600000001, 39.366066000000025], [-107.113672, 39.91911199999999], [-106.626555, 39.91867099999998], [-106.626569, 39.924785], [-106.6185, 39.925231000000004], [-106.434508, 39.92491399999999], [-106.440301, 39.91832300000001], [-106.4304, 39.90890600000004], [-106.42810300000001, 39.882163999999975], [-106.433962, 39.87737499999996], [-106.432969, 39.86540200000002], [-106.423625, 39.850106000000004], [-106.423739, 39.84142500000001], [-106.41254800000002, 39.82925799999998], [-106.401889, 39.807544999999976], [-106.39686200000001, 39.79009299999998], [-106.389025, 39.787697000000044], [-106.391033, 39.77694199999999], [-106.385478, 39.76716400000001], [-106.36219800000002, 39.751947000000015], [-106.343275, 39.75872999999996], [-106.32541500000002, 39.733233], [-106.29834600000001, 39.72056899999996], [-106.290916, 39.70406600000005], [-106.277401, 39.699539], [-106.272052, 39.70434799999999], [-106.264084, 39.70093800000004], [-106.26589700000001, 39.68953600000003], [-106.261321, 39.68271599999995], [-106.251994, 39.67903699999995], [-106.238745, 39.680274000000026], [-106.240476, 39.66931799999999], [-106.234317, 39.66202899999997], [-106.21996500000002, 39.66258600000001], [-106.217165, 39.654592], [-106.18384, 39.652153000000006], [-106.176156, 39.633327000000016], [-106.177604, 39.609056], [-106.185191, 39.602408000000025], [-106.202105, 39.60583599999996], [-106.211224, 39.59321299999995], [-106.21502700000002, 39.57518600000003], [-106.205719, 39.55821099999998], [-106.196267, 39.55688800000001], [-106.198707, 39.55002000000004], [-106.209926, 39.546942999999985], [-106.211705, 39.53015099999996], [-106.22533300000002, 39.53186999999997], [-106.236748, 39.54859400000002], [-106.24856700000001, 39.54390999999997], [-106.255774, 39.532234], [-106.255767, 39.51989700000005], [-106.246416, 39.512752000000006], [-106.259512, 39.494605], [-106.245547, 39.48939200000004], [-106.25163800000001, 39.46503900000005], [-106.239259, 39.45585199999998], [-106.22317500000001, 39.433347000000026], [-106.232687, 39.42624800000001], [-106.229769, 39.416046], [-106.218983, 39.412328000000024], [-106.201244, 39.39592799999995], [-106.2104, 39.38412400000001], [-106.206732, 39.379635999999955], [-106.225627, 39.37962999999999], [-106.226905, 39.374241000000055], [-106.233925, 39.37293600000002], [-106.251074, 39.35783199999998], [-106.259075, 39.36201200000002], [-106.283812, 39.349468999999985], [-106.295309, 39.35293600000004], [-106.300415, 39.36006699999996], [-106.312371, 39.362278], [-106.339252, 39.35906399999996], [-106.351742, 39.35368299999999], [-106.358022, 39.35514000000001], [-106.37082, 39.360637], [-106.380633, 39.37615], [-106.400634, 39.38096199999999], [-106.426487, 39.361871], [-107.11344600000001, 39.366066000000025]]]}}, {"id": "586", "type": "Feature", "properties": {"name": "Hinsdale"}, "geometry": {"type": "Polygon", "coordinates": [[[-107.591367, 37.99225200000002], [-107.58679, 37.99376400000004], [-107.586737, 37.999407999999974], [-107.574092, 38.00634900000001], [-107.548588, 37.99885200000002], [-107.53797500000002, 38.00891900000004], [-107.53728, 38.032708], [-107.521955, 38.04256699999997], [-107.522282, 38.05722199999997], [-107.511, 38.060539000000034], [-107.51683, 38.069741000000015], [-107.533107, 38.079677], [-107.550289, 38.07823599999995], [-107.55955, 38.08720500000001], [-107.565394, 38.09886799999999], [-107.560855, 38.110503000000016], [-107.563205, 38.12321199999998], [-107.57401900000002, 38.136991000000016], [-107.56862, 38.147266999999964], [-107.001119, 38.14707199999997], [-107.000602, 37.95604099999998], [-107.005624, 37.95672099999999], [-107.008973, 37.94652200000003], [-107.025506, 37.95450100000001], [-107.041363, 37.94868100000003], [-107.056384, 37.95225699999999], [-107.06141500000001, 37.959748], [-107.06778000000001, 37.96129899999999], [-107.072001, 37.955362000000015], [-107.092144, 37.949169999999974], [-107.10253200000001, 37.955187000000016], [-107.110669, 37.943344], [-107.129627, 37.93783800000002], [-107.138191, 37.93884800000003], [-107.137356, 37.828788], [-107.145138, 37.675497], [-107.123868, 37.67502899999998], [-107.12868, 37.422942], [-107.482131, 37.42267300000004], [-107.482245, 37.76835299999999], [-107.46718500000001, 37.766036999999976], [-107.458114, 37.78209599999999], [-107.459224, 37.794083], [-107.468843, 37.80972600000004], [-107.485477, 37.822420999999984], [-107.516547, 37.826450999999985], [-107.516204, 37.83454700000004], [-107.5224, 37.842098000000014], [-107.517859, 37.85697799999996], [-107.527741, 37.87036100000004], [-107.536021, 37.873914], [-107.533481, 37.889061000000034], [-107.527162, 37.89137700000003], [-107.520167, 37.90131200000005], [-107.528505, 37.90709700000001], [-107.52892400000002, 37.91368700000003], [-107.535902, 37.92012300000001], [-107.537701, 37.93464400000003], [-107.532593, 37.943905000000015], [-107.56336900000001, 37.95593700000001], [-107.569035, 37.96603899999999], [-107.587004, 37.96847800000003], [-107.58416500000001, 37.97601899999999], [-107.591367, 37.99225200000002]]]}}, {"id": "770", "type": "Feature", "properties": {"name": "Jefferson"}, "geometry": {"type": "MultiPolygon", "coordinates": [[[[-105.053483, 39.62425300000002], [-105.05344, 39.62771400000006], [-105.05333, 39.627989000000035], [-105.053483, 39.62425300000002]]], [[[-105.059541, 39.63537500000004], [-105.053342, 39.638769999999994], [-105.053457, 39.629526], [-105.059541, 39.63537500000004]]], [[[-105.06356, 39.65185899999999], [-105.06256000000002, 39.652977999999976], [-105.062589, 39.65185400000002], [-105.06356, 39.65185899999999]]], [[[-105.081605, 39.63500200000001], [-105.08087, 39.63568300000002], [-105.08087, 39.63500099999998], [-105.081605, 39.63500200000001]]], [[[-105.397875, 39.12956400000004], [-105.397849, 39.912886], [-105.147143, 39.91388900000002], [-105.165689, 39.910503000000006], [-105.165557, 39.890988], [-105.134852, 39.88929200000002], [-105.136308, 39.89201999999997], [-105.12889500000001, 39.890353], [-105.12867800000001, 39.89998500000002], [-105.147396, 39.90009400000002], [-105.147121, 39.913889999999995], [-105.108609, 39.914136999999954], [-105.100641, 39.908638], [-105.100102, 39.90220599999993], [-105.090624, 39.89890299999996], [-105.071688, 39.89983200000001], [-105.071775, 39.90701799999999], [-105.062392, 39.907025000000004], [-105.062384, 39.91398700000003], [-105.052892, 39.914223999999976], [-105.053246, 39.79106300000006], [-105.065008, 39.790158999999974], [-105.062659, 39.783846999999994], [-105.053183, 39.783796999999964], [-105.053221, 39.682291000000006], [-105.06262, 39.67928], [-105.062622, 39.675008], [-105.053251, 39.67503700000001], [-105.053256, 39.66778500000004], [-105.074504, 39.67025000000002], [-105.081451, 39.66774300000001], [-105.081453, 39.66205599999999], [-105.067288, 39.656878999999996], [-105.070833, 39.649579000000024], [-105.05715, 39.65294600000001], [-105.053581, 39.65115999999996], [-105.074454, 39.64410399999997], [-105.076803, 39.638735000000004], [-105.073307, 39.63656300000001], [-105.0911, 39.63871900000002], [-105.091103, 39.635083], [-105.109875, 39.63507199999998], [-105.109924, 39.627084999999994], [-105.107503, 39.62421800000004], [-105.091256, 39.624198000000035], [-105.091164, 39.62708100000003], [-105.08173, 39.62731299999998], [-105.080952, 39.631326999999985], [-105.076116, 39.62422499999995], [-105.065088, 39.61978499999998], [-105.097029, 39.618362000000026], [-105.097006, 39.614514000000014], [-105.058232, 39.61440900000001], [-105.05724, 39.620914000000035], [-105.053516, 39.62086400000001], [-105.05414, 39.56608800000003], [-105.04874, 39.566088000000015], [-105.060714, 39.55994100000002], [-105.076419, 39.540055000000045], [-105.078402, 39.51149000000003], [-105.085227, 39.50542999999998], [-105.086751, 39.49342299999997], [-105.098707, 39.48539399999998], [-105.117646, 39.485392000000026], [-105.116276, 39.48145099999997], [-105.127081, 39.47818500000003], [-105.134993, 39.47078500000006], [-105.132948, 39.462025], [-105.124184, 39.45498500000004], [-105.123471, 39.43431299999996], [-105.14531600000001, 39.41881400000001], [-105.170963, 39.40782500000003], [-105.164337, 39.391136000000046], [-105.173515, 39.38320300000001], [-105.166574, 39.36175399999998], [-105.177193, 39.34957900000001], [-105.178729, 39.34078600000002], [-105.187837, 39.33418600000002], [-105.182305, 39.32979700000003], [-105.188184, 39.32796099999997], [-105.188587, 39.317383999999954], [-105.198156, 39.31043200000003], [-105.19600000000001, 39.30208200000003], [-105.207681, 39.298194], [-105.202576, 39.29332100000006], [-105.206981, 39.29320199999995], [-105.21558000000002, 39.272232000000024], [-105.220778, 39.26866199999998], [-105.217833, 39.260114999999956], [-105.225105, 39.26052500000001], [-105.2236, 39.25598999999999], [-105.228121, 39.253766000000034], [-105.23458, 39.255091000000014], [-105.235631, 39.24426100000001], [-105.247275, 39.24042500000002], [-105.253567, 39.24315599999997], [-105.263568, 39.228810999999986], [-105.259735, 39.210905000000004], [-105.276291, 39.20721599999997], [-105.282929, 39.19995300000005], [-105.287377, 39.17944200000004], [-105.313063, 39.160019], [-105.315634, 39.145801], [-105.323285, 39.14499200000002], [-105.321962, 39.13696700000001], [-105.329445, 39.129486999999955], [-105.397875, 39.12956400000004]]]]}}, {"id": "771", "type": "Feature", "properties": {"name": "Summit"}, "geometry": {"type": "Polygon", "coordinates": [[[-106.439202, 39.91994500000004], [-106.434508, 39.92491399999999], [-106.39525700000002, 39.92458899999995], [-106.39543300000001, 39.91401599999999], [-106.294624, 39.91396000000001], [-106.294777, 39.91891999999995], [-106.24691, 39.912699999999965], [-106.231688, 39.90080599999997], [-106.21686, 39.88062999999997], [-106.206499, 39.877701000000016], [-106.201545, 39.86546499999999], [-106.194289, 39.85968099999998], [-106.171143, 39.845292999999955], [-106.14889, 39.839448000000004], [-106.137912, 39.84353800000004], [-106.124989, 39.84212500000001], [-106.084115, 39.806654999999985], [-106.078082, 39.79368399999997], [-106.081207, 39.787399000000015], [-106.064827, 39.76073299999998], [-106.058548, 39.724701], [-106.041583, 39.71601999999999], [-106.033642, 39.69675999999998], [-106.025906, 39.68913799999998], [-105.996339, 39.68412200000002], [-105.951036, 39.69514900000001], [-105.945601, 39.688865999999955], [-105.924618, 39.69897199999998], [-105.919581, 39.690286999999984], [-105.92629, 39.672985000000004], [-105.910753, 39.66229400000001], [-105.89681200000001, 39.664664000000016], [-105.893945, 39.659417999999974], [-105.884861, 39.657084000000005], [-105.87961300000002, 39.66363800000003], [-105.864767, 39.667218], [-105.848665, 39.644155999999995], [-105.841546, 39.646183999999984], [-105.83395, 39.64222199999997], [-105.82099200000002, 39.64256500000002], [-105.817239, 39.633555000000015], [-105.792732, 39.63611400000001], [-105.782674, 39.62902399999998], [-105.77627, 39.604959], [-105.800433, 39.593211000000046], [-105.808083, 39.583395], [-105.82654400000001, 39.5802], [-105.83836900000001, 39.57295200000001], [-105.825771, 39.555677999999965], [-105.815807, 39.55197600000002], [-105.823206, 39.529952999999985], [-105.830016, 39.532043000000016], [-105.845377, 39.52374999999997], [-105.859507, 39.53153599999999], [-105.868065, 39.51949], [-105.854117, 39.504520000000056], [-105.860395, 39.50471000000001], [-105.866584, 39.49435100000005], [-105.874714, 39.49352100000002], [-105.879087, 39.483767], [-105.891974, 39.48417300000004], [-105.90595900000001, 39.45965700000003], [-105.911637, 39.456736], [-105.938663, 39.45849799999996], [-105.944155, 39.44091000000004], [-105.966786, 39.43803499999999], [-105.954837, 39.42621999999997], [-105.951698, 39.414619], [-105.976867, 39.408569999999976], [-105.985018, 39.401666999999996], [-105.993025, 39.40156099999998], [-105.995928, 39.39500100000001], [-106.013851, 39.38689799999997], [-106.018383, 39.38140299999998], [-106.017619, 39.36550300000004], [-106.021966, 39.36171299999999], [-106.056096, 39.358431], [-106.074192, 39.368630000000024], [-106.085632, 39.36972300000004], [-106.097206, 39.37798700000002], [-106.206732, 39.379635999999955], [-106.210534, 39.38279499999997], [-106.201244, 39.39592799999995], [-106.218983, 39.412328000000024], [-106.229769, 39.416046], [-106.232687, 39.42624800000001], [-106.22317500000001, 39.433347000000026], [-106.239259, 39.45585199999998], [-106.25163800000001, 39.46503900000005], [-106.245547, 39.48939200000004], [-106.259512, 39.494605], [-106.246416, 39.512752000000006], [-106.255767, 39.51989700000005], [-106.255774, 39.532234], [-106.24856700000001, 39.54390999999997], [-106.236748, 39.54859400000002], [-106.22533300000002, 39.53186999999997], [-106.211705, 39.53015099999996], [-106.209926, 39.546942999999985], [-106.198707, 39.55002000000004], [-106.196267, 39.55688800000001], [-106.205719, 39.55821099999998], [-106.21502700000002, 39.57518600000003], [-106.211224, 39.59321299999995], [-106.202105, 39.60583599999996], [-106.185191, 39.602408000000025], [-106.177604, 39.609056], [-106.176464, 39.635722], [-106.18384, 39.652153000000006], [-106.217165, 39.654592], [-106.21996500000002, 39.66258600000001], [-106.234317, 39.66202899999997], [-106.240476, 39.66931799999999], [-106.238745, 39.680274000000026], [-106.258247, 39.679803999999976], [-106.26589700000001, 39.68953600000003], [-106.264084, 39.70093800000004], [-106.272052, 39.70434799999999], [-106.277401, 39.699539], [-106.290916, 39.70406600000005], [-106.29834600000001, 39.72056899999996], [-106.32541500000002, 39.733233], [-106.343275, 39.75872999999996], [-106.36219800000002, 39.751947000000015], [-106.385478, 39.76716400000001], [-106.391033, 39.77694199999999], [-106.389025, 39.787697000000044], [-106.39686200000001, 39.79009299999998], [-106.401889, 39.807544999999976], [-106.41254800000002, 39.82925799999998], [-106.423739, 39.84142500000001], [-106.423625, 39.850106000000004], [-106.432969, 39.86540200000002], [-106.428683, 39.895107], [-106.4304, 39.90890600000004], [-106.439202, 39.91994500000004]]]}}, {"id": "772", "type": "Feature", "properties": {"name": "Saguache"}, "geometry": {"type": "Polygon", "coordinates": [[[-107.000602, 37.95604099999998], [-107.000601, 38.425619000000005], [-106.08813000000002, 38.42227999999999], [-106.075941, 38.42378799999997], [-106.069354, 38.43018], [-106.05798200000001, 38.44469099999998], [-106.062244, 38.450329999999994], [-106.058571, 38.45694499999996], [-106.052074, 38.454221000000025], [-106.043234, 38.45767099999996], [-106.030665, 38.45353800000004], [-106.01937, 38.45444799999998], [-106.01768, 38.44869300000002], [-106.010751, 38.44656599999999], [-106.012751, 38.44012300000001], [-106.001563, 38.431110000000025], [-105.996768, 38.420302999999976], [-105.984298, 38.41972299999995], [-105.973389, 38.409459], [-105.967933, 38.40877199999995], [-105.959495, 38.39709499999999], [-105.947606, 38.39052599999999], [-105.944637, 38.37863800000002], [-105.932624, 38.37043200000001], [-105.919851, 38.367156000000016], [-105.908447, 38.354478000000015], [-105.89364, 38.346558999999985], [-105.876376, 38.31595100000001], [-105.858315, 38.29835900000002], [-105.846629, 38.290286999999964], [-105.84083, 38.292460000000005], [-105.818973, 38.273597], [-105.800013, 38.26992200000002], [-105.787887, 38.242055999999984], [-105.759438, 38.22856599999998], [-105.756026, 38.218126999999974], [-105.736738, 38.209560999999994], [-105.732591, 38.200679999999984], [-105.727019, 38.199705], [-105.716053, 38.185273], [-105.70831, 38.181860000000015], [-105.699197, 38.167972999999996], [-105.686838, 38.16684499999999], [-105.680782, 38.160502], [-105.673042, 38.159126000000086], [-105.670169, 38.15309700000001], [-105.67627, 38.14617300000001], [-105.670215, 38.12855399999999], [-105.657663, 38.11745400000002], [-105.66148000000001, 38.10091199999995], [-105.634159, 38.06944], [-105.627206, 38.067309999999964], [-105.628042, 38.05772599999999], [-105.617807, 38.05326000000003], [-105.613246, 38.03808499999999], [-105.60938, 38.032338], [-105.603527, 38.03126300000002], [-105.597112, 38.01363800000002], [-105.60463600000001, 38.00501399999999], [-105.581855, 37.97797200000003], [-105.58392200000002, 37.967195999999994], [-105.560311, 37.951886000000044], [-105.551826, 37.95058399999998], [-105.542737, 37.95651000000002], [-105.53037800000001, 37.953363000000046], [-105.511086, 37.93913099999998], [-105.503116, 37.92372499999998], [-105.473307, 37.89664900000001], [-105.478495, 37.87985000000006], [-105.456588, 37.87989399999998], [-105.440742, 37.86961200000001], [-105.438949, 37.861275000000006], [-105.428893, 37.851733000000024], [-105.435583, 37.82850500000004], [-105.435179, 37.80476699999998], [-105.45491200000001, 37.79569600000003], [-105.449337, 37.77930499999998], [-105.459577, 37.753629000000046], [-105.457255, 37.75146400000002], [-106.040016, 37.74830799999998], [-106.586374, 37.74780900000001], [-106.587139, 37.83442599999999], [-106.693845, 37.83524399999998], [-106.693523, 37.87351900000002], [-106.697161, 37.87611100000005], [-106.718664, 37.872849], [-106.736666, 37.88788100000003], [-106.755823, 37.88062400000005], [-106.773066, 37.88557499999999], [-106.778537, 37.894862], [-106.801026, 37.913698999999994], [-106.84727, 37.919170000000015], [-106.87988, 37.94986099999999], [-106.879167, 37.96111000000001], [-106.889603, 37.96187100000001], [-106.89456, 37.96710399999997], [-106.905199, 37.96390099999998], [-106.92031200000001, 37.967430999999976], [-106.944464, 37.95372499999994], [-106.968289, 37.97477699999996], [-106.97792200000002, 37.969087999999964], [-106.98736800000002, 37.96917900000001], [-106.98832600000001, 37.96207299999999], [-107.000602, 37.95604099999998]]]}}, {"id": "773", "type": "Feature", "properties": {"name": "Lake"}, "geometry": {"type": "Polygon", "coordinates": [[[-106.586157, 39.09405000000002], [-106.580311, 39.10216400000003], [-106.563989, 39.10604099999996], [-106.564986, 39.11400699999996], [-106.558171, 39.12022300000001], [-106.564574, 39.13242199999999], [-106.55867900000001, 39.143847], [-106.561265, 39.15567699999998], [-106.551677, 39.161465000000035], [-106.53852600000002, 39.15789399999997], [-106.534516, 39.16312600000003], [-106.52116, 39.15732999999998], [-106.511077, 39.16353200000001], [-106.51, 39.17465299999999], [-106.499607, 39.18384799999999], [-106.493649, 39.19832600000002], [-106.489749, 39.22771800000006], [-106.49874, 39.23493100000002], [-106.497349, 39.24272700000004], [-106.48106, 39.25988800000002], [-106.483292, 39.27266899999998], [-106.489829, 39.273140000000026], [-106.504031, 39.28476100000002], [-106.50269, 39.29806699999997], [-106.485121, 39.31256600000002], [-106.476224, 39.31474800000001], [-106.468272, 39.30731499999999], [-106.466127, 39.31130300000006], [-106.454219, 39.31225899999994], [-106.450652, 39.31669800000001], [-106.43208500000001, 39.31669800000003], [-106.426947, 39.323354999999985], [-106.428676, 39.335402000000016], [-106.434931, 39.34109900000004], [-106.43348, 39.354173999999986], [-106.40392500000002, 39.37984800000004], [-106.380633, 39.37615], [-106.37082, 39.360637], [-106.358022, 39.35514000000001], [-106.351742, 39.35368299999999], [-106.339252, 39.35906399999996], [-106.312371, 39.362278], [-106.300415, 39.36006699999996], [-106.295309, 39.35293600000004], [-106.283812, 39.349468999999985], [-106.259075, 39.36201200000002], [-106.251074, 39.35783199999998], [-106.233925, 39.37293600000002], [-106.226905, 39.374241000000055], [-106.225627, 39.37962999999999], [-106.135529, 39.379546], [-106.138505, 39.372240999999995], [-106.148795, 39.36835], [-106.15290900000001, 39.36247899999999], [-106.139926, 39.33955300000001], [-106.151246, 39.32069399999995], [-106.169474, 39.32223200000003], [-106.17642800000002, 39.31207500000004], [-106.18397200000001, 39.30935399999998], [-106.180911, 39.29879999999996], [-106.186759, 39.27985099999997], [-106.180482, 39.261096999999985], [-106.18512, 39.24269400000002], [-106.168304, 39.23072000000001], [-106.170158, 39.22299400000001], [-106.178216, 39.21913200000005], [-106.178409, 39.21297799999999], [-106.184744, 39.20930799999999], [-106.17932, 39.193493], [-106.18552600000001, 39.186586999999975], [-106.17841, 39.17458000000001], [-106.172946, 39.13876499999999], [-106.1858, 39.12924900000002], [-106.189302, 39.12057499999998], [-106.203483, 39.11408899999996], [-106.210173, 39.10391800000001], [-106.178556, 39.10329099999995], [-106.16941000000001, 39.08680399999997], [-106.191577, 39.06798299999996], [-106.191006, 39.056073000000005], [-106.577966, 39.057908000000005], [-106.577076, 39.079437000000006], [-106.584916, 39.08483000000001], [-106.586157, 39.09405000000002]]]}}, {"id": "774", "type": "Feature", "properties": {"name": "Custer"}, "geometry": {"type": "Polygon", "coordinates": [[[-105.796897, 38.26504699999998], [-105.591947, 38.26490499999996], [-105.304045, 38.258225], [-105.049215, 38.25797300000001], [-105.049917, 37.91547900000005], [-105.0632, 37.91697600000001], [-105.066056, 37.944209], [-105.0778, 37.95296400000004], [-105.084383, 37.955384000000016], [-105.088011, 37.94858800000001], [-105.108507, 37.94339900000002], [-105.12620700000001, 37.95153400000003], [-105.126411, 37.96075000000002], [-105.13564700000002, 37.96527699999997], [-105.131025, 37.97268100000003], [-105.142145, 37.97979900000002], [-105.141241, 37.98685999999996], [-105.147965, 37.986840999999984], [-105.152491, 37.99211299999996], [-105.153199, 38.000783999999996], [-105.147969, 38.00623900000001], [-105.168652, 38.01894600000002], [-105.194586, 38.00756000000001], [-105.200044, 38.00083499999998], [-105.197073, 37.99241599999998], [-105.206068, 37.98966800000001], [-105.205897, 37.98326799999998], [-105.214221, 37.98026000000003], [-105.215366, 37.97051999999999], [-105.223136, 37.968803999999935], [-105.226262, 37.963898000000015], [-105.238864, 37.96256], [-105.237598, 37.957567999999995], [-105.249742, 37.951521], [-105.263942, 37.93205899999994], [-105.261842, 37.925637000000016], [-105.280549, 37.90121500000006], [-105.286736, 37.900193999999935], [-105.292407, 37.90862500000003], [-105.297431, 37.90934900000003], [-105.306574, 37.932292000000004], [-105.317081, 37.938949], [-105.331702, 37.935801], [-105.347209, 37.92475899999995], [-105.377088, 37.916102], [-105.413635, 37.89052699999999], [-105.424151, 37.890173], [-105.440272, 37.897461000000035], [-105.473204, 37.895970000000005], [-105.503116, 37.92372499999998], [-105.511086, 37.93913099999998], [-105.53037800000001, 37.953363000000046], [-105.542737, 37.95651000000002], [-105.551826, 37.95058399999998], [-105.560311, 37.951886000000044], [-105.58392200000002, 37.967195999999994], [-105.581855, 37.97797200000003], [-105.60463600000001, 38.00501399999999], [-105.597112, 38.01363800000002], [-105.603527, 38.03126300000002], [-105.60938, 38.032338], [-105.613246, 38.03808499999999], [-105.617807, 38.05326000000003], [-105.628042, 38.05772599999999], [-105.627206, 38.067309999999964], [-105.634159, 38.06944], [-105.66148000000001, 38.10091199999995], [-105.657663, 38.11745400000002], [-105.670215, 38.12855399999999], [-105.67627, 38.14617300000001], [-105.670169, 38.15309700000001], [-105.673042, 38.159126000000086], [-105.680782, 38.160502], [-105.686838, 38.16684499999999], [-105.699197, 38.167972999999996], [-105.70831, 38.181860000000015], [-105.716053, 38.185273], [-105.727019, 38.199705], [-105.732591, 38.200679999999984], [-105.736738, 38.209560999999994], [-105.756026, 38.218126999999974], [-105.759438, 38.22856599999998], [-105.787887, 38.242055999999984], [-105.796897, 38.26504699999998]]]}}, {"id": "863", "type": "Feature", "properties": {"name": "Costilla"}, "geometry": {"type": "Polygon", "coordinates": [[[-105.77139100000001, 37.045725000000004], [-105.764206, 37.05572000000001], [-105.770357, 37.06440300000001], [-105.74076400000001, 37.10198800000005], [-105.749781, 37.11464699999997], [-105.748834, 37.135000999999995], [-105.7323, 37.153050999999984], [-105.73791, 37.16525399999999], [-105.729746, 37.17945900000001], [-105.732846, 37.188222], [-105.738992, 37.191486], [-105.735977, 37.199315], [-105.745765, 37.218131], [-105.746693, 37.230367], [-105.740778, 37.23620400000001], [-105.746219, 37.248904999999986], [-105.737579, 37.257667000000026], [-105.737653, 37.265546000000015], [-105.723532, 37.27533099999999], [-105.72810200000002, 37.28507000000003], [-105.720098, 37.285846000000014], [-105.729165, 37.30487100000002], [-105.734563, 37.30269899999996], [-105.738409, 37.306759999999976], [-105.737126, 37.313274000000014], [-105.742474, 37.31589400000004], [-105.738935, 37.32068700000001], [-105.745849, 37.32386099999998], [-105.75059, 37.33360100000001], [-105.753278, 37.34411399999999], [-105.747272, 37.349239], [-105.749846, 37.35087800000001], [-105.49631, 37.563852000000004], [-105.490668, 37.57546199999995], [-105.454492, 37.590483000000006], [-105.442279, 37.611851000000044], [-105.4084, 37.617999999999974], [-105.400312, 37.61341500000002], [-105.370305, 37.63939600000002], [-105.34856, 37.637757999999984], [-105.345448, 37.64202399999998], [-105.329542, 37.64298099999997], [-105.297623, 37.65814300000002], [-105.28492, 37.64588600000001], [-105.278676, 37.646352000000014], [-105.266939, 37.63835300000001], [-105.255303, 37.64025799999996], [-105.253797, 37.63169400000002], [-105.243362, 37.62922899999997], [-105.235978, 37.62077299999995], [-105.22121600000001, 37.621170999999975], [-105.214534, 37.626424999999976], [-105.201507, 37.619194], [-105.18754900000002, 37.61966899999998], [-105.184441, 37.61598399999998], [-105.195645, 37.60893899999997], [-105.193237, 37.592167999999965], [-105.20377, 37.594448999999976], [-105.218333, 37.58243899999998], [-105.196044, 37.569866999999974], [-105.178352, 37.54631899999998], [-105.182677, 37.54678100000002], [-105.183788, 37.540895999999975], [-105.17132, 37.51324600000002], [-105.177479, 37.49168299999999], [-105.174816, 37.485102], [-105.182196, 37.47921099999995], [-105.176683, 37.47559400000001], [-105.175535, 37.456527999999985], [-105.16450700000001, 37.454598999999995], [-105.156185, 37.45708999999996], [-105.144886, 37.42896499999996], [-105.140913, 37.42791899999993], [-105.139416, 37.41558500000001], [-105.12972, 37.409254], [-105.138567, 37.40069100000001], [-105.156212, 37.39922999999997], [-105.166765, 37.38839599999999], [-105.168879, 37.37563800000003], [-105.16405, 37.34302200000001], [-105.167949, 37.337030999999996], [-105.163096, 37.328909], [-105.166692, 37.32373499999999], [-105.164559, 37.28911700000002], [-105.154176, 37.29312899999997], [-105.155042271642, 36.99533914636009], [-105.718469674138, 36.995845920037524], [-105.7267, 37.00685900000001], [-105.724705, 37.013126999999976], [-105.746017, 37.01418499999999], [-105.749714, 37.026667999999994], [-105.760961, 37.02614700000001], [-105.77139100000001, 37.045725000000004]]]}}, {"id": "864", "type": "Feature", "properties": {"name": "Jackson"}, "geometry": {"type": "Polygon", "coordinates": [[[-106.87282200000001, 40.97587699999997], [-106.867035, 40.98264399999997], [-106.85740200000001, 40.98128000000004], [-106.850535, 40.990651], [-106.861608, 40.99680200000002], [-106.857773, 41.002663], [-106.190553863626, 40.99760701738432], [-106.195372, 40.98993800000003], [-106.184844, 40.96383099999996], [-106.18929300000002, 40.94589299999999], [-106.185307, 40.933973], [-106.158551, 40.910618999999976], [-106.131251, 40.896607999999986], [-106.127618, 40.88488999999998], [-106.130671, 40.87386800000001], [-106.105092, 40.86051399999997], [-106.108069, 40.852507], [-106.098515, 40.84973600000006], [-106.101261, 40.84356300000002], [-106.092686, 40.84083900000003], [-106.071316, 40.82233100000001], [-106.057715, 40.81712000000003], [-106.046471, 40.802447], [-106.04537100000002, 40.79185699999997], [-106.02968500000001, 40.78156200000001], [-106.022255, 40.75468899999995], [-106.01526600000001, 40.75281600000006], [-106.0107, 40.74104099999999], [-105.99058, 40.727179999999976], [-105.988739, 40.709604999999975], [-105.972196, 40.69481100000001], [-105.971873, 40.68185600000001], [-105.948485, 40.642318000000046], [-105.94702100000002, 40.616688999999994], [-105.942064, 40.609077000000006], [-105.930207, 40.606190000000005], [-105.92124800000002, 40.57255899999997], [-105.910892, 40.566419999999994], [-105.911833, 40.55268800000003], [-105.905098, 40.535360999999995], [-105.911175, 40.52218100000003], [-105.90785700000002, 40.51549300000002], [-105.879041, 40.523173999999976], [-105.869091, 40.520737999999966], [-105.852303, 40.506552999999975], [-105.85717500000001, 40.48327100000008], [-105.881548, 40.47586599999997], [-105.891754, 40.47666099999999], [-105.899345, 40.465645], [-105.897069, 40.44878800000005], [-105.90326500000002, 40.432762000000025], [-105.897669, 40.41772700000002], [-105.90332000000001, 40.40075099999999], [-105.92073400000001, 40.40156499999996], [-105.927536, 40.39102599999998], [-105.940462, 40.38452400000001], [-105.946607, 40.38504700000001], [-105.946712, 40.37724799999999], [-105.937312, 40.37194100000002], [-105.938701, 40.366057999999974], [-105.954343, 40.36029699999997], [-105.959659, 40.34814899999998], [-105.969368, 40.349549999999965], [-105.986654, 40.364582000000006], [-106.011183, 40.362249000000034], [-106.011605, 40.37027599999994], [-106.018622, 40.373295], [-106.036028, 40.369098999999984], [-106.054568, 40.357636], [-106.085681, 40.34718300000001], [-106.101621, 40.353840000000034], [-106.133171, 40.33651299999999], [-106.1368, 40.33013099999993], [-106.149384, 40.33196700000003], [-106.162011, 40.34261199999996], [-106.17049, 40.34400600000002], [-106.189178, 40.32653200000002], [-106.217064, 40.329079999999976], [-106.230463, 40.323407], [-106.251223, 40.340765], [-106.253573, 40.35032499999999], [-106.265662, 40.36095000000001], [-106.277947, 40.35372300000003], [-106.291071, 40.358204000000036], [-106.298621, 40.34995800000003], [-106.295931, 40.33336500000002], [-106.305512, 40.32870000000006], [-106.321221, 40.337324999999986], [-106.336996, 40.33964500000001], [-106.35648200000001, 40.35807299999999], [-106.385264, 40.35237299999998], [-106.389732, 40.34569999999999], [-106.404016, 40.344952000000035], [-106.421793, 40.352793000000034], [-106.44342, 40.34653299999998], [-106.457018, 40.354510000000005], [-106.456146, 40.36333700000004], [-106.463178, 40.366993000000015], [-106.464395, 40.375912000000014], [-106.473082, 40.379389], [-106.47449400000002, 40.38798400000004], [-106.481283, 40.38943099999999], [-106.478248, 40.40480500000001], [-106.48984200000001, 40.41157800000004], [-106.51048, 40.39338600000001], [-106.5123, 40.38675299999996], [-106.51889900000002, 40.39102199999999], [-106.525279, 40.38580699999997], [-106.52972, 40.369112999999956], [-106.534921, 40.36507999999995], [-106.539031, 40.37094899999996], [-106.55292200000001, 40.36986500000004], [-106.559301, 40.37807900000001], [-106.594616, 40.383178000000015], [-106.601046, 40.375803999999995], [-106.61232100000001, 40.37938300000003], [-106.619525, 40.40524499999997], [-106.629153, 40.41892500000002], [-106.622167, 40.42976300000005], [-106.638601, 40.432244000000004], [-106.650342, 40.43978099999996], [-106.658957, 40.459376000000006], [-106.657881, 40.471559000000006], [-106.667281, 40.47264699999999], [-106.653113, 40.49473200000003], [-106.655808, 40.50914100000001], [-106.672064, 40.521213999999986], [-106.669845, 40.534445999999946], [-106.692851, 40.55663900000004], [-106.692188, 40.563537], [-106.70234100000002, 40.57802499999999], [-106.694148, 40.59524099999999], [-106.706218, 40.61560599999997], [-106.703622, 40.62777100000004], [-106.686774, 40.63472700000003], [-106.688656, 40.63964899999998], [-106.680142, 40.648035999999976], [-106.687731, 40.649873], [-106.692082, 40.65774600000002], [-106.685765, 40.66232599999999], [-106.687231, 40.67194400000003], [-106.681057, 40.675168], [-106.686882, 40.683075999999986], [-106.672862, 40.68833600000002], [-106.667953, 40.696305000000024], [-106.672479, 40.708478000000014], [-106.668924, 40.71025699999998], [-106.669784, 40.71978800000002], [-106.673807, 40.724025000000054], [-106.66952, 40.72879099999997], [-106.676694, 40.73663100000002], [-106.662952, 40.74301799999998], [-106.665189, 40.748856999999965], [-106.661313, 40.75334599999998], [-106.669699, 40.76169700000002], [-106.659237, 40.772860999999935], [-106.649161, 40.77538800000001], [-106.647497, 40.782650999999994], [-106.636922, 40.789488999999975], [-106.635476, 40.81136500000003], [-106.643737, 40.821589999999986], [-106.663425, 40.82769099999993], [-106.662644, 40.84334100000001], [-106.65447200000001, 40.845542999999985], [-106.654541, 40.849117000000014], [-106.667363, 40.85979100000004], [-106.668161, 40.86514400000003], [-106.679479, 40.86955499999993], [-106.685883, 40.88582200000003], [-106.694159, 40.88801799999997], [-106.705756, 40.87600399999998], [-106.73934100000001, 40.87084300000001], [-106.74682, 40.88233199999998], [-106.740853, 40.8898], [-106.770071, 40.89699700000003], [-106.769004, 40.90413800000002], [-106.78127100000002, 40.90696899999999], [-106.797821, 40.896466000000004], [-106.809751, 40.89975300000001], [-106.805345, 40.90197800000002], [-106.806335, 40.90664500000001], [-106.811312, 40.915953999999964], [-106.819007, 40.91863599999998], [-106.82503, 40.932119000000036], [-106.829365, 40.924258999999985], [-106.852349, 40.925183000000004], [-106.84877, 40.926305999999975], [-106.852247, 40.93379200000002], [-106.862104, 40.94092799999998], [-106.863992, 40.953700999999995], [-106.869891, 40.95671999999996], [-106.87282200000001, 40.97587699999997]]]}}, {"id": "865", "type": "Feature", "properties": {"name": "Dolores"}, "geometry": {"type": "Polygon", "coordinates": [[[-109.043461439769, 37.48482004090033], [-109.041654683556, 37.88108516649331], [-108.820522, 37.880850999999986], [-108.81671, 37.89553800000001], [-108.256498, 37.894607], [-108.25773000000001, 37.890585000000016], [-108.24793400000001, 37.87938000000001], [-108.23783700000001, 37.87639199999997], [-108.229586, 37.86104099999997], [-108.22700500000002, 37.84347499999998], [-108.212354, 37.83203799999999], [-108.210164, 37.82112500000001], [-108.183171, 37.826478999999935], [-108.174906, 37.832591999999984], [-108.150174, 37.83432600000002], [-108.147241, 37.838853000000036], [-108.140609, 37.83228699999999], [-108.120951, 37.85384100000004], [-108.108232, 37.853645000000014], [-108.098275, 37.848411], [-108.09595000000002, 37.84042100000003], [-108.090526, 37.83999399999999], [-108.068937, 37.851327000000005], [-108.057948, 37.841081], [-108.046966, 37.85099200000003], [-108.030865, 37.85549500000002], [-107.989208, 37.856640000000034], [-107.97334400000001, 37.833591000000034], [-107.965895, 37.831824000000026], [-107.95054, 37.83563800000002], [-107.938673, 37.823008], [-107.921347, 37.823714], [-107.903435, 37.80635899999995], [-107.892508, 37.802657000000075], [-107.886257, 37.785454000000016], [-107.873847, 37.786483000000004], [-107.860845, 37.77551699999998], [-107.870437, 37.76347299999999], [-107.86191200000002, 37.75602399999998], [-107.875622, 37.73885099999995], [-107.872966, 37.72241600000004], [-107.877195, 37.71630899999996], [-107.901349, 37.719002], [-107.910652, 37.715996999999994], [-107.910975, 37.71255900000003], [-107.929856, 37.70915399999998], [-107.93720600000002, 37.702561999999986], [-107.95262800000002, 37.70678799999999], [-107.968875, 37.696484999999974], [-107.97506, 37.68364799999999], [-107.96942, 37.679231999999985], [-107.957078, 37.64889399999999], [-107.960061, 37.64263800000003], [-107.970086, 37.63958699999999], [-108.408293, 37.63188599999999], [-108.91708100000001, 37.63190200000001], [-109.043461439769, 37.48482004090033]]]}}, {"id": "969", "type": "Feature", "properties": {"name": "Fremont"}, "geometry": {"type": "Polygon", "coordinates": [[[-106.012304, 38.445357], [-105.93804, 38.50346999999999], [-105.906854, 38.506266000000004], [-105.903411, 38.54855400000003], [-105.893527, 38.55093499999998], [-105.893225, 38.55870300000003], [-105.884639, 38.56227000000002], [-105.885524, 38.569782], [-105.89249, 38.57328899999996], [-105.88982, 38.587098000000005], [-105.878033, 38.600581], [-105.885972, 38.620626], [-105.894358, 38.62372299999999], [-105.899679, 38.62197300000001], [-105.915665, 38.630048000000016], [-105.917327, 38.634521000000035], [-105.91115, 38.639163999999994], [-105.913174, 38.645583000000045], [-105.907673, 38.65192999999997], [-105.925484, 38.66636500000004], [-105.922641, 38.67700499999995], [-105.944275, 38.68485199999999], [-105.945309, 38.690228], [-105.96975, 38.69355100000001], [-105.237043, 38.69726700000001], [-105.239927, 38.64746400000002], [-105.091363, 38.64775399999998], [-105.013197, 38.65272900000001], [-104.942205, 38.65013300000002], [-104.940366, 38.25827499999994], [-105.304045, 38.258225], [-105.591947, 38.26490499999996], [-105.796897, 38.26504699999998], [-105.800013, 38.26992200000002], [-105.827123, 38.27856800000006], [-105.84083, 38.292460000000005], [-105.846629, 38.290286999999964], [-105.858315, 38.29835900000002], [-105.876376, 38.31595100000001], [-105.89364, 38.346558999999985], [-105.908447, 38.354478000000015], [-105.919851, 38.367156000000016], [-105.932624, 38.37043200000001], [-105.944637, 38.37863800000002], [-105.947606, 38.39052599999999], [-105.959495, 38.39709499999999], [-105.967933, 38.40877199999995], [-105.973389, 38.409459], [-105.984298, 38.41972299999995], [-105.996768, 38.420302999999976], [-106.001563, 38.431110000000025], [-106.01101600000001, 38.43723099999998], [-106.012304, 38.445357]]]}}, {"id": "970", "type": "Feature", "properties": {"name": "Chaffee"}, "geometry": {"type": "Polygon", "coordinates": [[[-106.598936, 39.036768000000045], [-106.59723300000002, 39.04482100000003], [-106.58073000000002, 39.048717000000025], [-106.577966, 39.057908000000005], [-106.191006, 39.056073000000005], [-106.184815, 39.05083700000003], [-106.182501, 39.03855099999998], [-106.192077, 39.02928700000004], [-106.189473, 39.02127899999997], [-106.193083, 39.018110000000014], [-106.178849, 39.010763999999995], [-106.169342, 38.99151899999999], [-106.145414, 38.99789899999998], [-106.108953, 38.98737700000003], [-106.104379, 38.97414099999998], [-106.113757, 38.955326999999954], [-106.110995, 38.94009899999997], [-106.090653, 38.936543000000015], [-106.08532, 38.93945999999998], [-106.06591, 38.93189599999998], [-106.05825, 38.941805000000045], [-106.028138, 38.94284900000001], [-105.99817, 38.91515900000001], [-105.9861, 38.91810599999995], [-105.976902, 38.914508000000005], [-105.976644, 38.910622000000025], [-105.96577, 38.905876], [-105.979418, 38.894533], [-105.974297, 38.88245800000001], [-105.964965, 38.885977000000004], [-105.949139, 38.883104000000024], [-105.941238, 38.885592], [-105.925123, 38.872178000000034], [-105.942801, 38.85280200000005], [-105.939147, 38.846046], [-105.941845, 38.840389999999985], [-105.906587, 38.806961999999984], [-105.91513900000001, 38.79043700000001], [-105.926709, 38.785508000000014], [-105.929289, 38.77454699999997], [-105.94454, 38.768105], [-105.938758, 38.76302199999997], [-105.938063, 38.75521199999996], [-105.941337, 38.745605], [-105.94786, 38.743823], [-105.943469, 38.72314400000004], [-105.969899, 38.69440299999998], [-105.945309, 38.690228], [-105.944275, 38.68485199999999], [-105.922641, 38.67700499999995], [-105.925484, 38.66636500000004], [-105.907673, 38.65192999999997], [-105.913174, 38.645583000000045], [-105.91115, 38.639163999999994], [-105.91773900000001, 38.63325500000004], [-105.899679, 38.62197300000001], [-105.894358, 38.62372299999999], [-105.885972, 38.620626], [-105.879176, 38.607311999999986], [-105.878033, 38.600581], [-105.88982, 38.587098000000005], [-105.89249, 38.57328899999996], [-105.885524, 38.569782], [-105.884639, 38.56227000000002], [-105.893225, 38.55870300000003], [-105.893527, 38.55093499999998], [-105.903411, 38.54855400000003], [-105.906854, 38.506266000000004], [-105.93804, 38.50346999999999], [-106.010751, 38.44656599999999], [-106.01768, 38.44869300000002], [-106.01937, 38.45444799999998], [-106.030665, 38.45353800000004], [-106.043234, 38.45767099999996], [-106.052074, 38.454221000000025], [-106.058571, 38.45694499999996], [-106.062244, 38.450329999999994], [-106.05798200000001, 38.44469099999998], [-106.075941, 38.42378799999997], [-106.24694, 38.42276800000004], [-106.249484, 38.433243999999995], [-106.24552900000002, 38.43890499999995], [-106.26607100000001, 38.441735000000016], [-106.274119, 38.446885999999964], [-106.272655, 38.455195999999994], [-106.280609, 38.45433699999999], [-106.288933, 38.461963999999995], [-106.290543, 38.47352799999999], [-106.30449000000002, 38.47835300000003], [-106.311381, 38.494652], [-106.327228, 38.49758799999999], [-106.330975, 38.49390499999999], [-106.34423, 38.50458999999994], [-106.348108, 38.51249899999997], [-106.342597, 38.521536999999995], [-106.35418500000002, 38.53338399999997], [-106.355386, 38.54237099999999], [-106.344619, 38.568564], [-106.361024, 38.594487000000015], [-106.363843, 38.61362499999997], [-106.385368, 38.62499499999995], [-106.379899, 38.63848299999999], [-106.401189, 38.63970200000003], [-106.401719, 38.64578299999996], [-106.407944, 38.64767899999996], [-106.417223, 38.64491899999999], [-106.429545, 38.651235000000014], [-106.437861, 38.682500000000005], [-106.451867, 38.698342999999994], [-106.443493, 38.709230999999996], [-106.425275, 38.710306999999986], [-106.423467, 38.72084700000003], [-106.41666500000001, 38.72781400000004], [-106.419953, 38.751529], [-106.41509900000001, 38.75709500000002], [-106.41925900000001, 38.765999999999984], [-106.41287, 38.790910999999994], [-106.422726, 38.80837499999999], [-106.415045, 38.815281999999996], [-106.416263, 38.82385], [-106.406987, 38.82933400000003], [-106.395024, 38.82239299999999], [-106.383592, 38.824802], [-106.381747, 38.83285700000001], [-106.370204, 38.83871899999995], [-106.364457, 38.84641899999997], [-106.364806, 38.853080999999975], [-106.349261, 38.85520099999999], [-106.348938, 38.86511200000003], [-106.335846, 38.87228999999999], [-106.334065, 38.88130899999999], [-106.327505, 38.88229699999999], [-106.321313, 38.89259900000001], [-106.326099, 38.91100399999999], [-106.334984, 38.911666000000025], [-106.345241, 38.90706700000005], [-106.357073, 38.91294500000003], [-106.37344, 38.90660800000002], [-106.380836, 38.925684999999994], [-106.392344, 38.91877500000001], [-106.39395900000001, 38.91224899999997], [-106.402124, 38.910617], [-106.415627, 38.91852999999995], [-106.421831, 38.928068000000025], [-106.430262, 38.92490900000004], [-106.437175, 38.914906000000016], [-106.465032, 38.910353999999984], [-106.504371, 38.93684899999997], [-106.507162, 38.946092], [-106.526683, 38.955411], [-106.528511, 38.959883000000026], [-106.521861, 38.96866600000003], [-106.528389, 38.98072700000004], [-106.550163, 38.991544999999995], [-106.554532, 38.99875700000005], [-106.577161, 38.990444000000004], [-106.595509, 38.99127699999996], [-106.599214, 38.997994], [-106.594455, 39.00418499999999], [-106.591692, 39.024922999999966], [-106.598936, 39.036768000000045]]]}}, {"id": "971", "type": "Feature", "properties": {"name": "Gunnison"}, "geometry": {"type": "Polygon", "coordinates": [[[-107.63504, 38.301896000000006], [-107.50002, 38.30192599999996], [-107.500606, 39.21791599999997], [-107.49497, 39.218224999999975], [-107.487753, 39.22560899999997], [-107.484393, 39.23521699999999], [-107.474701, 39.229046], [-107.451075, 39.230673], [-107.42973, 39.24101400000001], [-107.428073, 39.257596], [-107.40029700000001, 39.25294600000003], [-107.394486, 39.256298999999956], [-107.390422, 39.25059099999997], [-107.376088, 39.24575100000002], [-107.371521, 39.23924600000004], [-107.379236, 39.23133999999998], [-107.377213, 39.199648999999994], [-107.359857, 39.18490599999999], [-107.353427, 39.17304199999999], [-107.318741, 39.16531299999999], [-107.307638, 39.15713399999997], [-107.296281, 39.154333], [-107.28249, 39.118717999999966], [-107.06632, 39.11880500000002], [-107.03633, 39.09492800000002], [-107.012486, 39.08438000000001], [-106.996958, 39.06934800000002], [-106.988972, 39.07071199999997], [-106.989756, 39.05197999999998], [-107.001622, 39.042272999999994], [-106.996145, 39.03417500000002], [-106.964307, 39.029580999999986], [-106.964695, 39.017545000000055], [-106.95098000000002, 39.01659999999998], [-106.935065, 39.00607799999995], [-106.917875, 38.999184000000014], [-106.910073, 38.999991000000016], [-106.908196, 38.992579000000006], [-106.884353, 38.99040600000002], [-106.878041, 38.994275], [-106.87809, 39.00590899999998], [-106.86168700000002, 39.00943899999997], [-106.846898, 38.98700699999996], [-106.82724800000001, 38.977719999999984], [-106.81693, 38.981383000000015], [-106.801874, 38.978302999999975], [-106.800246, 38.98217599999999], [-106.783989, 38.986915999999994], [-106.782514, 38.99927000000002], [-106.768594, 39.00816899999998], [-106.761426, 39.01948500000003], [-106.745287, 39.02681799999996], [-106.749247, 39.04226099999998], [-106.740695, 39.04590600000003], [-106.71031500000001, 39.04757300000005], [-106.707851, 39.053458000000006], [-106.694969, 39.05566700000004], [-106.68531400000002, 39.04538300000004], [-106.67405400000001, 39.04581100000001], [-106.664098, 39.041854000000036], [-106.655492, 39.04441999999998], [-106.64684600000001, 39.03328499999997], [-106.648392, 39.022152000000006], [-106.638334, 39.01922299999997], [-106.637887, 39.014704], [-106.630041, 39.01220999999997], [-106.6116, 38.99543400000001], [-106.599214, 38.997994], [-106.595509, 38.99127699999996], [-106.577161, 38.990444000000004], [-106.554532, 38.99875700000005], [-106.550163, 38.991544999999995], [-106.528389, 38.98072700000004], [-106.521861, 38.96866600000003], [-106.528511, 38.959883000000026], [-106.526683, 38.955411], [-106.507162, 38.946092], [-106.504371, 38.93684899999997], [-106.465032, 38.910353999999984], [-106.437175, 38.914906000000016], [-106.430262, 38.92490900000004], [-106.421831, 38.928068000000025], [-106.415627, 38.91852999999995], [-106.402124, 38.910617], [-106.39395900000001, 38.91224899999997], [-106.392344, 38.91877500000001], [-106.380836, 38.925684999999994], [-106.37344, 38.90660800000002], [-106.357073, 38.91294500000003], [-106.345241, 38.90706700000005], [-106.334984, 38.911666000000025], [-106.326099, 38.91100399999999], [-106.321313, 38.89259900000001], [-106.327505, 38.88229699999999], [-106.334065, 38.88130899999999], [-106.335846, 38.87228999999999], [-106.348938, 38.86511200000003], [-106.349261, 38.85520099999999], [-106.364806, 38.853080999999975], [-106.364457, 38.84641899999997], [-106.370204, 38.83871899999995], [-106.381747, 38.83285700000001], [-106.383592, 38.824802], [-106.395024, 38.82239299999999], [-106.406987, 38.82933400000003], [-106.416263, 38.82385], [-106.415045, 38.815281999999996], [-106.422726, 38.80837499999999], [-106.41287, 38.790910999999994], [-106.41925900000001, 38.765999999999984], [-106.41509900000001, 38.75709500000002], [-106.419953, 38.751529], [-106.41666500000001, 38.72781400000004], [-106.423467, 38.72084700000003], [-106.425275, 38.710306999999986], [-106.443493, 38.709230999999996], [-106.451867, 38.698342999999994], [-106.437861, 38.682500000000005], [-106.429545, 38.651235000000014], [-106.417223, 38.64491899999999], [-106.407944, 38.64767899999996], [-106.401719, 38.64578299999996], [-106.401189, 38.63970200000003], [-106.379899, 38.63848299999999], [-106.385368, 38.62499499999995], [-106.363843, 38.61362499999997], [-106.361024, 38.594487000000015], [-106.344619, 38.568564], [-106.355386, 38.54237099999999], [-106.35418500000002, 38.53338399999997], [-106.342597, 38.521536999999995], [-106.348108, 38.51249899999997], [-106.34423, 38.50458999999994], [-106.330975, 38.49390499999999], [-106.327228, 38.49758799999999], [-106.311381, 38.494652], [-106.30449000000002, 38.47835300000003], [-106.290543, 38.47352799999999], [-106.288933, 38.461963999999995], [-106.280609, 38.45433699999999], [-106.272655, 38.455195999999994], [-106.274119, 38.446885999999964], [-106.26607100000001, 38.441735000000016], [-106.24552900000002, 38.43890499999995], [-106.249484, 38.433243999999995], [-106.24694, 38.42276800000004], [-107.000601, 38.425619000000005], [-107.001119, 38.14707199999997], [-107.56862, 38.147266999999964], [-107.562293, 38.15790000000002], [-107.575576, 38.20979699999997], [-107.580784, 38.212460000000014], [-107.580243, 38.230823999999984], [-107.590701, 38.252046000000014], [-107.612717, 38.26216000000003], [-107.63504, 38.301896000000006]]]}}, {"id": "1147", "type": "Feature", "properties": {"name": "Park"}, "geometry": {"type": "Polygon", "coordinates": [[[-106.210173, 39.10391800000001], [-106.203483, 39.11408899999996], [-106.189302, 39.12057499999998], [-106.1858, 39.12924900000002], [-106.173086, 39.13810200000001], [-106.17841, 39.17458000000001], [-106.18552600000001, 39.186586999999975], [-106.17932, 39.193493], [-106.184744, 39.20930799999999], [-106.178409, 39.21297799999999], [-106.178216, 39.21913200000005], [-106.170158, 39.22299400000001], [-106.168304, 39.23072000000001], [-106.18512, 39.24269400000002], [-106.180482, 39.261096999999985], [-106.186759, 39.27985099999997], [-106.180911, 39.29879999999996], [-106.18397200000001, 39.30935399999998], [-106.17642800000002, 39.31207500000004], [-106.169474, 39.32223200000003], [-106.151246, 39.32069399999995], [-106.140274, 39.33880899999997], [-106.15290900000001, 39.36247899999999], [-106.148795, 39.36835], [-106.138505, 39.372240999999995], [-106.135529, 39.379546], [-106.120308, 39.376589999999986], [-106.097206, 39.37798700000002], [-106.085632, 39.36972300000004], [-106.074192, 39.368630000000024], [-106.056096, 39.358431], [-106.021966, 39.36171299999999], [-106.017619, 39.36550300000004], [-106.018383, 39.38140299999998], [-106.013851, 39.38689799999997], [-105.995928, 39.39500100000001], [-105.993025, 39.40156099999998], [-105.985018, 39.401666999999996], [-105.976867, 39.408569999999976], [-105.951698, 39.414619], [-105.954837, 39.42621999999997], [-105.966786, 39.43803499999999], [-105.944155, 39.44091000000004], [-105.938663, 39.45849799999996], [-105.911637, 39.456736], [-105.90595900000001, 39.45965700000003], [-105.891974, 39.48417300000004], [-105.879087, 39.483767], [-105.874714, 39.49352100000002], [-105.866584, 39.49435100000005], [-105.860395, 39.50471000000001], [-105.854117, 39.504520000000056], [-105.868065, 39.51949], [-105.859507, 39.53153599999999], [-105.845377, 39.52374999999997], [-105.830016, 39.532043000000016], [-105.823206, 39.529952999999985], [-105.815807, 39.55197600000002], [-105.825771, 39.555677999999965], [-105.82966200000001, 39.56486499999997], [-105.587986, 39.56819700000001], [-105.398949, 39.56605599999998], [-105.397875, 39.12956400000004], [-105.330383, 39.12968500000001], [-105.328962, 38.697558000000015], [-105.96975, 38.69355100000001], [-105.943469, 38.72314400000004], [-105.94786, 38.743823], [-105.941337, 38.745605], [-105.938063, 38.75521199999996], [-105.938758, 38.76302199999997], [-105.94454, 38.768105], [-105.929289, 38.77454699999997], [-105.926709, 38.785508000000014], [-105.91513900000001, 38.79043700000001], [-105.906587, 38.806961999999984], [-105.941845, 38.840389999999985], [-105.939147, 38.846046], [-105.942801, 38.85280200000005], [-105.925123, 38.872178000000034], [-105.941238, 38.885592], [-105.949139, 38.883104000000024], [-105.964965, 38.885977000000004], [-105.974297, 38.88245800000001], [-105.979418, 38.894533], [-105.96577, 38.905876], [-105.9861, 38.91810599999995], [-105.99817, 38.91515900000001], [-106.028138, 38.94284900000001], [-106.05825, 38.941805000000045], [-106.06591, 38.93189599999998], [-106.08532, 38.93945999999998], [-106.094862, 38.936775000000004], [-106.112665, 38.941366], [-106.113757, 38.955326999999954], [-106.104379, 38.97414099999998], [-106.108953, 38.98737700000003], [-106.145414, 38.99789899999998], [-106.169342, 38.99151899999999], [-106.178849, 39.010763999999995], [-106.193083, 39.018110000000014], [-106.189473, 39.02127899999997], [-106.192077, 39.02928700000004], [-106.182501, 39.03855099999998], [-106.184815, 39.05083700000003], [-106.191006, 39.056073000000005], [-106.191577, 39.06798299999996], [-106.16941000000001, 39.08680399999997], [-106.169867, 39.09073100000003], [-106.178556, 39.10329099999995], [-106.210173, 39.10391800000001]]]}}, {"id": "1235", "type": "Feature", "properties": {"name": "Montezuma"}, "geometry": {"type": "Polygon", "coordinates": [[[-109.045223, 36.999084000000046], [-109.043461439769, 37.48482004090033], [-108.91708100000001, 37.63190200000001], [-108.408293, 37.63188599999999], [-107.970086, 37.63958699999999], [-107.972098, 37.63021499999998], [-107.987221, 37.625004], [-108.004844, 37.606047999999994], [-108.014298, 37.603594000000015], [-108.016639, 37.592470999999996], [-108.023006, 37.59099899999996], [-108.018279, 37.567141000000035], [-108.025437, 37.53971900000002], [-108.034745, 37.532496], [-108.03153100000002, 37.50930900000003], [-108.037932, 37.50318900000001], [-108.033146, 37.46494000000006], [-108.044501, 37.44270400000003], [-108.053028, 37.43752099999996], [-108.078042, 37.438881000000016], [-108.080041, 37.429187], [-108.087287, 37.42776900000003], [-108.105336, 37.40557300000002], [-108.105857, 37.38206799999996], [-108.120481, 37.37471500000002], [-108.140477, 37.37281799999995], [-108.152473, 37.362589], [-108.164299, 37.36234299999999], [-108.173032, 37.36638800000002], [-108.197776, 37.35493899999996], [-108.207779, 37.334527000000016], [-108.203051, 37.326791999999976], [-108.216477, 37.31161499999998], [-108.212504, 37.300150999999985], [-108.217989, 37.29724999999996], [-108.219688, 37.28741500000002], [-108.225169, 37.28666300000003], [-108.22731200000001, 37.27816600000002], [-108.234838, 37.27476799999996], [-108.238589, 37.262666999999986], [-108.26144800000002, 37.23503099999999], [-108.290423, 37.22358400000003], [-108.29728300000001, 37.213232999999995], [-108.29263, 37.19831900000001], [-108.297415, 37.17116000000005], [-108.290459, 37.145975000000035], [-108.310326, 37.129348000000014], [-108.31013, 37.105400000000046], [-108.321065, 37.09710000000001], [-108.334792, 37.054220000000036], [-108.354386, 37.03881199999999], [-108.355392, 37.02558799999999], [-108.372319, 37.02848099999998], [-108.379302869798, 36.999458857844296], [-109.045223, 36.999084000000046]]]}}, {"id": "1245", "type": "Feature", "properties": {"name": "Sedgwick"}, "geometry": {"type": "Polygon", "coordinates": [[[-102.653463, 41.00233199999998], [-102.05161400000001, 41.00237700000001], [-102.051292, 40.74959100000002], [-102.65131000000001, 40.74940199999999], [-102.653463, 41.00233199999998]]]}}, {"id": "1256", "type": "Feature", "properties": {"name": "Pueblo"}, "geometry": {"type": "Polygon", "coordinates": [[[-105.049917, 37.91547900000005], [-105.049215, 38.25797300000001], [-104.940366, 38.25827499999994], [-104.941533, 38.51956899999994], [-104.053921, 38.52239299999999], [-104.061132, 37.73470399999999], [-104.646383, 37.900526999999975], [-105.013729, 37.88127099999997], [-105.015751, 37.88551000000002], [-105.034803, 37.89458300000005], [-105.031573, 37.90414699999999], [-105.038665, 37.904444], [-105.049917, 37.91547900000005]]]}}, {"id": "1307", "type": "Feature", "properties": {"name": "Denver"}, "geometry": {"type": "MultiPolygon", "coordinates": [[[[-104.934076, 39.698436000000044], [-104.931714, 39.700207999999996], [-104.931651, 39.69839800000003], [-104.934076, 39.698436000000044]]], [[[-105.107503, 39.62421800000004], [-105.109875, 39.63507199999998], [-105.091103, 39.635083], [-105.0911, 39.63871900000002], [-105.073307, 39.63656300000001], [-105.076803, 39.638735000000004], [-105.074454, 39.64410399999997], [-105.053581, 39.65115999999996], [-105.070833, 39.649579000000024], [-105.067288, 39.656878999999996], [-105.081453, 39.66205599999999], [-105.081348, 39.67013300000002], [-105.053256, 39.66778500000004], [-105.053251, 39.67503700000001], [-105.062622, 39.675008], [-105.06262, 39.67928], [-105.053221, 39.682291000000006], [-105.053183, 39.783796999999964], [-105.062659, 39.783846999999994], [-105.064405, 39.791079999999994], [-105.025262, 39.79110599999999], [-105.021843, 39.794461], [-105.020542, 39.79108699999999], [-104.97595, 39.791038], [-104.968716, 39.798396000000004], [-104.968861, 39.791041000000014], [-104.94047600000002, 39.794601], [-104.939882, 39.79099400000003], [-104.927034, 39.791054000000045], [-104.927002, 39.783778000000034], [-104.903439, 39.783887999999976], [-104.903561, 39.79839100000001], [-104.884474, 39.79832200000003], [-104.884405, 39.812815000000015], [-104.866074, 39.812847000000005], [-104.866041, 39.798386000000015], [-104.790895, 39.79825099999997], [-104.790859, 39.841801999999994], [-104.730962, 39.84524799999999], [-104.73039, 39.89613099999997], [-104.703311, 39.89594899999997], [-104.70318500000002, 39.90692599999996], [-104.692139, 39.906851000000024], [-104.69205400000001, 39.91417799999999], [-104.67958200000001, 39.91401599999999], [-104.67966400000002, 39.90700799999998], [-104.630939, 39.90664500000001], [-104.630945, 39.89929099999997], [-104.599581, 39.89903800000003], [-104.59981, 39.88130700000001], [-104.605154, 39.88134599999999], [-104.605261, 39.873114000000015], [-104.619152, 39.87322000000002], [-104.619799, 39.82241700000004], [-104.65539, 39.822605000000046], [-104.65544500000001, 39.81299900000001], [-104.666182, 39.81307499999997], [-104.66606200000001, 39.82279100000004], [-104.762462, 39.823443000000005], [-104.762606, 39.798433], [-104.734399, 39.798442], [-104.734749, 39.769210999999984], [-104.764574, 39.76918799999999], [-104.772166, 39.77150000000001], [-104.77215700000002, 39.776409000000015], [-104.78156000000001, 39.776483000000006], [-104.781577, 39.772795], [-104.828163, 39.77237399999999], [-104.832972, 39.766391000000034], [-104.856394, 39.768581], [-104.856338, 39.75812700000004], [-104.84694, 39.75468699999994], [-104.879901, 39.754652], [-104.886613, 39.72921900000005], [-104.881934, 39.72495999999999], [-104.87533, 39.725576000000025], [-104.870625, 39.71017399999997], [-104.865971, 39.711053000000014], [-104.870662, 39.69837699999999], [-104.868309, 39.700191999999994], [-104.86596200000001, 39.696558999999986], [-104.877728, 39.69843800000002], [-104.89909900000002, 39.695394999999984], [-104.903544, 39.69853499999995], [-104.900115, 39.69298500000001], [-104.903512, 39.68935400000002], [-104.89409, 39.69271299999997], [-104.894058, 39.685694], [-104.889328, 39.685684], [-104.889308, 39.682056000000024], [-104.90344, 39.67859800000002], [-104.905223, 39.68605800000002], [-104.904591, 39.680318000000035], [-104.908094, 39.67972599999999], [-104.903579, 39.67667499999999], [-104.903509, 39.667624000000046], [-104.875981, 39.664104000000044], [-104.877459, 39.67206600000002], [-104.870882, 39.67476400000004], [-104.866051, 39.670846999999995], [-104.866334, 39.66030899999994], [-104.85543700000001, 39.66080399999994], [-104.847296, 39.65710200000001], [-104.875573, 39.64498999999997], [-104.875454, 39.65146599999994], [-104.88014, 39.653057], [-104.885264, 39.624129000000025], [-104.913407, 39.62408300000002], [-104.913227, 39.63866900000002], [-104.92246, 39.645848999999984], [-104.931873, 39.645826], [-104.931703, 39.653044000000044], [-104.954983, 39.652987000000024], [-104.959443, 39.66152599999999], [-104.968785, 39.660417], [-104.968805, 39.66583900000003], [-104.973486, 39.66768399999998], [-105.000355, 39.66772800000002], [-105.004395, 39.66048399999998], [-105.010941, 39.66050700000002], [-105.00636, 39.6677], [-105.008664, 39.678626999999956], [-105.015696, 39.678684000000025], [-105.0158, 39.66050799999999], [-105.033076, 39.656953999999985], [-105.03461500000002, 39.65327600000003], [-105.03466000000002, 39.64371100000001], [-105.029998, 39.63857499999999], [-105.03470700000001, 39.638593000000014], [-105.034756, 39.63317700000002], [-105.02536, 39.63144500000002], [-105.025422, 39.62855800000002], [-105.042807, 39.62757899999998], [-105.044139, 39.631456], [-105.05341, 39.631504], [-105.053342, 39.638769999999994], [-105.059045, 39.638760000000026], [-105.053457, 39.629526], [-105.058232, 39.61440900000001], [-105.091401, 39.614332], [-105.097006, 39.614514000000014], [-105.097029, 39.618362000000026], [-105.065088, 39.61978499999998], [-105.076116, 39.62422499999995], [-105.080952, 39.631326999999985], [-105.08173, 39.62731299999998], [-105.091164, 39.62708100000003], [-105.091256, 39.624198000000035], [-105.107503, 39.62421800000004]], [[-105.081573, 39.63568799999999], [-105.08087, 39.63500099999998], [-105.08087, 39.63568300000002], [-105.081573, 39.63568799999999]], [[-105.063539, 39.652978999999995], [-105.062589, 39.65185400000002], [-105.06256000000002, 39.652977999999976], [-105.063539, 39.652978999999995]], [[-104.940684, 39.71107600000002], [-104.940625, 39.69540000000003], [-104.928183, 39.69663400000001], [-104.92877800000001, 39.70022], [-104.934143, 39.701320000000024], [-104.926992, 39.70389100000001], [-104.931648, 39.71109800000002], [-104.940684, 39.71107600000002]], [[-104.931641, 39.67337400000001], [-104.931622, 39.66747299999999], [-104.927201, 39.668965], [-104.931641, 39.67337400000001]], [[-104.93024200000002, 39.674832], [-104.920702, 39.668168000000016], [-104.921016, 39.660338], [-104.912985, 39.65620899999997], [-104.91755900000001, 39.672982999999974], [-104.925781, 39.67658300000001], [-104.93024200000002, 39.674832]], [[-104.911032, 39.68207299999994], [-104.908201, 39.68030700000003], [-104.90820500000001, 39.682069999999996], [-104.911032, 39.68207299999994]], [[-104.904049, 39.62543599999999], [-104.902796, 39.624304000000016], [-104.90378700000001, 39.626828000000025], [-104.904049, 39.62543599999999]], [[-104.899347, 39.68373699999997], [-104.898786, 39.68570400000003], [-104.902671, 39.685712], [-104.899347, 39.68373699999997]]]]}}, {"id": "1344", "type": "Feature", "properties": {"name": "Bent"}, "geometry": {"type": "Polygon", "coordinates": [[[-103.404339, 37.643576000000024], [-103.398108, 37.960627000000045], [-103.399938, 38.26543500000001], [-102.74233, 38.266970999999984], [-102.740464, 37.82406400000005], [-102.747988, 37.82321599999996], [-102.747615, 37.643641999999986], [-103.404339, 37.643576000000024]]]}}, {"id": "1371", "type": "Feature", "properties": {"name": "Baca"}, "geometry": {"type": "Polygon", "coordinates": [[[-103.086102011771, 37.000173863231325], [-103.082537, 37.381613000000016], [-103.074663, 37.381753999999994], [-103.075938, 37.64341999999998], [-102.041585, 37.64428199999996], [-102.042089, 36.99301600000001], [-102.698142, 36.995149], [-102.812469, 36.99972500000002], [-103.086102011771, 37.000173863231325]]]}}, {"id": "1372", "type": "Feature", "properties": {"name": "Prowers"}, "geometry": {"type": "Polygon", "coordinates": [[[-102.747708, 37.823450999999984], [-102.740464, 37.82406400000005], [-102.74233, 38.266970999999984], [-102.044567368215, 38.2687491172007], [-102.041585, 37.64428199999996], [-102.747615, 37.643641999999986], [-102.747708, 37.823450999999984]]]}}, {"id": "1373", "type": "Feature", "properties": {"name": "Yuma"}, "geometry": {"type": "Polygon", "coordinates": [[[-102.803767, 40.002554], [-102.793305, 40.00249300000003], [-102.793582, 40.35128099999999], [-102.78018, 40.35114400000002], [-102.77996, 40.43844599999997], [-102.051465, 40.440008000000034], [-102.049806, 39.574057999999994], [-102.802932, 39.567840999999994], [-102.800417, 39.830830999999996], [-102.803767, 40.002554]]]}}, {"id": "1396", "type": "Feature", "properties": {"name": "Las Animas"}, "geometry": {"type": "Polygon", "coordinates": [[[-105.154176, 37.29312899999997], [-105.131963, 37.300902000000036], [-105.12808, 37.296821999999985], [-105.115425, 37.29629399999998], [-105.097971, 37.30415100000001], [-105.094331, 37.31461499999999], [-105.07512600000001, 37.31666500000002], [-105.068046, 37.326046], [-105.050594, 37.331049], [-105.036832, 37.34146800000004], [-105.023991, 37.34081500000002], [-105.023606, 37.356836], [-105.004788, 37.36317300000003], [-104.995505, 37.375551], [-104.983527, 37.37338799999998], [-104.971228, 37.376242999999974], [-104.952631, 37.38971499999996], [-104.938861, 37.389209000000044], [-104.925753, 37.39704800000001], [-104.88426, 37.385817000000024], [-104.838287, 37.39867500000003], [-104.834755, 37.39526500000002], [-104.826668, 37.39565100000001], [-104.803718, 37.402935000000035], [-104.787422, 37.40010700000001], [-104.771869, 37.406473000000034], [-104.748938, 37.407029000000044], [-104.749091, 37.413975], [-104.736799, 37.42494900000001], [-104.72679, 37.42653599999999], [-104.711355, 37.437476999999994], [-104.695075, 37.43991500000003], [-104.700739, 37.45018299999998], [-104.699931, 37.46983799999999], [-104.691764, 37.479031000000006], [-104.696111, 37.485424999999985], [-104.69184100000001, 37.48662400000003], [-104.689702, 37.494419000000015], [-104.649229, 37.49531999999999], [-104.627653, 37.51090200000001], [-104.620338, 37.53005299999995], [-104.548652, 37.57469999999996], [-104.548417, 37.609424], [-104.45493, 37.740839000000044], [-104.456723, 37.74787999999997], [-104.351109, 37.81748799999998], [-104.05929, 37.73417200000002], [-104.058196, 37.644049000000024], [-103.075938, 37.64341999999998], [-103.074663, 37.381753999999994], [-103.082537, 37.381613000000016], [-103.086102011771, 37.000173863231325], [-104.33883300000001, 36.99353499999998], [-105.029228, 36.992729000000026], [-105.155042271642, 36.99533914636009], [-105.154176, 37.29312899999997]]]}}, {"id": "1647", "type": "Feature", "properties": {"name": "Montrose"}, "geometry": {"type": "Polygon", "coordinates": [[[-109.059962, 38.499987000000026], [-108.379136, 38.499987000000026], [-108.378698, 38.66809700000001], [-107.500655, 38.66855299999999], [-107.50002, 38.30192599999996], [-107.63504, 38.301896000000006], [-107.63649700000002, 38.31615399999998], [-107.630962, 38.32567899999998], [-107.635697, 38.332148000000025], [-108.13238, 38.33157299999999], [-108.131748, 38.32075599999997], [-108.123683, 38.320928], [-108.123269, 38.31363499999999], [-108.104819, 38.313717999999966], [-108.104161, 38.284179000000016], [-108.08635, 38.28433399999997], [-108.086604, 38.255202], [-108.011531, 38.255261000000004], [-108.011531, 38.248202999999975], [-107.984084, 38.24838599999999], [-107.984184, 38.233935999999964], [-107.96541900000001, 38.234014999999985], [-107.965408, 38.22650900000002], [-107.947142, 38.22647699999999], [-107.94702, 38.218947], [-107.937588, 38.21899200000001], [-107.938145, 38.17393599999997], [-107.947744, 38.173766999999984], [-107.94696300000001, 38.15249100000002], [-109.041836576111, 38.15303209035392], [-109.060062, 38.27548900000002], [-109.059962, 38.499987000000026]]]}}, {"id": "1649", "type": "Feature", "properties": {"name": "Conejos"}, "geometry": {"type": "Polygon", "coordinates": [[[-106.678373, 37.403596], [-106.48797, 37.40158500000001], [-106.487968, 37.39935000000002], [-106.039331, 37.40085199999998], [-106.038912, 37.356953000000026], [-105.743339, 37.356798], [-105.753278, 37.34411399999999], [-105.75059, 37.33360100000001], [-105.745849, 37.32386099999998], [-105.738935, 37.32068700000001], [-105.742474, 37.31589400000004], [-105.737126, 37.313274000000014], [-105.738409, 37.306759999999976], [-105.734563, 37.30269899999996], [-105.729165, 37.30487100000002], [-105.720098, 37.285846000000014], [-105.72810200000002, 37.28507000000003], [-105.723532, 37.27533099999999], [-105.737653, 37.265546000000015], [-105.737579, 37.257667000000026], [-105.746219, 37.248904999999986], [-105.740778, 37.23620400000001], [-105.746693, 37.230367], [-105.745765, 37.218131], [-105.735977, 37.199315], [-105.738992, 37.191486], [-105.729818, 37.18067599999997], [-105.73791, 37.16525399999999], [-105.73140400000001, 37.15624900000004], [-105.748834, 37.135000999999995], [-105.749781, 37.11464699999997], [-105.74076400000001, 37.10198800000005], [-105.770357, 37.06440300000001], [-105.764206, 37.05572000000001], [-105.77139100000001, 37.045725000000004], [-105.760961, 37.02614700000001], [-105.749714, 37.026667999999994], [-105.746017, 37.01418499999999], [-105.724705, 37.013126999999976], [-105.7267, 37.00685900000001], [-105.718469674138, 36.995845920037524], [-106.476275022521, 36.993839343649384], [-106.489062, 37.015080000000054], [-106.589178, 37.14018799999997], [-106.597384, 37.19497400000001], [-106.678354, 37.228566], [-106.678373, 37.403596]]]}}, {"id": "1657", "type": "Feature", "properties": {"name": "Kiowa"}, "geometry": {"type": "Polygon", "coordinates": [[[-103.506985, 38.34225599999998], [-103.504674, 38.52366399999998], [-103.172878, 38.52531500000001], [-103.172943, 38.61244999999996], [-102.045287815606, 38.61516844155947], [-102.044567368215, 38.2687491172007], [-102.834481, 38.266461], [-103.501764, 38.26501599999998], [-103.501747, 38.342295000000014], [-103.506985, 38.34225599999998]]]}}, {"id": "1658", "type": "Feature", "properties": {"name": "Logan"}, "geometry": {"type": "Polygon", "coordinates": [[[-103.581844, 40.52338299999998], [-103.580371, 40.702022999999976], [-103.574301, 40.70205899999999], [-103.573773995352, 41.001720165379204], [-102.653463, 41.00233199999998], [-102.65088, 40.70534], [-102.664689, 40.705189], [-102.664804, 40.438472999999995], [-103.465377, 40.436346], [-103.4672, 40.52325299999995], [-103.581844, 40.52338299999998]]]}}, {"id": "1673", "type": "Feature", "properties": {"name": "Adams"}, "geometry": {"type": "Polygon", "coordinates": [[[-105.053246, 39.79106300000006], [-105.052892, 39.914223999999976], [-105.034347, 39.91418100000001], [-105.03440000000002, 39.92137100000002], [-105.01546900000001, 39.92130900000002], [-105.015657, 39.94313100000003], [-104.997025, 39.943239000000005], [-104.99705600000001, 39.946771999999996], [-105.006265, 39.94680500000003], [-105.006298, 39.950438999999996], [-105.016835, 39.95311699999998], [-105.015845, 39.98119299999995], [-104.997423, 39.98121299999995], [-104.997118, 39.968528], [-104.988159, 39.96846599999999], [-104.988108, 39.97217499999995], [-104.99708, 39.973954], [-104.98778400000002, 39.975746000000065], [-104.98094400000001, 40.000325000000004], [-103.705701, 40.001365999999976], [-103.706547, 39.73989399999999], [-104.39458600000002, 39.73804000000003], [-104.884646, 39.74015599999999], [-104.879901, 39.754652], [-104.84694, 39.75468699999994], [-104.856338, 39.75812700000004], [-104.856394, 39.768581], [-104.832972, 39.766391000000034], [-104.828163, 39.77237399999999], [-104.781577, 39.772795], [-104.78156000000001, 39.776483000000006], [-104.77215700000002, 39.776409000000015], [-104.772166, 39.77150000000001], [-104.764574, 39.76918799999999], [-104.734749, 39.769210999999984], [-104.734399, 39.798442], [-104.762606, 39.798433], [-104.762462, 39.823443000000005], [-104.66606200000001, 39.82279100000004], [-104.666182, 39.81307499999997], [-104.65544500000001, 39.81299900000001], [-104.65539, 39.822605000000046], [-104.619799, 39.82241700000004], [-104.619152, 39.87322000000002], [-104.605261, 39.873114000000015], [-104.605154, 39.88134599999999], [-104.59981, 39.88130700000001], [-104.599581, 39.89903800000003], [-104.630945, 39.89929099999997], [-104.630939, 39.90664500000001], [-104.67966400000002, 39.90700799999998], [-104.67958200000001, 39.91401599999999], [-104.69205400000001, 39.91417799999999], [-104.692139, 39.906851000000024], [-104.70318500000002, 39.90692599999996], [-104.703311, 39.89594899999997], [-104.73039, 39.89613099999997], [-104.730962, 39.84524799999999], [-104.790859, 39.841801999999994], [-104.790895, 39.79825099999997], [-104.866041, 39.798386000000015], [-104.866074, 39.812847000000005], [-104.884405, 39.812815000000015], [-104.884474, 39.79832200000003], [-104.903561, 39.79839100000001], [-104.903439, 39.783887999999976], [-104.927002, 39.783778000000034], [-104.927034, 39.791054000000045], [-104.939882, 39.79099400000003], [-104.94047600000002, 39.794601], [-104.968861, 39.791041000000014], [-104.968716, 39.798396000000004], [-104.97595, 39.791038], [-105.020542, 39.79108699999999], [-105.021843, 39.794461], [-105.025262, 39.79110599999999], [-105.053246, 39.79106300000006]]]}}, {"id": "1674", "type": "Feature", "properties": {"name": "Rio Grande"}, "geometry": {"type": "Polygon", "coordinates": [[[-106.711624, 37.66427300000001], [-106.695638, 37.66427099999997], [-106.693845, 37.83524399999998], [-106.587139, 37.83442599999999], [-106.586374, 37.74780900000001], [-106.038413, 37.74835300000002], [-106.039331, 37.40085199999998], [-106.487968, 37.39935000000002], [-106.48797, 37.40158500000001], [-106.710775, 37.40422800000001], [-106.711624, 37.66427300000001]]]}}, {"id": "1675", "type": "Feature", "properties": {"name": "Washington"}, "geometry": {"type": "Polygon", "coordinates": [[[-103.707072, 39.566295], [-103.705701, 40.001365999999976], [-103.471991, 40.00152900000003], [-103.470982, 40.34975899999997], [-103.464625, 40.34992000000002], [-103.465377, 40.436346], [-102.77996, 40.43844599999997], [-102.78018, 40.35114400000002], [-102.793582, 40.35128099999999], [-102.793305, 40.00249300000003], [-102.803767, 40.002554], [-102.800417, 39.830830999999996], [-102.802932, 39.567840999999994], [-103.154376, 39.565653999999974], [-103.707072, 39.566295]]]}}, {"id": "1676", "type": "Feature", "properties": {"name": "Cheyenne"}, "geometry": {"type": "Polygon", "coordinates": [[[-103.172474, 38.690057000000024], [-103.164159, 38.690132999999975], [-103.163025, 39.03761000000003], [-102.715766, 39.038675000000005], [-102.046571, 39.047038000000015], [-102.045287815606, 38.61516844155947], [-103.172943, 38.61244999999996], [-103.172474, 38.690057000000024]]]}}, {"id": "1684", "type": "Feature", "properties": {"name": "Mineral"}, "geometry": {"type": "Polygon", "coordinates": [[[-107.145138, 37.675497], [-107.138191, 37.93884800000003], [-107.129627, 37.93783800000002], [-107.110669, 37.943344], [-107.10253200000001, 37.955187000000016], [-107.092144, 37.949169999999974], [-107.072001, 37.955362000000015], [-107.06778000000001, 37.96129899999999], [-107.06141500000001, 37.959748], [-107.056384, 37.95225699999999], [-107.044716, 37.949323], [-107.025506, 37.95450100000001], [-107.008973, 37.94652200000003], [-107.005624, 37.95672099999999], [-106.989807, 37.961032000000024], [-106.98736800000002, 37.96917900000001], [-106.97792200000002, 37.969087999999964], [-106.968289, 37.97477699999996], [-106.944464, 37.95372499999994], [-106.92031200000001, 37.967430999999976], [-106.905199, 37.96390099999998], [-106.897834, 37.96789100000001], [-106.889603, 37.96187100000001], [-106.879167, 37.96111000000001], [-106.87988, 37.94986099999999], [-106.84727, 37.919170000000015], [-106.801026, 37.913698999999994], [-106.778537, 37.894862], [-106.773066, 37.88557499999999], [-106.755823, 37.88062400000005], [-106.736666, 37.88788100000003], [-106.718664, 37.872849], [-106.70154, 37.876354000000056], [-106.693523, 37.87351900000002], [-106.695638, 37.66427099999997], [-106.711624, 37.66427300000001], [-106.710767, 37.39623799999999], [-107.12873700000002, 37.39240899999995], [-107.123868, 37.67502899999998], [-107.145138, 37.675497]]]}}, {"id": "1894", "type": "Feature", "properties": {"name": "El Paso"}, "geometry": {"type": "Polygon", "coordinates": [[[-105.07218400000001, 38.799382000000044], [-105.066441, 38.86917699999995], [-105.028633, 38.86873000000002], [-105.027139, 39.02895399999999], [-105.033473, 39.129782999999996], [-104.051568, 39.12813800000001], [-104.05426, 38.52239199999999], [-104.941533, 38.51956899999994], [-104.939869, 38.79654299999998], [-105.07218400000001, 38.799382000000044]]]}}, {"id": "1895", "type": "Feature", "properties": {"name": "Otero"}, "geometry": {"type": "Polygon", "coordinates": [[[-104.061891, 37.822714999999995], [-104.058242, 38.146491999999995], [-104.050406, 38.14654900000001], [-104.047045, 38.14138899999999], [-104.02719, 38.14048899999999], [-104.010227, 38.14573699999997], [-104.002561, 38.14276999999998], [-103.994696, 38.14665400000002], [-103.97499100000002, 38.14033600000002], [-103.974378, 38.132118999999996], [-103.95127, 38.13020399999997], [-103.933989, 38.12441699999997], [-103.923399, 38.130424], [-103.914396, 38.12475999999996], [-103.91098, 38.12656300000003], [-103.912507, 38.13434600000001], [-103.906194, 38.134859999999996], [-103.898512, 38.13113200000004], [-103.900662, 38.12540900000002], [-103.878001, 38.12464899999999], [-103.866262, 38.128760000000035], [-103.846211, 38.123404999999984], [-103.83561600000002, 38.11334000000001], [-103.82448, 38.11303899999998], [-103.81191, 38.11784499999999], [-103.803033, 38.11253299999997], [-103.61917200000002, 38.11335500000002], [-103.619283, 38.171455000000016], [-103.509364, 38.17251400000006], [-103.51006, 38.26516900000002], [-103.399938, 38.26543500000001], [-103.398108, 37.960627000000045], [-103.404339, 37.643576000000024], [-104.058196, 37.644049000000024], [-104.061891, 37.822714999999995]]]}}, {"id": "1896", "type": "Feature", "properties": {"name": "Lincoln"}, "geometry": {"type": "Polygon", "coordinates": [[[-104.055528, 38.868867999999964], [-103.719664, 38.86682700000001], [-103.721913, 39.08497199999999], [-103.72115200000002, 39.12830700000005], [-103.715254, 39.128246], [-103.71435500000001, 39.56633099999999], [-103.154376, 39.565653999999974], [-103.155253, 39.12798399999995], [-103.163072, 39.12799100000003], [-103.164159, 38.690132999999975], [-103.172474, 38.690057000000024], [-103.172878, 38.52531500000001], [-103.504674, 38.52366399999998], [-103.504666, 38.51640899999999], [-103.612983, 38.51787900000001], [-103.61299, 38.522547999999965], [-104.05426, 38.52239199999999], [-104.051942, 38.694346999999965], [-104.055528, 38.868867999999964]]]}}, {"id": "2028", "type": "Feature", "properties": {"name": "Morgan"}, "geometry": {"type": "Polygon", "coordinates": [[[-104.150332, 40.00085600000002], [-104.147714, 40.52438899999999], [-103.4672, 40.52325299999995], [-103.464625, 40.34992000000002], [-103.470982, 40.34975899999997], [-103.471991, 40.00152900000003], [-104.150332, 40.00085600000002]]]}}, {"id": "2029", "type": "Feature", "properties": {"name": "Teller"}, "geometry": {"type": "Polygon", "coordinates": [[[-105.330382, 39.12947400000001], [-105.033473, 39.129782999999996], [-105.027139, 39.02895399999999], [-105.028633, 38.86873000000002], [-105.066441, 38.86917699999995], [-105.07218400000001, 38.799382000000044], [-104.939869, 38.79654299999998], [-104.942205, 38.65013300000002], [-105.013197, 38.65272900000001], [-105.091363, 38.64775399999998], [-105.239927, 38.64746400000002], [-105.237043, 38.69726700000001], [-105.328962, 38.697558000000015], [-105.330382, 39.12947400000001]]]}}, {"id": "2285", "type": "Feature", "properties": {"name": "Moffat"}, "geometry": {"type": "Polygon", "coordinates": [[[-109.050968717402, 40.22264700202016], [-109.050076, 41.00065900000001], [-108.250649, 41.00011400000003], [-107.317793899405, 41.00296721216748], [-107.314153, 40.60028100000002], [-107.371487, 40.600302000000035], [-107.371328, 40.54239899999999], [-107.428813, 40.54220699999999], [-107.432068, 40.33487900000004], [-107.442594, 40.33475500000001], [-107.439372, 40.220453999999975], [-107.653941, 40.224275], [-108.216503, 40.221761999999984], [-109.050968717402, 40.22264700202016]]]}}, {"id": "2286", "type": "Feature", "properties": {"name": "Phillips"}, "geometry": {"type": "Polygon", "coordinates": [[[-102.664804, 40.438472999999995], [-102.664689, 40.705189], [-102.65088, 40.70534], [-102.65131000000001, 40.74940199999999], [-102.051292, 40.74959100000002], [-102.051465, 40.440008000000034], [-102.664804, 40.438472999999995]]]}}, {"id": "2287", "type": "Feature", "properties": {"name": "Rio Blanco"}, "geometry": {"type": "Polygon", "coordinates": [[[-109.051040251034, 39.66047064935183], [-109.050968717402, 40.22264700202016], [-108.216503, 40.221761999999984], [-107.653941, 40.224275], [-107.495618, 40.21999099999999], [-107.439372, 40.220453999999975], [-107.439386, 40.223379000000016], [-107.03792300000002, 40.22476600000002], [-107.037363, 40.091538000000035], [-107.316993, 40.09076499999998], [-107.31875100000002, 39.91496799999994], [-107.43166500000001, 39.917725000000026], [-107.43177, 39.82837699999998], [-107.694229, 39.830107000000055], [-107.787206, 39.82504700000003], [-107.938502, 39.824995999999956], [-107.938546, 39.69446399999999], [-108.554722, 39.69364000000002], [-108.55462700000001, 39.650164000000004], [-108.895728, 39.65033699999998], [-108.895704, 39.66048700000002], [-109.051040251034, 39.66047064935183]]]}}, {"id": "2323", "type": "Feature", "properties": {"name": "Archuleta"}, "geometry": {"type": "Polygon", "coordinates": [[[-107.481736999155, 37.00000458031426], [-107.482131, 37.42267300000004], [-107.12868, 37.422942], [-107.12873700000002, 37.39240899999995], [-106.710767, 37.39623799999999], [-106.710775, 37.40422800000001], [-106.678373, 37.403596], [-106.678354, 37.228566], [-106.597384, 37.19497400000001], [-106.589178, 37.14018799999997], [-106.489062, 37.015080000000054], [-106.476275022521, 36.993839343649384], [-106.86979600000001, 36.99242599999997], [-106.877292, 37.00013899999997], [-107.481736999155, 37.00000458031426]]]}}, {"id": "2360", "type": "Feature", "properties": {"name": "Pitkin"}, "geometry": {"type": "Polygon", "coordinates": [[[-107.465187, 39.31451500000002], [-107.462527, 39.32722399999998], [-107.450819, 39.33003400000007], [-107.436762, 39.346386000000024], [-107.430514, 39.348221999999964], [-107.430949, 39.366178], [-106.426487, 39.361871], [-106.435104, 39.34727499999997], [-106.426947, 39.323354999999985], [-106.43208500000001, 39.31669800000003], [-106.450652, 39.31669800000001], [-106.454219, 39.31225899999994], [-106.466127, 39.31130300000006], [-106.468272, 39.30731499999999], [-106.476224, 39.31474800000001], [-106.485121, 39.31256600000002], [-106.50269, 39.29806699999997], [-106.504031, 39.28476100000002], [-106.489829, 39.273140000000026], [-106.483292, 39.27266899999998], [-106.48106, 39.25988800000002], [-106.497349, 39.24272700000004], [-106.49874, 39.23493100000002], [-106.489749, 39.22771800000006], [-106.493649, 39.19832600000002], [-106.499607, 39.18384799999999], [-106.51, 39.17465299999999], [-106.511077, 39.16353200000001], [-106.52116, 39.15732999999998], [-106.534516, 39.16312600000003], [-106.53852600000002, 39.15789399999997], [-106.551677, 39.161465000000035], [-106.561265, 39.15567699999998], [-106.55867900000001, 39.143847], [-106.564574, 39.13242199999999], [-106.558171, 39.12022300000001], [-106.564986, 39.11400699999996], [-106.563989, 39.10604099999996], [-106.580311, 39.10216400000003], [-106.586157, 39.09405000000002], [-106.584916, 39.08483000000001], [-106.577076, 39.079437000000006], [-106.577551, 39.05321], [-106.58424500000001, 39.047187], [-106.59723300000002, 39.04482100000003], [-106.599516, 39.033788], [-106.591692, 39.024922999999966], [-106.594455, 39.00418499999999], [-106.599214, 38.997994], [-106.613502, 38.996317999999995], [-106.630041, 39.01220999999997], [-106.637887, 39.014704], [-106.638334, 39.01922299999997], [-106.648392, 39.022152000000006], [-106.64684600000001, 39.03328499999997], [-106.655492, 39.04441999999998], [-106.664098, 39.041854000000036], [-106.67405400000001, 39.04581100000001], [-106.68531400000002, 39.04538300000004], [-106.692996, 39.055064999999985], [-106.703045, 39.055917000000036], [-106.71031500000001, 39.04757300000005], [-106.740695, 39.04590600000003], [-106.749247, 39.04226099999998], [-106.745287, 39.02681799999996], [-106.761426, 39.01948500000003], [-106.768594, 39.00816899999998], [-106.782514, 38.99927000000002], [-106.783989, 38.986915999999994], [-106.800246, 38.98217599999999], [-106.801874, 38.978302999999975], [-106.81693, 38.981383000000015], [-106.82724800000001, 38.977719999999984], [-106.846898, 38.98700699999996], [-106.86168700000002, 39.00943899999997], [-106.87809, 39.00590899999998], [-106.878041, 38.994275], [-106.884353, 38.99040600000002], [-106.908196, 38.992579000000006], [-106.910073, 38.999991000000016], [-106.917875, 38.999184000000014], [-106.935065, 39.00607799999995], [-106.95098000000002, 39.01659999999998], [-106.964695, 39.017545000000055], [-106.964307, 39.029580999999986], [-106.996145, 39.03417500000002], [-107.001622, 39.042272999999994], [-106.989756, 39.05197999999998], [-106.988972, 39.07071199999997], [-106.996958, 39.06934800000002], [-107.012486, 39.08438000000001], [-107.03633, 39.09492800000002], [-107.06632, 39.11880500000002], [-107.28249, 39.118717999999966], [-107.296281, 39.154333], [-107.307638, 39.15713399999997], [-107.318741, 39.16531299999999], [-107.353427, 39.17304199999999], [-107.359857, 39.18490599999999], [-107.377213, 39.199648999999994], [-107.379236, 39.23133999999998], [-107.371521, 39.23924600000004], [-107.394486, 39.256298999999956], [-107.391465, 39.263881], [-107.379175, 39.26910100000001], [-107.378376, 39.27480399999995], [-107.394216, 39.279814], [-107.398513, 39.29510999999998], [-107.412972, 39.29200199999999], [-107.437479, 39.29956400000004], [-107.4388, 39.30901900000001], [-107.449655, 39.304559], [-107.456456, 39.30692699999999], [-107.465187, 39.31451500000002]]]}}, {"id": "2361", "type": "Feature", "properties": {"name": "Broomfield"}, "geometry": {"type": "MultiPolygon", "coordinates": [[[[-105.10917800000001, 39.95656600000001], [-105.09996, 39.95897899999998], [-105.09102500000002, 39.95778499999999], [-105.10917800000001, 39.95656600000001]]], [[[-105.165689, 39.910503000000006], [-105.147143, 39.91388900000002], [-105.147041, 39.92893800000004], [-105.13760400000001, 39.92893100000002], [-105.137578, 39.939711999999965], [-105.128165, 39.93961800000004], [-105.128002, 39.95417300000001], [-105.121258, 39.95238900000002], [-105.109517, 39.95699600000001], [-105.12083700000001, 39.95129299999999], [-105.109333, 39.950640000000014], [-105.109353, 39.94333599999999], [-105.118557, 39.94321300000004], [-105.118657, 39.93296500000005], [-105.109414, 39.92547500000003], [-105.113419, 39.93186], [-105.109236, 39.936134999999965], [-105.09085300000001, 39.93605100000003], [-105.09107200000001, 39.943281000000034], [-105.07663700000002, 39.943329], [-105.072002, 39.95767000000002], [-105.088613, 39.95802999999998], [-105.088031, 39.95975299999998], [-105.08002300000001, 39.961451999999966], [-105.06806500000002, 39.970931999999976], [-105.052797, 39.97767400000007], [-105.052823, 40.00025999999996], [-105.007906, 40.00048299999999], [-105.007995, 40.00758100000005], [-104.98964700000002, 40.00767900000005], [-104.989614, 40.01488999999998], [-104.999065, 40.01488699999997], [-104.999007, 40.025776], [-104.986543, 40.02579899999999], [-104.9865, 40.02930899999997], [-104.980048, 40.02941100000002], [-104.980041, 40.040316000000026], [-104.979242, 40.043757999999976], [-104.961157, 40.044144000000024], [-104.96140500000001, 40.00033700000003], [-104.98094400000001, 40.000325000000004], [-104.98778400000002, 39.975746000000065], [-104.99708, 39.973954], [-104.988108, 39.97217499999995], [-104.988159, 39.96846599999999], [-104.997118, 39.968528], [-104.997423, 39.98121299999995], [-105.015845, 39.98119299999995], [-105.016835, 39.95311699999998], [-105.006298, 39.950438999999996], [-105.006265, 39.94680500000003], [-104.99705600000001, 39.946771999999996], [-104.997025, 39.943239000000005], [-105.015657, 39.94313100000003], [-105.01546900000001, 39.92130900000002], [-105.03440000000002, 39.92137100000002], [-105.034347, 39.91418100000001], [-105.062384, 39.91398700000003], [-105.062392, 39.907025000000004], [-105.071775, 39.90701799999999], [-105.071688, 39.89983200000001], [-105.084285, 39.89895699999999], [-105.096692, 39.89978800000001], [-105.108609, 39.914136999999954], [-105.147121, 39.913889999999995], [-105.147396, 39.90009400000002], [-105.12867800000001, 39.89998500000002], [-105.12889500000001, 39.890353], [-105.136308, 39.89201999999997], [-105.134852, 39.88929200000002], [-105.165557, 39.890988], [-105.165689, 39.910503000000006]], [[-105.082566, 39.95927699999995], [-105.052889, 39.95782599999999], [-105.057709, 39.974669000000034], [-105.082566, 39.95927699999995]], [[-104.979917, 40.029486], [-104.973074, 40.02951199999997], [-104.97305, 40.03303700000003], [-104.979911, 40.03305300000007], [-104.979917, 40.029486]]]]}}, {"id": "2616", "type": "Feature", "properties": {"name": "Elbert"}, "geometry": {"type": "Polygon", "coordinates": [[[-104.662483, 39.12952900000001], [-104.66016, 39.56590900000001], [-104.427452, 39.56360100000001], [-103.71435500000001, 39.56633099999999], [-103.715254, 39.128246], [-103.72115200000002, 39.12830700000005], [-103.721913, 39.08497199999999], [-103.719664, 38.86682700000001], [-104.055528, 38.868867999999964], [-104.051568, 39.12813800000001], [-104.662483, 39.12952900000001]]]}}, {"id": "2617", "type": "Feature", "properties": {"name": "Alamosa"}, "geometry": {"type": "Polygon", "coordinates": [[[-106.038912, 37.356953000000026], [-106.038413, 37.74835300000002], [-105.457255, 37.75146400000002], [-105.452727, 37.74127600000003], [-105.454245, 37.72395099999996], [-105.463926, 37.713801000000004], [-105.477732, 37.70688899999999], [-105.481374, 37.69375500000004], [-105.477242, 37.66619900000001], [-105.486976, 37.65348299999999], [-105.491513, 37.625003000000014], [-105.498602, 37.61413699999998], [-105.493273, 37.60091899999996], [-105.501755, 37.59757099999998], [-105.485516, 37.577899], [-105.49606, 37.57006000000005], [-105.49631, 37.563852000000004], [-105.743339, 37.356798], [-106.038912, 37.356953000000026]]]}}, {"id": "2691", "type": "Feature", "properties": {"name": "Gilpin"}, "geometry": {"type": "Polygon", "coordinates": [[[-105.696125, 39.86151599999999], [-105.699719, 39.891499000000024], [-105.691176, 39.89721499999999], [-105.675798, 39.93244499999998], [-105.455651, 39.93228600000002], [-105.440034, 39.938388], [-105.41911, 39.92881900000003], [-105.413971, 39.93440900000002], [-105.406039, 39.93174299999998], [-105.397971, 39.93486699999994], [-105.397949, 39.74603999999999], [-105.406587, 39.75147699999999], [-105.421397, 39.745856000000025], [-105.42259000000001, 39.755199999999974], [-105.427919, 39.75583499999997], [-105.450341, 39.752986000000014], [-105.478801, 39.759127000000014], [-105.493025, 39.75696200000001], [-105.497128, 39.757863999999984], [-105.494921, 39.76406999999998], [-105.517655, 39.764924], [-105.539452, 39.77233700000002], [-105.548184, 39.78177699999998], [-105.546717, 39.78796700000001], [-105.578481, 39.80544799999996], [-105.579796, 39.81278200000001], [-105.574361, 39.818884], [-105.57794600000001, 39.82249200000002], [-105.595636, 39.81611100000001], [-105.628949, 39.832740000000044], [-105.633283, 39.84370200000003], [-105.65978300000002, 39.850448000000014], [-105.667752, 39.847527], [-105.686681, 39.84958000000001], [-105.696125, 39.86151599999999]]]}}, {"id": "3063", "type": "Feature", "properties": {"name": "Crowley"}, "geometry": {"type": "Polygon", "coordinates": [[[-104.058402, 38.26084099999997], [-104.054725, 38.261864], [-104.053921, 38.52239299999999], [-103.61299, 38.522547999999965], [-103.612983, 38.51787900000001], [-103.504666, 38.51640899999999], [-103.506985, 38.34225599999998], [-103.501747, 38.342295000000014], [-103.501764, 38.26501599999998], [-103.51006, 38.26516900000002], [-103.509364, 38.17251400000006], [-103.619283, 38.171455000000016], [-103.61917200000002, 38.11335500000002], [-103.803033, 38.11253299999997], [-103.81191, 38.11784499999999], [-103.82448, 38.11303899999998], [-103.83561600000002, 38.11334000000001], [-103.846211, 38.123404999999984], [-103.866262, 38.128760000000035], [-103.878001, 38.12464899999999], [-103.900662, 38.12540900000002], [-103.898512, 38.13113200000004], [-103.906194, 38.134859999999996], [-103.912507, 38.13434600000001], [-103.91098, 38.12656300000003], [-103.914396, 38.12475999999996], [-103.923399, 38.130424], [-103.933989, 38.12441699999997], [-103.95127, 38.13020399999997], [-103.974378, 38.132118999999996], [-103.97499100000002, 38.14033600000002], [-103.994696, 38.14665400000002], [-104.002561, 38.14276999999998], [-104.010227, 38.14573699999997], [-104.022594, 38.140913999999945], [-104.047045, 38.14138899999999], [-104.050406, 38.14654900000001], [-104.058242, 38.146491999999995], [-104.058402, 38.26084099999997]]]}}, {"id": "3079", "type": "Feature", "properties": {"name": "Kit Carson"}, "geometry": {"type": "Polygon", "coordinates": [[[-103.163072, 39.12799100000003], [-103.155253, 39.12798399999995], [-103.153992, 39.56595900000001], [-102.612368, 39.568857], [-102.049806, 39.574057999999994], [-102.046571, 39.047038000000015], [-102.715766, 39.038675000000005], [-103.163025, 39.03761000000003], [-103.163072, 39.12799100000003]]]}}, {"id": "3211", "type": "Feature", "properties": {"name": "Garfield"}, "geometry": {"type": "Polygon", "coordinates": [[[-109.050765, 39.36667699999998], [-109.051040251034, 39.66047064935183], [-108.895704, 39.66048700000002], [-108.895728, 39.65033699999998], [-108.55462700000001, 39.650164000000004], [-108.554722, 39.69364000000002], [-107.938546, 39.69446399999999], [-107.938502, 39.824995999999956], [-107.787206, 39.82504700000003], [-107.694229, 39.830107000000055], [-107.43177, 39.82837699999998], [-107.43166500000001, 39.917725000000026], [-107.31875100000002, 39.91496799999994], [-107.316993, 40.09076499999998], [-107.037363, 40.091538000000035], [-107.037359, 40.003081], [-107.03205, 40.002938999999984], [-107.033968, 39.918912999999996], [-107.113672, 39.91911199999999], [-107.11344600000001, 39.366066000000025], [-108.160673, 39.36620300000004], [-109.050765, 39.36667699999998]]]}}]}