{"type": "FeatureCollection", "features": [{"type": "Feature", "properties": {"name": "Roaring Fork River", "source": "USGS NHD - Flowline Small Scale (1:100k), The National Map", "pulldate": "2026-07-29", "srcurl": "https://hydro.nationalmap.gov/arcgis/rest/services/nhd/MapServer/4", "caveat": "Named main-stem rivers and tributaries tied to project orgs/caucuses (Roaring Fork, Crystal, Fryingpan, Colorado rivers plus Snowmass/Capitol/Castle/Maroon/Woody/Brush/Cattle/West Divide creeks). Not exhaustive - hundreds of smaller unnamed/minor named streams in this area were left out to keep the map readable and the file small. Geometry generalized (maxAllowableOffset=300m) from NHDs small-scale flowline layer."}, "geometry": {"type": "LineString", "coordinates": [[-107.317846, 39.515037], [-107.323982, 39.518793], [-107.33071, 39.535422], [-107.329902, 39.549263]]}}, {"type": "Feature", "properties": {"name": "Roaring Fork River", "source": "USGS NHD - Flowline Small Scale (1:100k), The National Map", "pulldate": "2026-07-29", "srcurl": "https://hydro.nationalmap.gov/arcgis/rest/services/nhd/MapServer/4", "caveat": "Named main-stem rivers and tributaries tied to project orgs/caucuses (Roaring Fork, Crystal, Fryingpan, Colorado rivers plus Snowmass/Capitol/Castle/Maroon/Woody/Brush/Cattle/West Divide creeks). Not exhaustive - hundreds of smaller unnamed/minor named streams in this area were left out to keep the map readable and the file small. Geometry generalized (maxAllowableOffset=300m) from NHDs small-scale flowline layer."}, "geometry": {"type": "LineString", "coordinates": [[-107.305162, 39.503178], [-107.308809, 39.511253], [-107.317846, 39.515037]]}}, {"type": "Feature", "properties": {"name": "Roaring Fork River", "source": "USGS NHD - Flowline Small Scale (1:100k), The National Map", "pulldate": "2026-07-29", "srcurl": "https://hydro.nationalmap.gov/arcgis/rest/services/nhd/MapServer/4", "caveat": "Named main-stem rivers and tributaries tied to project orgs/caucuses (Roaring Fork, Crystal, Fryingpan, Colorado rivers plus Snowmass/Capitol/Castle/Maroon/Woody/Brush/Cattle/West Divide creeks). Not exhaustive - hundreds of smaller unnamed/minor named streams in this area were left out to keep the map readable and the file small. Geometry generalized (maxAllowableOffset=300m) from NHDs small-scale flowline layer."}, "geometry": {"type": "LineString", "coordinates": [[-107.305719, 39.499886], [-107.305953, 39.500004]]}}, {"type": "Feature", "properties": {"name": "Roaring Fork River", "source": "USGS NHD - Flowline Small Scale (1:100k), The National Map", "pulldate": "2026-07-29", "srcurl": "https://hydro.nationalmap.gov/arcgis/rest/services/nhd/MapServer/4", "caveat": "Named main-stem rivers and tributaries tied to project orgs/caucuses (Roaring Fork, Crystal, Fryingpan, Colorado rivers plus Snowmass/Capitol/Castle/Maroon/Woody/Brush/Cattle/West Divide creeks). Not exhaustive - hundreds of smaller unnamed/minor named streams in this area were left out to keep the map readable and the file small. Geometry generalized (maxAllowableOffset=300m) from NHDs small-scale flowline layer."}, "geometry": {"type": "LineString", "coordinates": [[-107.304318, 39.485584], [-107.305719, 39.499886]]}}, {"type": "Feature", "properties": {"name": "Roaring Fork River", "source": "USGS NHD - Flowline Small Scale (1:100k), The National Map", "pulldate": "2026-07-29", "srcurl": "https://hydro.nationalmap.gov/arcgis/rest/services/nhd/MapServer/4", "caveat": "Named main-stem rivers and tributaries tied to project orgs/caucuses (Roaring Fork, Crystal, Fryingpan, Colorado rivers plus Snowmass/Capitol/Castle/Maroon/Woody/Brush/Cattle/West Divide creeks). Not exhaustive - hundreds of smaller unnamed/minor named streams in this area were left out to keep the map readable and the file small. Geometry generalized (maxAllowableOffset=300m) from NHDs small-scale flowline layer."}, "geometry": {"type": "LineString", "coordinates": [[-107.305953, 39.500004], [-107.305162, 39.503178]]}}, {"type": "Feature", "properties": {"name": "Roaring Fork River", "source": "USGS NHD - Flowline Small Scale (1:100k), The National Map", "pulldate": "2026-07-29", "srcurl": "https://hydro.nationalmap.gov/arcgis/rest/services/nhd/MapServer/4", "caveat": "Named main-stem rivers and tributaries tied to project orgs/caucuses (Roaring Fork, Crystal, Fryingpan, Colorado rivers plus Snowmass/Capitol/Castle/Maroon/Woody/Brush/Cattle/West Divide creeks). Not exhaustive - hundreds of smaller unnamed/minor named streams in this area were left out to keep the map readable and the file small. Geometry generalized (maxAllowableOffset=300m) from NHDs small-scale flowline layer."}, "geometry": {"type": "LineString", "coordinates": [[-107.271314, 39.462917], [-107.277233, 39.475337], [-107.291894, 39.482312], [-107.30271, 39.481702], [-107.304318, 39.485584]]}}, {"type": "Feature", "properties": {"name": "Roaring Fork River", "source": "USGS NHD - Flowline Small Scale (1:100k), The National Map", "pulldate": "2026-07-29", "srcurl": "https://hydro.nationalmap.gov/arcgis/rest/services/nhd/MapServer/4", "caveat": "Named main-stem rivers and tributaries tied to project orgs/caucuses (Roaring Fork, Crystal, Fryingpan, Colorado rivers plus Snowmass/Capitol/Castle/Maroon/Woody/Brush/Cattle/West Divide creeks). Not exhaustive - hundreds of smaller unnamed/minor named streams in this area were left out to keep the map readable and the file small. Geometry generalized (maxAllowableOffset=300m) from NHDs small-scale flowline layer."}, "geometry": {"type": "LineString", "coordinates": [[-107.236513, 39.419301], [-107.241813, 39.424269]]}}, {"type": "Feature", "properties": {"name": "Roaring Fork River", "source": "USGS NHD - Flowline Small Scale (1:100k), The National Map", "pulldate": "2026-07-29", "srcurl": "https://hydro.nationalmap.gov/arcgis/rest/services/nhd/MapServer/4", "caveat": "Named main-stem rivers and tributaries tied to project orgs/caucuses (Roaring Fork, Crystal, Fryingpan, Colorado rivers plus Snowmass/Capitol/Castle/Maroon/Woody/Brush/Cattle/West Divide creeks). Not exhaustive - hundreds of smaller unnamed/minor named streams in this area were left out to keep the map readable and the file small. Geometry generalized (maxAllowableOffset=300m) from NHDs small-scale flowline layer."}, "geometry": {"type": "LineString", "coordinates": [[-107.236459, 39.419287], [-107.236513, 39.419301]]}}, {"type": "Feature", "properties": {"name": "Roaring Fork River", "source": "USGS NHD - Flowline Small Scale (1:100k), The National Map", "pulldate": "2026-07-29", "srcurl": "https://hydro.nationalmap.gov/arcgis/rest/services/nhd/MapServer/4", "caveat": "Named main-stem rivers and tributaries tied to project orgs/caucuses (Roaring Fork, Crystal, Fryingpan, Colorado rivers plus Snowmass/Capitol/Castle/Maroon/Woody/Brush/Cattle/West Divide creeks). Not exhaustive - hundreds of smaller unnamed/minor named streams in this area were left out to keep the map readable and the file small. Geometry generalized (maxAllowableOffset=300m) from NHDs small-scale flowline layer."}, "geometry": {"type": "LineString", "coordinates": [[-107.241813, 39.424269], [-107.247077, 39.422083], [-107.254255, 39.42785], [-107.25535, 39.436939], [-107.265079, 39.442094], [-107.261513, 39.447824], [-107.269211, 39.453671], [-107.271314, 39.462917]]}}, {"type": "Feature", "properties": {"name": "Roaring Fork River", "source": "USGS NHD - Flowline Small Scale (1:100k), The National Map", "pulldate": "2026-07-29", "srcurl": "https://hydro.nationalmap.gov/arcgis/rest/services/nhd/MapServer/4", "caveat": "Named main-stem rivers and tributaries tied to project orgs/caucuses (Roaring Fork, Crystal, Fryingpan, Colorado rivers plus Snowmass/Capitol/Castle/Maroon/Woody/Brush/Cattle/West Divide creeks). Not exhaustive - hundreds of smaller unnamed/minor named streams in this area were left out to keep the map readable and the file small. Geometry generalized (maxAllowableOffset=300m) from NHDs small-scale flowline layer."}, "geometry": {"type": "LineString", "coordinates": [[-107.236162, 39.418607], [-107.236459, 39.419287]]}}, {"type": "Feature", "properties": {"name": "Roaring Fork River", "source": "USGS NHD - Flowline Small Scale (1:100k), The National Map", "pulldate": "2026-07-29", "srcurl": "https://hydro.nationalmap.gov/arcgis/rest/services/nhd/MapServer/4", "caveat": "Named main-stem rivers and tributaries tied to project orgs/caucuses (Roaring Fork, Crystal, Fryingpan, Colorado rivers plus Snowmass/Capitol/Castle/Maroon/Woody/Brush/Cattle/West Divide creeks). Not exhaustive - hundreds of smaller unnamed/minor named streams in this area were left out to keep the map readable and the file small. Geometry generalized (maxAllowableOffset=300m) from NHDs small-scale flowline layer."}, "geometry": {"type": "LineString", "coordinates": [[-107.205368, 39.415178], [-107.225661, 39.415026], [-107.236162, 39.418607]]}}, {"type": "Feature", "properties": {"name": "Roaring Fork River", "source": "USGS NHD - Flowline Small Scale (1:100k), The National Map", "pulldate": "2026-07-29", "srcurl": "https://hydro.nationalmap.gov/arcgis/rest/services/nhd/MapServer/4", "caveat": "Named main-stem rivers and tributaries tied to project orgs/caucuses (Roaring Fork, Crystal, Fryingpan, Colorado rivers plus Snowmass/Capitol/Castle/Maroon/Woody/Brush/Cattle/West Divide creeks). Not exhaustive - hundreds of smaller unnamed/minor named streams in this area were left out to keep the map readable and the file small. Geometry generalized (maxAllowableOffset=300m) from NHDs small-scale flowline layer."}, "geometry": {"type": "LineString", "coordinates": [[-107.180081, 39.405309], [-107.195074, 39.41141], [-107.200913, 39.410625], [-107.205368, 39.415178]]}}, {"type": "Feature", "properties": {"name": "Roaring Fork River", "source": "USGS NHD - Flowline Small Scale (1:100k), The National Map", "pulldate": "2026-07-29", "srcurl": "https://hydro.nationalmap.gov/arcgis/rest/services/nhd/MapServer/4", "caveat": "Named main-stem rivers and tributaries tied to project orgs/caucuses (Roaring Fork, Crystal, Fryingpan, Colorado rivers plus Snowmass/Capitol/Castle/Maroon/Woody/Brush/Cattle/West Divide creeks). Not exhaustive - hundreds of smaller unnamed/minor named streams in this area were left out to keep the map readable and the file small. Geometry generalized (maxAllowableOffset=300m) from NHDs small-scale flowline layer."}, "geometry": {"type": "LineString", "coordinates": [[-107.172831, 39.405059], [-107.180081, 39.405309]]}}, {"type": "Feature", "properties": {"name": "Roaring Fork River", "source": "USGS NHD - Flowline Small Scale (1:100k), The National Map", "pulldate": "2026-07-29", "srcurl": "https://hydro.nationalmap.gov/arcgis/rest/services/nhd/MapServer/4", "caveat": "Named main-stem rivers and tributaries tied to project orgs/caucuses (Roaring Fork, Crystal, Fryingpan, Colorado rivers plus Snowmass/Capitol/Castle/Maroon/Woody/Brush/Cattle/West Divide creeks). Not exhaustive - hundreds of smaller unnamed/minor named streams in this area were left out to keep the map readable and the file small. Geometry generalized (maxAllowableOffset=300m) from NHDs small-scale flowline layer."}, "geometry": {"type": "LineString", "coordinates": [[-107.113965, 39.396222], [-107.121753, 39.398236]]}}, {"type": "Feature", "properties": {"name": "Roaring Fork River", "source": "USGS NHD - Flowline Small Scale (1:100k), The National Map", "pulldate": "2026-07-29", "srcurl": "https://hydro.nationalmap.gov/arcgis/rest/services/nhd/MapServer/4", "caveat": "Named main-stem rivers and tributaries tied to project orgs/caucuses (Roaring Fork, Crystal, Fryingpan, Colorado rivers plus Snowmass/Capitol/Castle/Maroon/Woody/Brush/Cattle/West Divide creeks). Not exhaustive - hundreds of smaller unnamed/minor named streams in this area were left out to keep the map readable and the file small. Geometry generalized (maxAllowableOffset=300m) from NHDs small-scale flowline layer."}, "geometry": {"type": "LineString", "coordinates": [[-107.066336, 39.368317], [-107.079954, 39.370727], [-107.094067, 39.382719], [-107.09607, 39.388579], [-107.113965, 39.396222]]}}, {"type": "Feature", "properties": {"name": "Roaring Fork River", "source": "USGS NHD - Flowline Small Scale (1:100k), The National Map", "pulldate": "2026-07-29", "srcurl": "https://hydro.nationalmap.gov/arcgis/rest/services/nhd/MapServer/4", "caveat": "Named main-stem rivers and tributaries tied to project orgs/caucuses (Roaring Fork, Crystal, Fryingpan, Colorado rivers plus Snowmass/Capitol/Castle/Maroon/Woody/Brush/Cattle/West Divide creeks). Not exhaustive - hundreds of smaller unnamed/minor named streams in this area were left out to keep the map readable and the file small. Geometry generalized (maxAllowableOffset=300m) from NHDs small-scale flowline layer."}, "geometry": {"type": "LineString", "coordinates": [[-107.045908, 39.368505], [-107.060856, 39.366053], [-107.066336, 39.368317]]}}, {"type": "Feature", "properties": {"name": "Roaring Fork River", "source": "USGS NHD - Flowline Small Scale (1:100k), The National Map", "pulldate": "2026-07-29", "srcurl": "https://hydro.nationalmap.gov/arcgis/rest/services/nhd/MapServer/4", "caveat": "Named main-stem rivers and tributaries tied to project orgs/caucuses (Roaring Fork, Crystal, Fryingpan, Colorado rivers plus Snowmass/Capitol/Castle/Maroon/Woody/Brush/Cattle/West Divide creeks). Not exhaustive - hundreds of smaller unnamed/minor named streams in this area were left out to keep the map readable and the file small. Geometry generalized (maxAllowableOffset=300m) from NHDs small-scale flowline layer."}, "geometry": {"type": "LineString", "coordinates": [[-107.034482, 39.366518], [-107.045908, 39.368505]]}}, {"type": "Feature", "properties": {"name": "Roaring Fork River", "source": "USGS NHD - Flowline Small Scale (1:100k), The National Map", "pulldate": "2026-07-29", "srcurl": "https://hydro.nationalmap.gov/arcgis/rest/services/nhd/MapServer/4", "caveat": "Named main-stem rivers and tributaries tied to project orgs/caucuses (Roaring Fork, Crystal, Fryingpan, Colorado rivers plus Snowmass/Capitol/Castle/Maroon/Woody/Brush/Cattle/West Divide creeks). Not exhaustive - hundreds of smaller unnamed/minor named streams in this area were left out to keep the map readable and the file small. Geometry generalized (maxAllowableOffset=300m) from NHDs small-scale flowline layer."}, "geometry": {"type": "LineString", "coordinates": [[-107.000615, 39.342408], [-107.000615, 39.342874]]}}, {"type": "Feature", "properties": {"name": "Roaring Fork River", "source": "USGS NHD - Flowline Small Scale (1:100k), The National Map", "pulldate": "2026-07-29", "srcurl": "https://hydro.nationalmap.gov/arcgis/rest/services/nhd/MapServer/4", "caveat": "Named main-stem rivers and tributaries tied to project orgs/caucuses (Roaring Fork, Crystal, Fryingpan, Colorado rivers plus Snowmass/Capitol/Castle/Maroon/Woody/Brush/Cattle/West Divide creeks). Not exhaustive - hundreds of smaller unnamed/minor named streams in this area were left out to keep the map readable and the file small. Geometry generalized (maxAllowableOffset=300m) from NHDs small-scale flowline layer."}, "geometry": {"type": "LineString", "coordinates": [[-106.993869, 39.336878], [-107.000615, 39.342408]]}}, {"type": "Feature", "properties": {"name": "Roaring Fork River", "source": "USGS NHD - Flowline Small Scale (1:100k), The National Map", "pulldate": "2026-07-29", "srcurl": "https://hydro.nationalmap.gov/arcgis/rest/services/nhd/MapServer/4", "caveat": "Named main-stem rivers and tributaries tied to project orgs/caucuses (Roaring Fork, Crystal, Fryingpan, Colorado rivers plus Snowmass/Capitol/Castle/Maroon/Woody/Brush/Cattle/West Divide creeks). Not exhaustive - hundreds of smaller unnamed/minor named streams in this area were left out to keep the map readable and the file small. Geometry generalized (maxAllowableOffset=300m) from NHDs small-scale flowline layer."}, "geometry": {"type": "LineString", "coordinates": [[-107.000615, 39.342874], [-107.008431, 39.343068], [-107.034482, 39.366518]]}}, {"type": "Feature", "properties": {"name": "Roaring Fork River", "source": "USGS NHD - Flowline Small Scale (1:100k), The National Map", "pulldate": "2026-07-29", "srcurl": "https://hydro.nationalmap.gov/arcgis/rest/services/nhd/MapServer/4", "caveat": "Named main-stem rivers and tributaries tied to project orgs/caucuses (Roaring Fork, Crystal, Fryingpan, Colorado rivers plus Snowmass/Capitol/Castle/Maroon/Woody/Brush/Cattle/West Divide creeks). Not exhaustive - hundreds of smaller unnamed/minor named streams in this area were left out to keep the map readable and the file small. Geometry generalized (maxAllowableOffset=300m) from NHDs small-scale flowline layer."}, "geometry": {"type": "LineString", "coordinates": [[-106.986467, 39.331806], [-106.993869, 39.336878]]}}, {"type": "Feature", "properties": {"name": "Roaring Fork River", "source": "USGS NHD - Flowline Small Scale (1:100k), The National Map", "pulldate": "2026-07-29", "srcurl": "https://hydro.nationalmap.gov/arcgis/rest/services/nhd/MapServer/4", "caveat": "Named main-stem rivers and tributaries tied to project orgs/caucuses (Roaring Fork, Crystal, Fryingpan, Colorado rivers plus Snowmass/Capitol/Castle/Maroon/Woody/Brush/Cattle/West Divide creeks). Not exhaustive - hundreds of smaller unnamed/minor named streams in this area were left out to keep the map readable and the file small. Geometry generalized (maxAllowableOffset=300m) from NHDs small-scale flowline layer."}, "geometry": {"type": "LineString", "coordinates": [[-106.980691, 39.330875], [-106.986467, 39.331806]]}}, {"type": "Feature", "properties": {"name": "Roaring Fork River", "source": "USGS NHD - Flowline Small Scale (1:100k), The National Map", "pulldate": "2026-07-29", "srcurl": "https://hydro.nationalmap.gov/arcgis/rest/services/nhd/MapServer/4", "caveat": "Named main-stem rivers and tributaries tied to project orgs/caucuses (Roaring Fork, Crystal, Fryingpan, Colorado rivers plus Snowmass/Capitol/Castle/Maroon/Woody/Brush/Cattle/West Divide creeks). Not exhaustive - hundreds of smaller unnamed/minor named streams in this area were left out to keep the map readable and the file small. Geometry generalized (maxAllowableOffset=300m) from NHDs small-scale flowline layer."}, "geometry": {"type": "LineString", "coordinates": [[-106.943473, 39.319645], [-106.952286, 39.327123], [-106.980691, 39.330875]]}}, {"type": "Feature", "properties": {"name": "Roaring Fork River", "source": "USGS NHD - Flowline Small Scale (1:100k), The National Map", "pulldate": "2026-07-29", "srcurl": "https://hydro.nationalmap.gov/arcgis/rest/services/nhd/MapServer/4", "caveat": "Named main-stem rivers and tributaries tied to project orgs/caucuses (Roaring Fork, Crystal, Fryingpan, Colorado rivers plus Snowmass/Capitol/Castle/Maroon/Woody/Brush/Cattle/West Divide creeks). Not exhaustive - hundreds of smaller unnamed/minor named streams in this area were left out to keep the map readable and the file small. Geometry generalized (maxAllowableOffset=300m) from NHDs small-scale flowline layer."}, "geometry": {"type": "LineString", "coordinates": [[-106.925489, 39.298515], [-106.931472, 39.303361]]}}, {"type": "Feature", "properties": {"name": "Roaring Fork River", "source": "USGS NHD - Flowline Small Scale (1:100k), The National Map", "pulldate": "2026-07-29", "srcurl": "https://hydro.nationalmap.gov/arcgis/rest/services/nhd/MapServer/4", "caveat": "Named main-stem rivers and tributaries tied to project orgs/caucuses (Roaring Fork, Crystal, Fryingpan, Colorado rivers plus Snowmass/Capitol/Castle/Maroon/Woody/Brush/Cattle/West Divide creeks). Not exhaustive - hundreds of smaller unnamed/minor named streams in this area were left out to keep the map readable and the file small. Geometry generalized (maxAllowableOffset=300m) from NHDs small-scale flowline layer."}, "geometry": {"type": "LineString", "coordinates": [[-106.931472, 39.303361], [-106.943473, 39.319645]]}}, {"type": "Feature", "properties": {"name": "Roaring Fork River", "source": "USGS NHD - Flowline Small Scale (1:100k), The National Map", "pulldate": "2026-07-29", "srcurl": "https://hydro.nationalmap.gov/arcgis/rest/services/nhd/MapServer/4", "caveat": "Named main-stem rivers and tributaries tied to project orgs/caucuses (Roaring Fork, Crystal, Fryingpan, Colorado rivers plus Snowmass/Capitol/Castle/Maroon/Woody/Brush/Cattle/West Divide creeks). Not exhaustive - hundreds of smaller unnamed/minor named streams in this area were left out to keep the map readable and the file small. Geometry generalized (maxAllowableOffset=300m) from NHDs small-scale flowline layer."}, "geometry": {"type": "LineString", "coordinates": [[-106.91126, 39.291932], [-106.925489, 39.298515]]}}, {"type": "Feature", "properties": {"name": "Roaring Fork River", "source": "USGS NHD - Flowline Small Scale (1:100k), The National Map", "pulldate": "2026-07-29", "srcurl": "https://hydro.nationalmap.gov/arcgis/rest/services/nhd/MapServer/4", "caveat": "Named main-stem rivers and tributaries tied to project orgs/caucuses (Roaring Fork, Crystal, Fryingpan, Colorado rivers plus Snowmass/Capitol/Castle/Maroon/Woody/Brush/Cattle/West Divide creeks). Not exhaustive - hundreds of smaller unnamed/minor named streams in this area were left out to keep the map readable and the file small. Geometry generalized (maxAllowableOffset=300m) from NHDs small-scale flowline layer."}, "geometry": {"type": "LineString", "coordinates": [[-106.891497, 39.27683], [-106.908538, 39.289262]]}}, {"type": "Feature", "properties": {"name": "Roaring Fork River", "source": "USGS NHD - Flowline Small Scale (1:100k), The National Map", "pulldate": "2026-07-29", "srcurl": "https://hydro.nationalmap.gov/arcgis/rest/services/nhd/MapServer/4", "caveat": "Named main-stem rivers and tributaries tied to project orgs/caucuses (Roaring Fork, Crystal, Fryingpan, Colorado rivers plus Snowmass/Capitol/Castle/Maroon/Woody/Brush/Cattle/West Divide creeks). Not exhaustive - hundreds of smaller unnamed/minor named streams in this area were left out to keep the map readable and the file small. Geometry generalized (maxAllowableOffset=300m) from NHDs small-scale flowline layer."}, "geometry": {"type": "LineString", "coordinates": [[-106.908538, 39.289262], [-106.91126, 39.291932]]}}, {"type": "Feature", "properties": {"name": "Roaring Fork River", "source": "USGS NHD - Flowline Small Scale (1:100k), The National Map", "pulldate": "2026-07-29", "srcurl": "https://hydro.nationalmap.gov/arcgis/rest/services/nhd/MapServer/4", "caveat": "Named main-stem rivers and tributaries tied to project orgs/caucuses (Roaring Fork, Crystal, Fryingpan, Colorado rivers plus Snowmass/Capitol/Castle/Maroon/Woody/Brush/Cattle/West Divide creeks). Not exhaustive - hundreds of smaller unnamed/minor named streams in this area were left out to keep the map readable and the file small. Geometry generalized (maxAllowableOffset=300m) from NHDs small-scale flowline layer."}, "geometry": {"type": "LineString", "coordinates": [[-106.88484, 39.260792], [-106.891497, 39.27683]]}}, {"type": "Feature", "properties": {"name": "Roaring Fork River", "source": "USGS NHD - Flowline Small Scale (1:100k), The National Map", "pulldate": "2026-07-29", "srcurl": "https://hydro.nationalmap.gov/arcgis/rest/services/nhd/MapServer/4", "caveat": "Named main-stem rivers and tributaries tied to project orgs/caucuses (Roaring Fork, Crystal, Fryingpan, Colorado rivers plus Snowmass/Capitol/Castle/Maroon/Woody/Brush/Cattle/West Divide creeks). Not exhaustive - hundreds of smaller unnamed/minor named streams in this area were left out to keep the map readable and the file small. Geometry generalized (maxAllowableOffset=300m) from NHDs small-scale flowline layer."}, "geometry": {"type": "LineString", "coordinates": [[-106.880753, 39.254755], [-106.88484, 39.260792]]}}, {"type": "Feature", "properties": {"name": "Roaring Fork River", "source": "USGS NHD - Flowline Small Scale (1:100k), The National Map", "pulldate": "2026-07-29", "srcurl": "https://hydro.nationalmap.gov/arcgis/rest/services/nhd/MapServer/4", "caveat": "Named main-stem rivers and tributaries tied to project orgs/caucuses (Roaring Fork, Crystal, Fryingpan, Colorado rivers plus Snowmass/Capitol/Castle/Maroon/Woody/Brush/Cattle/West Divide creeks). Not exhaustive - hundreds of smaller unnamed/minor named streams in this area were left out to keep the map readable and the file small. Geometry generalized (maxAllowableOffset=300m) from NHDs small-scale flowline layer."}, "geometry": {"type": "LineString", "coordinates": [[-106.87044, 39.235714], [-106.881651, 39.246762], [-106.880753, 39.254755]]}}, {"type": "Feature", "properties": {"name": "Roaring Fork River", "source": "USGS NHD - Flowline Small Scale (1:100k), The National Map", "pulldate": "2026-07-29", "srcurl": "https://hydro.nationalmap.gov/arcgis/rest/services/nhd/MapServer/4", "caveat": "Named main-stem rivers and tributaries tied to project orgs/caucuses (Roaring Fork, Crystal, Fryingpan, Colorado rivers plus Snowmass/Capitol/Castle/Maroon/Woody/Brush/Cattle/West Divide creeks). Not exhaustive - hundreds of smaller unnamed/minor named streams in this area were left out to keep the map readable and the file small. Geometry generalized (maxAllowableOffset=300m) from NHDs small-scale flowline layer."}, "geometry": {"type": "LineString", "coordinates": [[-106.849698, 39.214732], [-106.87044, 39.235714]]}}, {"type": "Feature", "properties": {"name": "Roaring Fork River", "source": "USGS NHD - Flowline Small Scale (1:100k), The National Map", "pulldate": "2026-07-29", "srcurl": "https://hydro.nationalmap.gov/arcgis/rest/services/nhd/MapServer/4", "caveat": "Named main-stem rivers and tributaries tied to project orgs/caucuses (Roaring Fork, Crystal, Fryingpan, Colorado rivers plus Snowmass/Capitol/Castle/Maroon/Woody/Brush/Cattle/West Divide creeks). Not exhaustive - hundreds of smaller unnamed/minor named streams in this area were left out to keep the map readable and the file small. Geometry generalized (maxAllowableOffset=300m) from NHDs small-scale flowline layer."}, "geometry": {"type": "LineString", "coordinates": [[-106.832612, 39.204709], [-106.842763, 39.213904], [-106.849698, 39.214732]]}}, {"type": "Feature", "properties": {"name": "Roaring Fork River", "source": "USGS NHD - Flowline Small Scale (1:100k), The National Map", "pulldate": "2026-07-29", "srcurl": "https://hydro.nationalmap.gov/arcgis/rest/services/nhd/MapServer/4", "caveat": "Named main-stem rivers and tributaries tied to project orgs/caucuses (Roaring Fork, Crystal, Fryingpan, Colorado rivers plus Snowmass/Capitol/Castle/Maroon/Woody/Brush/Cattle/West Divide creeks). Not exhaustive - hundreds of smaller unnamed/minor named streams in this area were left out to keep the map readable and the file small. Geometry generalized (maxAllowableOffset=300m) from NHDs small-scale flowline layer."}, "geometry": {"type": "LineString", "coordinates": [[-106.820916, 39.196829], [-106.832612, 39.204709]]}}, {"type": "Feature", "properties": {"name": "Roaring Fork River", "source": "USGS NHD - Flowline Small Scale (1:100k), The National Map", "pulldate": "2026-07-29", "srcurl": "https://hydro.nationalmap.gov/arcgis/rest/services/nhd/MapServer/4", "caveat": "Named main-stem rivers and tributaries tied to project orgs/caucuses (Roaring Fork, Crystal, Fryingpan, Colorado rivers plus Snowmass/Capitol/Castle/Maroon/Woody/Brush/Cattle/West Divide creeks). Not exhaustive - hundreds of smaller unnamed/minor named streams in this area were left out to keep the map readable and the file small. Geometry generalized (maxAllowableOffset=300m) from NHDs small-scale flowline layer."}, "geometry": {"type": "LineString", "coordinates": [[-106.803049, 39.181059], [-106.810873, 39.182069], [-106.811277, 39.188565], [-106.820916, 39.196829]]}}, {"type": "Feature", "properties": {"name": "Roaring Fork River", "source": "USGS NHD - Flowline Small Scale (1:100k), The National Map", "pulldate": "2026-07-29", "srcurl": "https://hydro.nationalmap.gov/arcgis/rest/services/nhd/MapServer/4", "caveat": "Named main-stem rivers and tributaries tied to project orgs/caucuses (Roaring Fork, Crystal, Fryingpan, Colorado rivers plus Snowmass/Capitol/Castle/Maroon/Woody/Brush/Cattle/West Divide creeks). Not exhaustive - hundreds of smaller unnamed/minor named streams in this area were left out to keep the map readable and the file small. Geometry generalized (maxAllowableOffset=300m) from NHDs small-scale flowline layer."}, "geometry": {"type": "LineString", "coordinates": [[-106.790257, 39.161712], [-106.794578, 39.164352], [-106.789781, 39.165717], [-106.790508, 39.168628], [-106.803049, 39.181059]]}}, {"type": "Feature", "properties": {"name": "Roaring Fork River", "source": "USGS NHD - Flowline Small Scale (1:100k), The National Map", "pulldate": "2026-07-29", "srcurl": "https://hydro.nationalmap.gov/arcgis/rest/services/nhd/MapServer/4", "caveat": "Named main-stem rivers and tributaries tied to project orgs/caucuses (Roaring Fork, Crystal, Fryingpan, Colorado rivers plus Snowmass/Capitol/Castle/Maroon/Woody/Brush/Cattle/West Divide creeks). Not exhaustive - hundreds of smaller unnamed/minor named streams in this area were left out to keep the map readable and the file small. Geometry generalized (maxAllowableOffset=300m) from NHDs small-scale flowline layer."}, "geometry": {"type": "LineString", "coordinates": [[-106.785801, 39.151459], [-106.785936, 39.158508], [-106.790257, 39.161712]]}}, {"type": "Feature", "properties": {"name": "Roaring Fork River", "source": "USGS NHD - Flowline Small Scale (1:100k), The National Map", "pulldate": "2026-07-29", "srcurl": "https://hydro.nationalmap.gov/arcgis/rest/services/nhd/MapServer/4", "caveat": "Named main-stem rivers and tributaries tied to project orgs/caucuses (Roaring Fork, Crystal, Fryingpan, Colorado rivers plus Snowmass/Capitol/Castle/Maroon/Woody/Brush/Cattle/West Divide creeks). Not exhaustive - hundreds of smaller unnamed/minor named streams in this area were left out to keep the map readable and the file small. Geometry generalized (maxAllowableOffset=300m) from NHDs small-scale flowline layer."}, "geometry": {"type": "LineString", "coordinates": [[-106.780456, 39.145621], [-106.785801, 39.151459]]}}, {"type": "Feature", "properties": {"name": "Roaring Fork River", "source": "USGS NHD - Flowline Small Scale (1:100k), The National Map", "pulldate": "2026-07-29", "srcurl": "https://hydro.nationalmap.gov/arcgis/rest/services/nhd/MapServer/4", "caveat": "Named main-stem rivers and tributaries tied to project orgs/caucuses (Roaring Fork, Crystal, Fryingpan, Colorado rivers plus Snowmass/Capitol/Castle/Maroon/Woody/Brush/Cattle/West Divide creeks). Not exhaustive - hundreds of smaller unnamed/minor named streams in this area were left out to keep the map readable and the file small. Geometry generalized (maxAllowableOffset=300m) from NHDs small-scale flowline layer."}, "geometry": {"type": "LineString", "coordinates": [[-106.772237, 39.13857], [-106.780456, 39.145621]]}}, {"type": "Feature", "properties": {"name": "Roaring Fork River", "source": "USGS NHD - Flowline Small Scale (1:100k), The National Map", "pulldate": "2026-07-29", "srcurl": "https://hydro.nationalmap.gov/arcgis/rest/services/nhd/MapServer/4", "caveat": "Named main-stem rivers and tributaries tied to project orgs/caucuses (Roaring Fork, Crystal, Fryingpan, Colorado rivers plus Snowmass/Capitol/Castle/Maroon/Woody/Brush/Cattle/West Divide creeks). Not exhaustive - hundreds of smaller unnamed/minor named streams in this area were left out to keep the map readable and the file small. Geometry generalized (maxAllowableOffset=300m) from NHDs small-scale flowline layer."}, "geometry": {"type": "LineString", "coordinates": [[-106.721742, 39.119462], [-106.747721, 39.125958], [-106.772237, 39.13857]]}}, {"type": "Feature", "properties": {"name": "Roaring Fork River", "source": "USGS NHD - Flowline Small Scale (1:100k), The National Map", "pulldate": "2026-07-29", "srcurl": "https://hydro.nationalmap.gov/arcgis/rest/services/nhd/MapServer/4", "caveat": "Named main-stem rivers and tributaries tied to project orgs/caucuses (Roaring Fork, Crystal, Fryingpan, Colorado rivers plus Snowmass/Capitol/Castle/Maroon/Woody/Brush/Cattle/West Divide creeks). Not exhaustive - hundreds of smaller unnamed/minor named streams in this area were left out to keep the map readable and the file small. Geometry generalized (maxAllowableOffset=300m) from NHDs small-scale flowline layer."}, "geometry": {"type": "LineString", "coordinates": [[-106.696976, 39.117971], [-106.721742, 39.119462]]}}, {"type": "Feature", "properties": {"name": "Roaring Fork River", "source": "USGS NHD - Flowline Small Scale (1:100k), The National Map", "pulldate": "2026-07-29", "srcurl": "https://hydro.nationalmap.gov/arcgis/rest/services/nhd/MapServer/4", "caveat": "Named main-stem rivers and tributaries tied to project orgs/caucuses (Roaring Fork, Crystal, Fryingpan, Colorado rivers plus Snowmass/Capitol/Castle/Maroon/Woody/Brush/Cattle/West Divide creeks). Not exhaustive - hundreds of smaller unnamed/minor named streams in this area were left out to keep the map readable and the file small. Geometry generalized (maxAllowableOffset=300m) from NHDs small-scale flowline layer."}, "geometry": {"type": "LineString", "coordinates": [[-106.682648, 39.123079], [-106.696976, 39.117971]]}}, {"type": "Feature", "properties": {"name": "Roaring Fork River", "source": "USGS NHD - Flowline Small Scale (1:100k), The National Map", "pulldate": "2026-07-29", "srcurl": "https://hydro.nationalmap.gov/arcgis/rest/services/nhd/MapServer/4", "caveat": "Named main-stem rivers and tributaries tied to project orgs/caucuses (Roaring Fork, Crystal, Fryingpan, Colorado rivers plus Snowmass/Capitol/Castle/Maroon/Woody/Brush/Cattle/West Divide creeks). Not exhaustive - hundreds of smaller unnamed/minor named streams in this area were left out to keep the map readable and the file small. Geometry generalized (maxAllowableOffset=300m) from NHDs small-scale flowline layer."}, "geometry": {"type": "LineString", "coordinates": [[-106.650596, 39.125769], [-106.682648, 39.123079]]}}, {"type": "Feature", "properties": {"name": "Roaring Fork River", "source": "USGS NHD - Flowline Small Scale (1:100k), The National Map", "pulldate": "2026-07-29", "srcurl": "https://hydro.nationalmap.gov/arcgis/rest/services/nhd/MapServer/4", "caveat": "Named main-stem rivers and tributaries tied to project orgs/caucuses (Roaring Fork, Crystal, Fryingpan, Colorado rivers plus Snowmass/Capitol/Castle/Maroon/Woody/Brush/Cattle/West Divide creeks). Not exhaustive - hundreds of smaller unnamed/minor named streams in this area were left out to keep the map readable and the file small. Geometry generalized (maxAllowableOffset=300m) from NHDs small-scale flowline layer."}, "geometry": {"type": "LineString", "coordinates": [[-106.627886, 39.122292], [-106.650596, 39.125769]]}}, {"type": "Feature", "properties": {"name": "Roaring Fork River", "source": "USGS NHD - Flowline Small Scale (1:100k), The National Map", "pulldate": "2026-07-29", "srcurl": "https://hydro.nationalmap.gov/arcgis/rest/services/nhd/MapServer/4", "caveat": "Named main-stem rivers and tributaries tied to project orgs/caucuses (Roaring Fork, Crystal, Fryingpan, Colorado rivers plus Snowmass/Capitol/Castle/Maroon/Woody/Brush/Cattle/West Divide creeks). Not exhaustive - hundreds of smaller unnamed/minor named streams in this area were left out to keep the map readable and the file small. Geometry generalized (maxAllowableOffset=300m) from NHDs small-scale flowline layer."}, "geometry": {"type": "LineString", "coordinates": [[-106.58209, 39.12586], [-106.577338, 39.113684], [-106.599688, 39.105404], [-106.617843, 39.109893], [-106.627886, 39.122292]]}}, {"type": "Feature", "properties": {"name": "Roaring Fork River", "source": "USGS NHD - Flowline Small Scale (1:100k), The National Map", "pulldate": "2026-07-29", "srcurl": "https://hydro.nationalmap.gov/arcgis/rest/services/nhd/MapServer/4", "caveat": "Named main-stem rivers and tributaries tied to project orgs/caucuses (Roaring Fork, Crystal, Fryingpan, Colorado rivers plus Snowmass/Capitol/Castle/Maroon/Woody/Brush/Cattle/West Divide creeks). Not exhaustive - hundreds of smaller unnamed/minor named streams in this area were left out to keep the map readable and the file small. Geometry generalized (maxAllowableOffset=300m) from NHDs small-scale flowline layer."}, "geometry": {"type": "LineString", "coordinates": [[-106.569738, 39.142214], [-106.57944, 39.136382], [-106.58209, 39.12586]]}}, {"type": "Feature", "properties": {"name": "Roaring Fork River", "source": "USGS NHD - Flowline Small Scale (1:100k), The National Map", "pulldate": "2026-07-29", "srcurl": "https://hydro.nationalmap.gov/arcgis/rest/services/nhd/MapServer/4", "caveat": "Named main-stem rivers and tributaries tied to project orgs/caucuses (Roaring Fork, Crystal, Fryingpan, Colorado rivers plus Snowmass/Capitol/Castle/Maroon/Woody/Brush/Cattle/West Divide creeks). Not exhaustive - hundreds of smaller unnamed/minor named streams in this area were left out to keep the map readable and the file small. Geometry generalized (maxAllowableOffset=300m) from NHDs small-scale flowline layer."}, "geometry": {"type": "LineString", "coordinates": [[-106.566675, 39.144959], [-106.569738, 39.142214]]}}, {"type": "Feature", "properties": {"name": "Roaring Fork River", "source": "USGS NHD - Flowline Small Scale (1:100k), The National Map", "pulldate": "2026-07-29", "srcurl": "https://hydro.nationalmap.gov/arcgis/rest/services/nhd/MapServer/4", "caveat": "Named main-stem rivers and tributaries tied to project orgs/caucuses (Roaring Fork, Crystal, Fryingpan, Colorado rivers plus Snowmass/Capitol/Castle/Maroon/Woody/Brush/Cattle/West Divide creeks). Not exhaustive - hundreds of smaller unnamed/minor named streams in this area were left out to keep the map readable and the file small. Geometry generalized (maxAllowableOffset=300m) from NHDs small-scale flowline layer."}, "geometry": {"type": "LineString", "coordinates": [[-107.121753, 39.398236], [-107.137572, 39.403032]]}}, {"type": "Feature", "properties": {"name": "Roaring Fork River", "source": "USGS NHD - Flowline Small Scale (1:100k), The National Map", "pulldate": "2026-07-29", "srcurl": "https://hydro.nationalmap.gov/arcgis/rest/services/nhd/MapServer/4", "caveat": "Named main-stem rivers and tributaries tied to project orgs/caucuses (Roaring Fork, Crystal, Fryingpan, Colorado rivers plus Snowmass/Capitol/Castle/Maroon/Woody/Brush/Cattle/West Divide creeks). Not exhaustive - hundreds of smaller unnamed/minor named streams in this area were left out to keep the map readable and the file small. Geometry generalized (maxAllowableOffset=300m) from NHDs small-scale flowline layer."}, "geometry": {"type": "LineString", "coordinates": [[-107.137572, 39.403032], [-107.152269, 39.399464], [-107.172831, 39.405059]]}}, {"type": "Feature", "properties": {"name": "Crystal River", "source": "USGS NHD - Flowline Small Scale (1:100k), The National Map", "pulldate": "2026-07-29", "srcurl": "https://hydro.nationalmap.gov/arcgis/rest/services/nhd/MapServer/4", "caveat": "Named main-stem rivers and tributaries tied to project orgs/caucuses (Roaring Fork, Crystal, Fryingpan, Colorado rivers plus Snowmass/Capitol/Castle/Maroon/Woody/Brush/Cattle/West Divide creeks). Not exhaustive - hundreds of smaller unnamed/minor named streams in this area were left out to keep the map readable and the file small. Geometry generalized (maxAllowableOffset=300m) from NHDs small-scale flowline layer."}, "geometry": {"type": "LineString", "coordinates": [[-107.230045, 39.409071], [-107.236162, 39.418607]]}}, {"type": "Feature", "properties": {"name": "Crystal River", "source": "USGS NHD - Flowline Small Scale (1:100k), The National Map", "pulldate": "2026-07-29", "srcurl": "https://hydro.nationalmap.gov/arcgis/rest/services/nhd/MapServer/4", "caveat": "Named main-stem rivers and tributaries tied to project orgs/caucuses (Roaring Fork, Crystal, Fryingpan, Colorado rivers plus Snowmass/Capitol/Castle/Maroon/Woody/Brush/Cattle/West Divide creeks). Not exhaustive - hundreds of smaller unnamed/minor named streams in this area were left out to keep the map readable and the file small. Geometry generalized (maxAllowableOffset=300m) from NHDs small-scale flowline layer."}, "geometry": {"type": "LineString", "coordinates": [[-107.228706, 39.40088], [-107.230045, 39.409071]]}}, {"type": "Feature", "properties": {"name": "Crystal River", "source": "USGS NHD - Flowline Small Scale (1:100k), The National Map", "pulldate": "2026-07-29", "srcurl": "https://hydro.nationalmap.gov/arcgis/rest/services/nhd/MapServer/4", "caveat": "Named main-stem rivers and tributaries tied to project orgs/caucuses (Roaring Fork, Crystal, Fryingpan, Colorado rivers plus Snowmass/Capitol/Castle/Maroon/Woody/Brush/Cattle/West Divide creeks). Not exhaustive - hundreds of smaller unnamed/minor named streams in this area were left out to keep the map readable and the file small. Geometry generalized (maxAllowableOffset=300m) from NHDs small-scale flowline layer."}, "geometry": {"type": "LineString", "coordinates": [[-107.226047, 39.398617], [-107.228706, 39.40088]]}}, {"type": "Feature", "properties": {"name": "Crystal River", "source": "USGS NHD - Flowline Small Scale (1:100k), The National Map", "pulldate": "2026-07-29", "srcurl": "https://hydro.nationalmap.gov/arcgis/rest/services/nhd/MapServer/4", "caveat": "Named main-stem rivers and tributaries tied to project orgs/caucuses (Roaring Fork, Crystal, Fryingpan, Colorado rivers plus Snowmass/Capitol/Castle/Maroon/Woody/Brush/Cattle/West Divide creeks). Not exhaustive - hundreds of smaller unnamed/minor named streams in this area were left out to keep the map readable and the file small. Geometry generalized (maxAllowableOffset=300m) from NHDs small-scale flowline layer."}, "geometry": {"type": "LineString", "coordinates": [[-107.210282, 39.38717], [-107.226047, 39.398617]]}}, {"type": "Feature", "properties": {"name": "Crystal River", "source": "USGS NHD - Flowline Small Scale (1:100k), The National Map", "pulldate": "2026-07-29", "srcurl": "https://hydro.nationalmap.gov/arcgis/rest/services/nhd/MapServer/4", "caveat": "Named main-stem rivers and tributaries tied to project orgs/caucuses (Roaring Fork, Crystal, Fryingpan, Colorado rivers plus Snowmass/Capitol/Castle/Maroon/Woody/Brush/Cattle/West Divide creeks). Not exhaustive - hundreds of smaller unnamed/minor named streams in this area were left out to keep the map readable and the file small. Geometry generalized (maxAllowableOffset=300m) from NHDs small-scale flowline layer."}, "geometry": {"type": "LineString", "coordinates": [[-107.201874, 39.374984], [-107.210282, 39.38717]]}}, {"type": "Feature", "properties": {"name": "Crystal River", "source": "USGS NHD - Flowline Small Scale (1:100k), The National Map", "pulldate": "2026-07-29", "srcurl": "https://hydro.nationalmap.gov/arcgis/rest/services/nhd/MapServer/4", "caveat": "Named main-stem rivers and tributaries tied to project orgs/caucuses (Roaring Fork, Crystal, Fryingpan, Colorado rivers plus Snowmass/Capitol/Castle/Maroon/Woody/Brush/Cattle/West Divide creeks). Not exhaustive - hundreds of smaller unnamed/minor named streams in this area were left out to keep the map readable and the file small. Geometry generalized (maxAllowableOffset=300m) from NHDs small-scale flowline layer."}, "geometry": {"type": "LineString", "coordinates": [[-107.20597, 39.352606], [-107.201874, 39.374984]]}}, {"type": "Feature", "properties": {"name": "Crystal River", "source": "USGS NHD - Flowline Small Scale (1:100k), The National Map", "pulldate": "2026-07-29", "srcurl": "https://hydro.nationalmap.gov/arcgis/rest/services/nhd/MapServer/4", "caveat": "Named main-stem rivers and tributaries tied to project orgs/caucuses (Roaring Fork, Crystal, Fryingpan, Colorado rivers plus Snowmass/Capitol/Castle/Maroon/Woody/Brush/Cattle/West Divide creeks). Not exhaustive - hundreds of smaller unnamed/minor named streams in this area were left out to keep the map readable and the file small. Geometry generalized (maxAllowableOffset=300m) from NHDs small-scale flowline layer."}, "geometry": {"type": "LineString", "coordinates": [[-107.207479, 39.3343], [-107.208755, 39.343589]]}}, {"type": "Feature", "properties": {"name": "Crystal River", "source": "USGS NHD - Flowline Small Scale (1:100k), The National Map", "pulldate": "2026-07-29", "srcurl": "https://hydro.nationalmap.gov/arcgis/rest/services/nhd/MapServer/4", "caveat": "Named main-stem rivers and tributaries tied to project orgs/caucuses (Roaring Fork, Crystal, Fryingpan, Colorado rivers plus Snowmass/Capitol/Castle/Maroon/Woody/Brush/Cattle/West Divide creeks). Not exhaustive - hundreds of smaller unnamed/minor named streams in this area were left out to keep the map readable and the file small. Geometry generalized (maxAllowableOffset=300m) from NHDs small-scale flowline layer."}, "geometry": {"type": "LineString", "coordinates": [[-107.208755, 39.343589], [-107.20597, 39.352606]]}}, {"type": "Feature", "properties": {"name": "Crystal River", "source": "USGS NHD - Flowline Small Scale (1:100k), The National Map", "pulldate": "2026-07-29", "srcurl": "https://hydro.nationalmap.gov/arcgis/rest/services/nhd/MapServer/4", "caveat": "Named main-stem rivers and tributaries tied to project orgs/caucuses (Roaring Fork, Crystal, Fryingpan, Colorado rivers plus Snowmass/Capitol/Castle/Maroon/Woody/Brush/Cattle/West Divide creeks). Not exhaustive - hundreds of smaller unnamed/minor named streams in this area were left out to keep the map readable and the file small. Geometry generalized (maxAllowableOffset=300m) from NHDs small-scale flowline layer."}, "geometry": {"type": "LineString", "coordinates": [[-107.213534, 39.300782], [-107.207479, 39.3343]]}}, {"type": "Feature", "properties": {"name": "Crystal River", "source": "USGS NHD - Flowline Small Scale (1:100k), The National Map", "pulldate": "2026-07-29", "srcurl": "https://hydro.nationalmap.gov/arcgis/rest/services/nhd/MapServer/4", "caveat": "Named main-stem rivers and tributaries tied to project orgs/caucuses (Roaring Fork, Crystal, Fryingpan, Colorado rivers plus Snowmass/Capitol/Castle/Maroon/Woody/Brush/Cattle/West Divide creeks). Not exhaustive - hundreds of smaller unnamed/minor named streams in this area were left out to keep the map readable and the file small. Geometry generalized (maxAllowableOffset=300m) from NHDs small-scale flowline layer."}, "geometry": {"type": "LineString", "coordinates": [[-107.214468, 39.298105], [-107.213534, 39.300782]]}}, {"type": "Feature", "properties": {"name": "Crystal River", "source": "USGS NHD - Flowline Small Scale (1:100k), The National Map", "pulldate": "2026-07-29", "srcurl": "https://hydro.nationalmap.gov/arcgis/rest/services/nhd/MapServer/4", "caveat": "Named main-stem rivers and tributaries tied to project orgs/caucuses (Roaring Fork, Crystal, Fryingpan, Colorado rivers plus Snowmass/Capitol/Castle/Maroon/Woody/Brush/Cattle/West Divide creeks). Not exhaustive - hundreds of smaller unnamed/minor named streams in this area were left out to keep the map readable and the file small. Geometry generalized (maxAllowableOffset=300m) from NHDs small-scale flowline layer."}, "geometry": {"type": "LineString", "coordinates": [[-107.217082, 39.293593], [-107.214468, 39.298105]]}}, {"type": "Feature", "properties": {"name": "Crystal River", "source": "USGS NHD - Flowline Small Scale (1:100k), The National Map", "pulldate": "2026-07-29", "srcurl": "https://hydro.nationalmap.gov/arcgis/rest/services/nhd/MapServer/4", "caveat": "Named main-stem rivers and tributaries tied to project orgs/caucuses (Roaring Fork, Crystal, Fryingpan, Colorado rivers plus Snowmass/Capitol/Castle/Maroon/Woody/Brush/Cattle/West Divide creeks). Not exhaustive - hundreds of smaller unnamed/minor named streams in this area were left out to keep the map readable and the file small. Geometry generalized (maxAllowableOffset=300m) from NHDs small-scale flowline layer."}, "geometry": {"type": "LineString", "coordinates": [[-107.223685, 39.275376], [-107.217082, 39.293593]]}}, {"type": "Feature", "properties": {"name": "Crystal River", "source": "USGS NHD - Flowline Small Scale (1:100k), The National Map", "pulldate": "2026-07-29", "srcurl": "https://hydro.nationalmap.gov/arcgis/rest/services/nhd/MapServer/4", "caveat": "Named main-stem rivers and tributaries tied to project orgs/caucuses (Roaring Fork, Crystal, Fryingpan, Colorado rivers plus Snowmass/Capitol/Castle/Maroon/Woody/Brush/Cattle/West Divide creeks). Not exhaustive - hundreds of smaller unnamed/minor named streams in this area were left out to keep the map readable and the file small. Geometry generalized (maxAllowableOffset=300m) from NHDs small-scale flowline layer."}, "geometry": {"type": "LineString", "coordinates": [[-107.225473, 39.269611], [-107.223685, 39.275376]]}}, {"type": "Feature", "properties": {"name": "Crystal River", "source": "USGS NHD - Flowline Small Scale (1:100k), The National Map", "pulldate": "2026-07-29", "srcurl": "https://hydro.nationalmap.gov/arcgis/rest/services/nhd/MapServer/4", "caveat": "Named main-stem rivers and tributaries tied to project orgs/caucuses (Roaring Fork, Crystal, Fryingpan, Colorado rivers plus Snowmass/Capitol/Castle/Maroon/Woody/Brush/Cattle/West Divide creeks). Not exhaustive - hundreds of smaller unnamed/minor named streams in this area were left out to keep the map readable and the file small. Geometry generalized (maxAllowableOffset=300m) from NHDs small-scale flowline layer."}, "geometry": {"type": "LineString", "coordinates": [[-107.235525, 39.247604], [-107.225473, 39.269611]]}}, {"type": "Feature", "properties": {"name": "Crystal River", "source": "USGS NHD - Flowline Small Scale (1:100k), The National Map", "pulldate": "2026-07-29", "srcurl": "https://hydro.nationalmap.gov/arcgis/rest/services/nhd/MapServer/4", "caveat": "Named main-stem rivers and tributaries tied to project orgs/caucuses (Roaring Fork, Crystal, Fryingpan, Colorado rivers plus Snowmass/Capitol/Castle/Maroon/Woody/Brush/Cattle/West Divide creeks). Not exhaustive - hundreds of smaller unnamed/minor named streams in this area were left out to keep the map readable and the file small. Geometry generalized (maxAllowableOffset=300m) from NHDs small-scale flowline layer."}, "geometry": {"type": "LineString", "coordinates": [[-107.234465, 39.246672], [-107.235525, 39.247604]]}}, {"type": "Feature", "properties": {"name": "Crystal River", "source": "USGS NHD - Flowline Small Scale (1:100k), The National Map", "pulldate": "2026-07-29", "srcurl": "https://hydro.nationalmap.gov/arcgis/rest/services/nhd/MapServer/4", "caveat": "Named main-stem rivers and tributaries tied to project orgs/caucuses (Roaring Fork, Crystal, Fryingpan, Colorado rivers plus Snowmass/Capitol/Castle/Maroon/Woody/Brush/Cattle/West Divide creeks). Not exhaustive - hundreds of smaller unnamed/minor named streams in this area were left out to keep the map readable and the file small. Geometry generalized (maxAllowableOffset=300m) from NHDs small-scale flowline layer."}, "geometry": {"type": "LineString", "coordinates": [[-107.226191, 39.226042], [-107.234465, 39.246672]]}}, {"type": "Feature", "properties": {"name": "Crystal River", "source": "USGS NHD - Flowline Small Scale (1:100k), The National Map", "pulldate": "2026-07-29", "srcurl": "https://hydro.nationalmap.gov/arcgis/rest/services/nhd/MapServer/4", "caveat": "Named main-stem rivers and tributaries tied to project orgs/caucuses (Roaring Fork, Crystal, Fryingpan, Colorado rivers plus Snowmass/Capitol/Castle/Maroon/Woody/Brush/Cattle/West Divide creeks). Not exhaustive - hundreds of smaller unnamed/minor named streams in this area were left out to keep the map readable and the file small. Geometry generalized (maxAllowableOffset=300m) from NHDs small-scale flowline layer."}, "geometry": {"type": "LineString", "coordinates": [[-107.234105, 39.193021], [-107.230925, 39.209401], [-107.225293, 39.216619], [-107.226191, 39.226042]]}}, {"type": "Feature", "properties": {"name": "Crystal River", "source": "USGS NHD - Flowline Small Scale (1:100k), The National Map", "pulldate": "2026-07-29", "srcurl": "https://hydro.nationalmap.gov/arcgis/rest/services/nhd/MapServer/4", "caveat": "Named main-stem rivers and tributaries tied to project orgs/caucuses (Roaring Fork, Crystal, Fryingpan, Colorado rivers plus Snowmass/Capitol/Castle/Maroon/Woody/Brush/Cattle/West Divide creeks). Not exhaustive - hundreds of smaller unnamed/minor named streams in this area were left out to keep the map readable and the file small. Geometry generalized (maxAllowableOffset=300m) from NHDs small-scale flowline layer."}, "geometry": {"type": "LineString", "coordinates": [[-107.239145, 39.182765], [-107.234105, 39.193021]]}}, {"type": "Feature", "properties": {"name": "Crystal River", "source": "USGS NHD - Flowline Small Scale (1:100k), The National Map", "pulldate": "2026-07-29", "srcurl": "https://hydro.nationalmap.gov/arcgis/rest/services/nhd/MapServer/4", "caveat": "Named main-stem rivers and tributaries tied to project orgs/caucuses (Roaring Fork, Crystal, Fryingpan, Colorado rivers plus Snowmass/Capitol/Castle/Maroon/Woody/Brush/Cattle/West Divide creeks). Not exhaustive - hundreds of smaller unnamed/minor named streams in this area were left out to keep the map readable and the file small. Geometry generalized (maxAllowableOffset=300m) from NHDs small-scale flowline layer."}, "geometry": {"type": "LineString", "coordinates": [[-107.240789, 39.179861], [-107.239145, 39.182765]]}}, {"type": "Feature", "properties": {"name": "Crystal River", "source": "USGS NHD - Flowline Small Scale (1:100k), The National Map", "pulldate": "2026-07-29", "srcurl": "https://hydro.nationalmap.gov/arcgis/rest/services/nhd/MapServer/4", "caveat": "Named main-stem rivers and tributaries tied to project orgs/caucuses (Roaring Fork, Crystal, Fryingpan, Colorado rivers plus Snowmass/Capitol/Castle/Maroon/Woody/Brush/Cattle/West Divide creeks). Not exhaustive - hundreds of smaller unnamed/minor named streams in this area were left out to keep the map readable and the file small. Geometry generalized (maxAllowableOffset=300m) from NHDs small-scale flowline layer."}, "geometry": {"type": "LineString", "coordinates": [[-107.245667, 39.164986], [-107.240789, 39.179861]]}}, {"type": "Feature", "properties": {"name": "Crystal River", "source": "USGS NHD - Flowline Small Scale (1:100k), The National Map", "pulldate": "2026-07-29", "srcurl": "https://hydro.nationalmap.gov/arcgis/rest/services/nhd/MapServer/4", "caveat": "Named main-stem rivers and tributaries tied to project orgs/caucuses (Roaring Fork, Crystal, Fryingpan, Colorado rivers plus Snowmass/Capitol/Castle/Maroon/Woody/Brush/Cattle/West Divide creeks). Not exhaustive - hundreds of smaller unnamed/minor named streams in this area were left out to keep the map readable and the file small. Geometry generalized (maxAllowableOffset=300m) from NHDs small-scale flowline layer."}, "geometry": {"type": "LineString", "coordinates": [[-107.249475, 39.1594], [-107.245667, 39.164986]]}}, {"type": "Feature", "properties": {"name": "Crystal River", "source": "USGS NHD - Flowline Small Scale (1:100k), The National Map", "pulldate": "2026-07-29", "srcurl": "https://hydro.nationalmap.gov/arcgis/rest/services/nhd/MapServer/4", "caveat": "Named main-stem rivers and tributaries tied to project orgs/caucuses (Roaring Fork, Crystal, Fryingpan, Colorado rivers plus Snowmass/Capitol/Castle/Maroon/Woody/Brush/Cattle/West Divide creeks). Not exhaustive - hundreds of smaller unnamed/minor named streams in this area were left out to keep the map readable and the file small. Geometry generalized (maxAllowableOffset=300m) from NHDs small-scale flowline layer."}, "geometry": {"type": "LineString", "coordinates": [[-107.250625, 39.15832], [-107.249475, 39.1594]]}}, {"type": "Feature", "properties": {"name": "Crystal River", "source": "USGS NHD - Flowline Small Scale (1:100k), The National Map", "pulldate": "2026-07-29", "srcurl": "https://hydro.nationalmap.gov/arcgis/rest/services/nhd/MapServer/4", "caveat": "Named main-stem rivers and tributaries tied to project orgs/caucuses (Roaring Fork, Crystal, Fryingpan, Colorado rivers plus Snowmass/Capitol/Castle/Maroon/Woody/Brush/Cattle/West Divide creeks). Not exhaustive - hundreds of smaller unnamed/minor named streams in this area were left out to keep the map readable and the file small. Geometry generalized (maxAllowableOffset=300m) from NHDs small-scale flowline layer."}, "geometry": {"type": "LineString", "coordinates": [[-107.262591, 39.13039], [-107.250625, 39.15832]]}}, {"type": "Feature", "properties": {"name": "Crystal River", "source": "USGS NHD - Flowline Small Scale (1:100k), The National Map", "pulldate": "2026-07-29", "srcurl": "https://hydro.nationalmap.gov/arcgis/rest/services/nhd/MapServer/4", "caveat": "Named main-stem rivers and tributaries tied to project orgs/caucuses (Roaring Fork, Crystal, Fryingpan, Colorado rivers plus Snowmass/Capitol/Castle/Maroon/Woody/Brush/Cattle/West Divide creeks). Not exhaustive - hundreds of smaller unnamed/minor named streams in this area were left out to keep the map readable and the file small. Geometry generalized (maxAllowableOffset=300m) from NHDs small-scale flowline layer."}, "geometry": {"type": "LineString", "coordinates": [[-107.267154, 39.125066], [-107.262591, 39.13039]]}}, {"type": "Feature", "properties": {"name": "Crystal River", "source": "USGS NHD - Flowline Small Scale (1:100k), The National Map", "pulldate": "2026-07-29", "srcurl": "https://hydro.nationalmap.gov/arcgis/rest/services/nhd/MapServer/4", "caveat": "Named main-stem rivers and tributaries tied to project orgs/caucuses (Roaring Fork, Crystal, Fryingpan, Colorado rivers plus Snowmass/Capitol/Castle/Maroon/Woody/Brush/Cattle/West Divide creeks). Not exhaustive - hundreds of smaller unnamed/minor named streams in this area were left out to keep the map readable and the file small. Geometry generalized (maxAllowableOffset=300m) from NHDs small-scale flowline layer."}, "geometry": {"type": "LineString", "coordinates": [[-107.258117, 39.09952], [-107.263426, 39.102364], [-107.268933, 39.114242], [-107.267154, 39.125066]]}}, {"type": "Feature", "properties": {"name": "Crystal River", "source": "USGS NHD - Flowline Small Scale (1:100k), The National Map", "pulldate": "2026-07-29", "srcurl": "https://hydro.nationalmap.gov/arcgis/rest/services/nhd/MapServer/4", "caveat": "Named main-stem rivers and tributaries tied to project orgs/caucuses (Roaring Fork, Crystal, Fryingpan, Colorado rivers plus Snowmass/Capitol/Castle/Maroon/Woody/Brush/Cattle/West Divide creeks). Not exhaustive - hundreds of smaller unnamed/minor named streams in this area were left out to keep the map readable and the file small. Geometry generalized (maxAllowableOffset=300m) from NHDs small-scale flowline layer."}, "geometry": {"type": "LineString", "coordinates": [[-107.254749, 39.095609], [-107.258117, 39.09952]]}}, {"type": "Feature", "properties": {"name": "Crystal River", "source": "USGS NHD - Flowline Small Scale (1:100k), The National Map", "pulldate": "2026-07-29", "srcurl": "https://hydro.nationalmap.gov/arcgis/rest/services/nhd/MapServer/4", "caveat": "Named main-stem rivers and tributaries tied to project orgs/caucuses (Roaring Fork, Crystal, Fryingpan, Colorado rivers plus Snowmass/Capitol/Castle/Maroon/Woody/Brush/Cattle/West Divide creeks). Not exhaustive - hundreds of smaller unnamed/minor named streams in this area were left out to keep the map readable and the file small. Geometry generalized (maxAllowableOffset=300m) from NHDs small-scale flowline layer."}, "geometry": {"type": "LineString", "coordinates": [[-107.241795, 39.084962], [-107.254749, 39.095609]]}}, {"type": "Feature", "properties": {"name": "Crystal River", "source": "USGS NHD - Flowline Small Scale (1:100k), The National Map", "pulldate": "2026-07-29", "srcurl": "https://hydro.nationalmap.gov/arcgis/rest/services/nhd/MapServer/4", "caveat": "Named main-stem rivers and tributaries tied to project orgs/caucuses (Roaring Fork, Crystal, Fryingpan, Colorado rivers plus Snowmass/Capitol/Castle/Maroon/Woody/Brush/Cattle/West Divide creeks). Not exhaustive - hundreds of smaller unnamed/minor named streams in this area were left out to keep the map readable and the file small. Geometry generalized (maxAllowableOffset=300m) from NHDs small-scale flowline layer."}, "geometry": {"type": "LineString", "coordinates": [[-107.220702, 39.074962], [-107.241795, 39.084962]]}}, {"type": "Feature", "properties": {"name": "Crystal River", "source": "USGS NHD - Flowline Small Scale (1:100k), The National Map", "pulldate": "2026-07-29", "srcurl": "https://hydro.nationalmap.gov/arcgis/rest/services/nhd/MapServer/4", "caveat": "Named main-stem rivers and tributaries tied to project orgs/caucuses (Roaring Fork, Crystal, Fryingpan, Colorado rivers plus Snowmass/Capitol/Castle/Maroon/Woody/Brush/Cattle/West Divide creeks). Not exhaustive - hundreds of smaller unnamed/minor named streams in this area were left out to keep the map readable and the file small. Geometry generalized (maxAllowableOffset=300m) from NHDs small-scale flowline layer."}, "geometry": {"type": "LineString", "coordinates": [[-107.187384, 39.069334], [-107.19599, 39.068484], [-107.220702, 39.074962]]}}, {"type": "Feature", "properties": {"name": "Crystal River", "source": "USGS NHD - Flowline Small Scale (1:100k), The National Map", "pulldate": "2026-07-29", "srcurl": "https://hydro.nationalmap.gov/arcgis/rest/services/nhd/MapServer/4", "caveat": "Named main-stem rivers and tributaries tied to project orgs/caucuses (Roaring Fork, Crystal, Fryingpan, Colorado rivers plus Snowmass/Capitol/Castle/Maroon/Woody/Brush/Cattle/West Divide creeks). Not exhaustive - hundreds of smaller unnamed/minor named streams in this area were left out to keep the map readable and the file small. Geometry generalized (maxAllowableOffset=300m) from NHDs small-scale flowline layer."}, "geometry": {"type": "LineString", "coordinates": [[-107.170603, 39.06932], [-107.17805, 39.0681]]}}, {"type": "Feature", "properties": {"name": "Crystal River", "source": "USGS NHD - Flowline Small Scale (1:100k), The National Map", "pulldate": "2026-07-29", "srcurl": "https://hydro.nationalmap.gov/arcgis/rest/services/nhd/MapServer/4", "caveat": "Named main-stem rivers and tributaries tied to project orgs/caucuses (Roaring Fork, Crystal, Fryingpan, Colorado rivers plus Snowmass/Capitol/Castle/Maroon/Woody/Brush/Cattle/West Divide creeks). Not exhaustive - hundreds of smaller unnamed/minor named streams in this area were left out to keep the map readable and the file small. Geometry generalized (maxAllowableOffset=300m) from NHDs small-scale flowline layer."}, "geometry": {"type": "LineString", "coordinates": [[-107.104128, 39.058963], [-107.128338, 39.054708], [-107.153023, 39.068797], [-107.160183, 39.0669], [-107.170603, 39.06932]]}}, {"type": "Feature", "properties": {"name": "Crystal River", "source": "USGS NHD - Flowline Small Scale (1:100k), The National Map", "pulldate": "2026-07-29", "srcurl": "https://hydro.nationalmap.gov/arcgis/rest/services/nhd/MapServer/4", "caveat": "Named main-stem rivers and tributaries tied to project orgs/caucuses (Roaring Fork, Crystal, Fryingpan, Colorado rivers plus Snowmass/Capitol/Castle/Maroon/Woody/Brush/Cattle/West Divide creeks). Not exhaustive - hundreds of smaller unnamed/minor named streams in this area were left out to keep the map readable and the file small. Geometry generalized (maxAllowableOffset=300m) from NHDs small-scale flowline layer."}, "geometry": {"type": "LineString", "coordinates": [[-107.179614, 39.068881], [-107.181635, 39.070527]]}}, {"type": "Feature", "properties": {"name": "Crystal River", "source": "USGS NHD - Flowline Small Scale (1:100k), The National Map", "pulldate": "2026-07-29", "srcurl": "https://hydro.nationalmap.gov/arcgis/rest/services/nhd/MapServer/4", "caveat": "Named main-stem rivers and tributaries tied to project orgs/caucuses (Roaring Fork, Crystal, Fryingpan, Colorado rivers plus Snowmass/Capitol/Castle/Maroon/Woody/Brush/Cattle/West Divide creeks). Not exhaustive - hundreds of smaller unnamed/minor named streams in this area were left out to keep the map readable and the file small. Geometry generalized (maxAllowableOffset=300m) from NHDs small-scale flowline layer."}, "geometry": {"type": "LineString", "coordinates": [[-107.17805, 39.0681], [-107.179614, 39.068881]]}}, {"type": "Feature", "properties": {"name": "Crystal River", "source": "USGS NHD - Flowline Small Scale (1:100k), The National Map", "pulldate": "2026-07-29", "srcurl": "https://hydro.nationalmap.gov/arcgis/rest/services/nhd/MapServer/4", "caveat": "Named main-stem rivers and tributaries tied to project orgs/caucuses (Roaring Fork, Crystal, Fryingpan, Colorado rivers plus Snowmass/Capitol/Castle/Maroon/Woody/Brush/Cattle/West Divide creeks). Not exhaustive - hundreds of smaller unnamed/minor named streams in this area were left out to keep the map readable and the file small. Geometry generalized (maxAllowableOffset=300m) from NHDs small-scale flowline layer."}, "geometry": {"type": "LineString", "coordinates": [[-107.181635, 39.070527], [-107.187384, 39.069334]]}}, {"type": "Feature", "properties": {"name": "Fryingpan River", "source": "USGS NHD - Flowline Small Scale (1:100k), The National Map", "pulldate": "2026-07-29", "srcurl": "https://hydro.nationalmap.gov/arcgis/rest/services/nhd/MapServer/4", "caveat": "Named main-stem rivers and tributaries tied to project orgs/caucuses (Roaring Fork, Crystal, Fryingpan, Colorado rivers plus Snowmass/Capitol/Castle/Maroon/Woody/Brush/Cattle/West Divide creeks). Not exhaustive - hundreds of smaller unnamed/minor named streams in this area were left out to keep the map readable and the file small. Geometry generalized (maxAllowableOffset=300m) from NHDs small-scale flowline layer."}, "geometry": {"type": "LineString", "coordinates": [[-107.000615, 39.373928], [-107.018492, 39.375359], [-107.034482, 39.366518]]}}, {"type": "Feature", "properties": {"name": "Fryingpan River", "source": "USGS NHD - Flowline Small Scale (1:100k), The National Map", "pulldate": "2026-07-29", "srcurl": "https://hydro.nationalmap.gov/arcgis/rest/services/nhd/MapServer/4", "caveat": "Named main-stem rivers and tributaries tied to project orgs/caucuses (Roaring Fork, Crystal, Fryingpan, Colorado rivers plus Snowmass/Capitol/Castle/Maroon/Woody/Brush/Cattle/West Divide creeks). Not exhaustive - hundreds of smaller unnamed/minor named streams in this area were left out to keep the map readable and the file small. Geometry generalized (maxAllowableOffset=300m) from NHDs small-scale flowline layer."}, "geometry": {"type": "LineString", "coordinates": [[-106.98123, 39.376129], [-107.000615, 39.373928]]}}, {"type": "Feature", "properties": {"name": "Fryingpan River", "source": "USGS NHD - Flowline Small Scale (1:100k), The National Map", "pulldate": "2026-07-29", "srcurl": "https://hydro.nationalmap.gov/arcgis/rest/services/nhd/MapServer/4", "caveat": "Named main-stem rivers and tributaries tied to project orgs/caucuses (Roaring Fork, Crystal, Fryingpan, Colorado rivers plus Snowmass/Capitol/Castle/Maroon/Woody/Brush/Cattle/West Divide creeks). Not exhaustive - hundreds of smaller unnamed/minor named streams in this area were left out to keep the map readable and the file small. Geometry generalized (maxAllowableOffset=300m) from NHDs small-scale flowline layer."}, "geometry": {"type": "LineString", "coordinates": [[-106.969857, 39.379365], [-106.98123, 39.376129]]}}, {"type": "Feature", "properties": {"name": "Fryingpan River", "source": "USGS NHD - Flowline Small Scale (1:100k), The National Map", "pulldate": "2026-07-29", "srcurl": "https://hydro.nationalmap.gov/arcgis/rest/services/nhd/MapServer/4", "caveat": "Named main-stem rivers and tributaries tied to project orgs/caucuses (Roaring Fork, Crystal, Fryingpan, Colorado rivers plus Snowmass/Capitol/Castle/Maroon/Woody/Brush/Cattle/West Divide creeks). Not exhaustive - hundreds of smaller unnamed/minor named streams in this area were left out to keep the map readable and the file small. Geometry generalized (maxAllowableOffset=300m) from NHDs small-scale flowline layer."}, "geometry": {"type": "LineString", "coordinates": [[-106.942054, 39.376136], [-106.951612, 39.381344], [-106.969857, 39.379365]]}}, {"type": "Feature", "properties": {"name": "Fryingpan River", "source": "USGS NHD - Flowline Small Scale (1:100k), The National Map", "pulldate": "2026-07-29", "srcurl": "https://hydro.nationalmap.gov/arcgis/rest/services/nhd/MapServer/4", "caveat": "Named main-stem rivers and tributaries tied to project orgs/caucuses (Roaring Fork, Crystal, Fryingpan, Colorado rivers plus Snowmass/Capitol/Castle/Maroon/Woody/Brush/Cattle/West Divide creeks). Not exhaustive - hundreds of smaller unnamed/minor named streams in this area were left out to keep the map readable and the file small. Geometry generalized (maxAllowableOffset=300m) from NHDs small-scale flowline layer."}, "geometry": {"type": "LineString", "coordinates": [[-106.924429, 39.379324], [-106.932092, 39.378088], [-106.933951, 39.380719], [-106.942054, 39.376136]]}}, {"type": "Feature", "properties": {"name": "Fryingpan River", "source": "USGS NHD - Flowline Small Scale (1:100k), The National Map", "pulldate": "2026-07-29", "srcurl": "https://hydro.nationalmap.gov/arcgis/rest/services/nhd/MapServer/4", "caveat": "Named main-stem rivers and tributaries tied to project orgs/caucuses (Roaring Fork, Crystal, Fryingpan, Colorado rivers plus Snowmass/Capitol/Castle/Maroon/Woody/Brush/Cattle/West Divide creeks). Not exhaustive - hundreds of smaller unnamed/minor named streams in this area were left out to keep the map readable and the file small. Geometry generalized (maxAllowableOffset=300m) from NHDs small-scale flowline layer."}, "geometry": {"type": "LineString", "coordinates": [[-106.906678, 39.375831], [-106.924429, 39.379324]]}}, {"type": "Feature", "properties": {"name": "Fryingpan River", "source": "USGS NHD - Flowline Small Scale (1:100k), The National Map", "pulldate": "2026-07-29", "srcurl": "https://hydro.nationalmap.gov/arcgis/rest/services/nhd/MapServer/4", "caveat": "Named main-stem rivers and tributaries tied to project orgs/caucuses (Roaring Fork, Crystal, Fryingpan, Colorado rivers plus Snowmass/Capitol/Castle/Maroon/Woody/Brush/Cattle/West Divide creeks). Not exhaustive - hundreds of smaller unnamed/minor named streams in this area were left out to keep the map readable and the file small. Geometry generalized (maxAllowableOffset=300m) from NHDs small-scale flowline layer."}, "geometry": {"type": "LineString", "coordinates": [[-106.874186, 39.375102], [-106.894973, 39.378331], [-106.906678, 39.375831]]}}, {"type": "Feature", "properties": {"name": "Fryingpan River", "source": "USGS NHD - Flowline Small Scale (1:100k), The National Map", "pulldate": "2026-07-29", "srcurl": "https://hydro.nationalmap.gov/arcgis/rest/services/nhd/MapServer/4", "caveat": "Named main-stem rivers and tributaries tied to project orgs/caucuses (Roaring Fork, Crystal, Fryingpan, Colorado rivers plus Snowmass/Capitol/Castle/Maroon/Woody/Brush/Cattle/West Divide creeks). Not exhaustive - hundreds of smaller unnamed/minor named streams in this area were left out to keep the map readable and the file small. Geometry generalized (maxAllowableOffset=300m) from NHDs small-scale flowline layer."}, "geometry": {"type": "LineString", "coordinates": [[-106.834454, 39.362261], [-106.843302, 39.360872], [-106.851666, 39.368512], [-106.867054, 39.369137], [-106.874186, 39.375102]]}}, {"type": "Feature", "properties": {"name": "Fryingpan River", "source": "USGS NHD - Flowline Small Scale (1:100k), The National Map", "pulldate": "2026-07-29", "srcurl": "https://hydro.nationalmap.gov/arcgis/rest/services/nhd/MapServer/4", "caveat": "Named main-stem rivers and tributaries tied to project orgs/caucuses (Roaring Fork, Crystal, Fryingpan, Colorado rivers plus Snowmass/Capitol/Castle/Maroon/Woody/Brush/Cattle/West Divide creeks). Not exhaustive - hundreds of smaller unnamed/minor named streams in this area were left out to keep the map readable and the file small. Geometry generalized (maxAllowableOffset=300m) from NHDs small-scale flowline layer."}, "geometry": {"type": "LineString", "coordinates": [[-106.820225, 39.361025], [-106.824905, 39.365372], [-106.834454, 39.362261]]}}, {"type": "Feature", "properties": {"name": "Fryingpan River", "source": "USGS NHD - Flowline Small Scale (1:100k), The National Map", "pulldate": "2026-07-29", "srcurl": "https://hydro.nationalmap.gov/arcgis/rest/services/nhd/MapServer/4", "caveat": "Named main-stem rivers and tributaries tied to project orgs/caucuses (Roaring Fork, Crystal, Fryingpan, Colorado rivers plus Snowmass/Capitol/Castle/Maroon/Woody/Brush/Cattle/West Divide creeks). Not exhaustive - hundreds of smaller unnamed/minor named streams in this area were left out to keep the map readable and the file small. Geometry generalized (maxAllowableOffset=300m) from NHDs small-scale flowline layer."}, "geometry": {"type": "LineString", "coordinates": [[-106.816739, 39.362851], [-106.820225, 39.361025]]}}, {"type": "Feature", "properties": {"name": "Fryingpan River", "source": "USGS NHD - Flowline Small Scale (1:100k), The National Map", "pulldate": "2026-07-29", "srcurl": "https://hydro.nationalmap.gov/arcgis/rest/services/nhd/MapServer/4", "caveat": "Named main-stem rivers and tributaries tied to project orgs/caucuses (Roaring Fork, Crystal, Fryingpan, Colorado rivers plus Snowmass/Capitol/Castle/Maroon/Woody/Brush/Cattle/West Divide creeks). Not exhaustive - hundreds of smaller unnamed/minor named streams in this area were left out to keep the map readable and the file small. Geometry generalized (maxAllowableOffset=300m) from NHDs small-scale flowline layer."}, "geometry": {"type": "LineString", "coordinates": [[-106.731597, 39.363018], [-106.738577, 39.361476]]}}, {"type": "Feature", "properties": {"name": "Fryingpan River", "source": "USGS NHD - Flowline Small Scale (1:100k), The National Map", "pulldate": "2026-07-29", "srcurl": "https://hydro.nationalmap.gov/arcgis/rest/services/nhd/MapServer/4", "caveat": "Named main-stem rivers and tributaries tied to project orgs/caucuses (Roaring Fork, Crystal, Fryingpan, Colorado rivers plus Snowmass/Capitol/Castle/Maroon/Woody/Brush/Cattle/West Divide creeks). Not exhaustive - hundreds of smaller unnamed/minor named streams in this area were left out to keep the map readable and the file small. Geometry generalized (maxAllowableOffset=300m) from NHDs small-scale flowline layer."}, "geometry": {"type": "LineString", "coordinates": [[-106.720422, 39.363483], [-106.731597, 39.363018]]}}, {"type": "Feature", "properties": {"name": "Fryingpan River", "source": "USGS NHD - Flowline Small Scale (1:100k), The National Map", "pulldate": "2026-07-29", "srcurl": "https://hydro.nationalmap.gov/arcgis/rest/services/nhd/MapServer/4", "caveat": "Named main-stem rivers and tributaries tied to project orgs/caucuses (Roaring Fork, Crystal, Fryingpan, Colorado rivers plus Snowmass/Capitol/Castle/Maroon/Woody/Brush/Cattle/West Divide creeks). Not exhaustive - hundreds of smaller unnamed/minor named streams in this area were left out to keep the map readable and the file small. Geometry generalized (maxAllowableOffset=300m) from NHDs small-scale flowline layer."}, "geometry": {"type": "LineString", "coordinates": [[-106.712876, 39.36274], [-106.720422, 39.363483]]}}, {"type": "Feature", "properties": {"name": "Fryingpan River", "source": "USGS NHD - Flowline Small Scale (1:100k), The National Map", "pulldate": "2026-07-29", "srcurl": "https://hydro.nationalmap.gov/arcgis/rest/services/nhd/MapServer/4", "caveat": "Named main-stem rivers and tributaries tied to project orgs/caucuses (Roaring Fork, Crystal, Fryingpan, Colorado rivers plus Snowmass/Capitol/Castle/Maroon/Woody/Brush/Cattle/West Divide creeks). Not exhaustive - hundreds of smaller unnamed/minor named streams in this area were left out to keep the map readable and the file small. Geometry generalized (maxAllowableOffset=300m) from NHDs small-scale flowline layer."}, "geometry": {"type": "LineString", "coordinates": [[-106.693355, 39.354287], [-106.7025, 39.36265], [-106.712876, 39.36274]]}}, {"type": "Feature", "properties": {"name": "Fryingpan River", "source": "USGS NHD - Flowline Small Scale (1:100k), The National Map", "pulldate": "2026-07-29", "srcurl": "https://hydro.nationalmap.gov/arcgis/rest/services/nhd/MapServer/4", "caveat": "Named main-stem rivers and tributaries tied to project orgs/caucuses (Roaring Fork, Crystal, Fryingpan, Colorado rivers plus Snowmass/Capitol/Castle/Maroon/Woody/Brush/Cattle/West Divide creeks). Not exhaustive - hundreds of smaller unnamed/minor named streams in this area were left out to keep the map readable and the file small. Geometry generalized (maxAllowableOffset=300m) from NHDs small-scale flowline layer."}, "geometry": {"type": "LineString", "coordinates": [[-106.672128, 39.34377], [-106.693355, 39.354287]]}}, {"type": "Feature", "properties": {"name": "Fryingpan River", "source": "USGS NHD - Flowline Small Scale (1:100k), The National Map", "pulldate": "2026-07-29", "srcurl": "https://hydro.nationalmap.gov/arcgis/rest/services/nhd/MapServer/4", "caveat": "Named main-stem rivers and tributaries tied to project orgs/caucuses (Roaring Fork, Crystal, Fryingpan, Colorado rivers plus Snowmass/Capitol/Castle/Maroon/Woody/Brush/Cattle/West Divide creeks). Not exhaustive - hundreds of smaller unnamed/minor named streams in this area were left out to keep the map readable and the file small. Geometry generalized (maxAllowableOffset=300m) from NHDs small-scale flowline layer."}, "geometry": {"type": "LineString", "coordinates": [[-106.656498, 39.326087], [-106.672128, 39.34377]]}}, {"type": "Feature", "properties": {"name": "Fryingpan River", "source": "USGS NHD - Flowline Small Scale (1:100k), The National Map", "pulldate": "2026-07-29", "srcurl": "https://hydro.nationalmap.gov/arcgis/rest/services/nhd/MapServer/4", "caveat": "Named main-stem rivers and tributaries tied to project orgs/caucuses (Roaring Fork, Crystal, Fryingpan, Colorado rivers plus Snowmass/Capitol/Castle/Maroon/Woody/Brush/Cattle/West Divide creeks). Not exhaustive - hundreds of smaller unnamed/minor named streams in this area were left out to keep the map readable and the file small. Geometry generalized (maxAllowableOffset=300m) from NHDs small-scale flowline layer."}, "geometry": {"type": "LineString", "coordinates": [[-106.654054, 39.322842], [-106.656498, 39.326087]]}}, {"type": "Feature", "properties": {"name": "Fryingpan River", "source": "USGS NHD - Flowline Small Scale (1:100k), The National Map", "pulldate": "2026-07-29", "srcurl": "https://hydro.nationalmap.gov/arcgis/rest/services/nhd/MapServer/4", "caveat": "Named main-stem rivers and tributaries tied to project orgs/caucuses (Roaring Fork, Crystal, Fryingpan, Colorado rivers plus Snowmass/Capitol/Castle/Maroon/Woody/Brush/Cattle/West Divide creeks). Not exhaustive - hundreds of smaller unnamed/minor named streams in this area were left out to keep the map readable and the file small. Geometry generalized (maxAllowableOffset=300m) from NHDs small-scale flowline layer."}, "geometry": {"type": "LineString", "coordinates": [[-106.651135, 39.321695], [-106.654054, 39.322842]]}}, {"type": "Feature", "properties": {"name": "Fryingpan River", "source": "USGS NHD - Flowline Small Scale (1:100k), The National Map", "pulldate": "2026-07-29", "srcurl": "https://hydro.nationalmap.gov/arcgis/rest/services/nhd/MapServer/4", "caveat": "Named main-stem rivers and tributaries tied to project orgs/caucuses (Roaring Fork, Crystal, Fryingpan, Colorado rivers plus Snowmass/Capitol/Castle/Maroon/Woody/Brush/Cattle/West Divide creeks). Not exhaustive - hundreds of smaller unnamed/minor named streams in this area were left out to keep the map readable and the file small. Geometry generalized (maxAllowableOffset=300m) from NHDs small-scale flowline layer."}, "geometry": {"type": "LineString", "coordinates": [[-106.643211, 39.316733], [-106.651135, 39.321695]]}}, {"type": "Feature", "properties": {"name": "Fryingpan River", "source": "USGS NHD - Flowline Small Scale (1:100k), The National Map", "pulldate": "2026-07-29", "srcurl": "https://hydro.nationalmap.gov/arcgis/rest/services/nhd/MapServer/4", "caveat": "Named main-stem rivers and tributaries tied to project orgs/caucuses (Roaring Fork, Crystal, Fryingpan, Colorado rivers plus Snowmass/Capitol/Castle/Maroon/Woody/Brush/Cattle/West Divide creeks). Not exhaustive - hundreds of smaller unnamed/minor named streams in this area were left out to keep the map readable and the file small. Geometry generalized (maxAllowableOffset=300m) from NHDs small-scale flowline layer."}, "geometry": {"type": "LineString", "coordinates": [[-106.637822, 39.309345], [-106.643211, 39.316733]]}}, {"type": "Feature", "properties": {"name": "Fryingpan River", "source": "USGS NHD - Flowline Small Scale (1:100k), The National Map", "pulldate": "2026-07-29", "srcurl": "https://hydro.nationalmap.gov/arcgis/rest/services/nhd/MapServer/4", "caveat": "Named main-stem rivers and tributaries tied to project orgs/caucuses (Roaring Fork, Crystal, Fryingpan, Colorado rivers plus Snowmass/Capitol/Castle/Maroon/Woody/Brush/Cattle/West Divide creeks). Not exhaustive - hundreds of smaller unnamed/minor named streams in this area were left out to keep the map readable and the file small. Geometry generalized (maxAllowableOffset=300m) from NHDs small-scale flowline layer."}, "geometry": {"type": "LineString", "coordinates": [[-106.621885, 39.305661], [-106.631012, 39.305404], [-106.637822, 39.309345]]}}, {"type": "Feature", "properties": {"name": "Fryingpan River", "source": "USGS NHD - Flowline Small Scale (1:100k), The National Map", "pulldate": "2026-07-29", "srcurl": "https://hydro.nationalmap.gov/arcgis/rest/services/nhd/MapServer/4", "caveat": "Named main-stem rivers and tributaries tied to project orgs/caucuses (Roaring Fork, Crystal, Fryingpan, Colorado rivers plus Snowmass/Capitol/Castle/Maroon/Woody/Brush/Cattle/West Divide creeks). Not exhaustive - hundreds of smaller unnamed/minor named streams in this area were left out to keep the map readable and the file small. Geometry generalized (maxAllowableOffset=300m) from NHDs small-scale flowline layer."}, "geometry": {"type": "LineString", "coordinates": [[-106.603389, 39.296868], [-106.621885, 39.305661]]}}, {"type": "Feature", "properties": {"name": "Fryingpan River", "source": "USGS NHD - Flowline Small Scale (1:100k), The National Map", "pulldate": "2026-07-29", "srcurl": "https://hydro.nationalmap.gov/arcgis/rest/services/nhd/MapServer/4", "caveat": "Named main-stem rivers and tributaries tied to project orgs/caucuses (Roaring Fork, Crystal, Fryingpan, Colorado rivers plus Snowmass/Capitol/Castle/Maroon/Woody/Brush/Cattle/West Divide creeks). Not exhaustive - hundreds of smaller unnamed/minor named streams in this area were left out to keep the map readable and the file small. Geometry generalized (maxAllowableOffset=300m) from NHDs small-scale flowline layer."}, "geometry": {"type": "LineString", "coordinates": [[-106.56151, 39.268826], [-106.588145, 39.28039], [-106.603389, 39.296868]]}}, {"type": "Feature", "properties": {"name": "Fryingpan River", "source": "USGS NHD - Flowline Small Scale (1:100k), The National Map", "pulldate": "2026-07-29", "srcurl": "https://hydro.nationalmap.gov/arcgis/rest/services/nhd/MapServer/4", "caveat": "Named main-stem rivers and tributaries tied to project orgs/caucuses (Roaring Fork, Crystal, Fryingpan, Colorado rivers plus Snowmass/Capitol/Castle/Maroon/Woody/Brush/Cattle/West Divide creeks). Not exhaustive - hundreds of smaller unnamed/minor named streams in this area were left out to keep the map readable and the file small. Geometry generalized (maxAllowableOffset=300m) from NHDs small-scale flowline layer."}, "geometry": {"type": "LineString", "coordinates": [[-106.544711, 39.25801], [-106.56151, 39.268826]]}}, {"type": "Feature", "properties": {"name": "Fryingpan River", "source": "USGS NHD - Flowline Small Scale (1:100k), The National Map", "pulldate": "2026-07-29", "srcurl": "https://hydro.nationalmap.gov/arcgis/rest/services/nhd/MapServer/4", "caveat": "Named main-stem rivers and tributaries tied to project orgs/caucuses (Roaring Fork, Crystal, Fryingpan, Colorado rivers plus Snowmass/Capitol/Castle/Maroon/Woody/Brush/Cattle/West Divide creeks). Not exhaustive - hundreds of smaller unnamed/minor named streams in this area were left out to keep the map readable and the file small. Geometry generalized (maxAllowableOffset=300m) from NHDs small-scale flowline layer."}, "geometry": {"type": "LineString", "coordinates": [[-106.531084, 39.244849], [-106.532943, 39.251875], [-106.544711, 39.25801]]}}, {"type": "Feature", "properties": {"name": "Fryingpan River", "source": "USGS NHD - Flowline Small Scale (1:100k), The National Map", "pulldate": "2026-07-29", "srcurl": "https://hydro.nationalmap.gov/arcgis/rest/services/nhd/MapServer/4", "caveat": "Named main-stem rivers and tributaries tied to project orgs/caucuses (Roaring Fork, Crystal, Fryingpan, Colorado rivers plus Snowmass/Capitol/Castle/Maroon/Woody/Brush/Cattle/West Divide creeks). Not exhaustive - hundreds of smaller unnamed/minor named streams in this area were left out to keep the map readable and the file small. Geometry generalized (maxAllowableOffset=300m) from NHDs small-scale flowline layer."}, "geometry": {"type": "LineString", "coordinates": [[-106.517879, 39.195479], [-106.516765, 39.19669]]}}, {"type": "Feature", "properties": {"name": "Fryingpan River", "source": "USGS NHD - Flowline Small Scale (1:100k), The National Map", "pulldate": "2026-07-29", "srcurl": "https://hydro.nationalmap.gov/arcgis/rest/services/nhd/MapServer/4", "caveat": "Named main-stem rivers and tributaries tied to project orgs/caucuses (Roaring Fork, Crystal, Fryingpan, Colorado rivers plus Snowmass/Capitol/Castle/Maroon/Woody/Brush/Cattle/West Divide creeks). Not exhaustive - hundreds of smaller unnamed/minor named streams in this area were left out to keep the map readable and the file small. Geometry generalized (maxAllowableOffset=300m) from NHDs small-scale flowline layer."}, "geometry": {"type": "LineString", "coordinates": [[-106.516765, 39.19669], [-106.516666, 39.201403]]}}, {"type": "Feature", "properties": {"name": "Fryingpan River", "source": "USGS NHD - Flowline Small Scale (1:100k), The National Map", "pulldate": "2026-07-29", "srcurl": "https://hydro.nationalmap.gov/arcgis/rest/services/nhd/MapServer/4", "caveat": "Named main-stem rivers and tributaries tied to project orgs/caucuses (Roaring Fork, Crystal, Fryingpan, Colorado rivers plus Snowmass/Capitol/Castle/Maroon/Woody/Brush/Cattle/West Divide creeks). Not exhaustive - hundreds of smaller unnamed/minor named streams in this area were left out to keep the map readable and the file small. Geometry generalized (maxAllowableOffset=300m) from NHDs small-scale flowline layer."}, "geometry": {"type": "LineString", "coordinates": [[-106.516666, 39.201403], [-106.516576, 39.201452]]}}, {"type": "Feature", "properties": {"name": "Fryingpan River", "source": "USGS NHD - Flowline Small Scale (1:100k), The National Map", "pulldate": "2026-07-29", "srcurl": "https://hydro.nationalmap.gov/arcgis/rest/services/nhd/MapServer/4", "caveat": "Named main-stem rivers and tributaries tied to project orgs/caucuses (Roaring Fork, Crystal, Fryingpan, Colorado rivers plus Snowmass/Capitol/Castle/Maroon/Woody/Brush/Cattle/West Divide creeks). Not exhaustive - hundreds of smaller unnamed/minor named streams in this area were left out to keep the map readable and the file small. Geometry generalized (maxAllowableOffset=300m) from NHDs small-scale flowline layer."}, "geometry": {"type": "LineString", "coordinates": [[-106.517879, 39.1952], [-106.517879, 39.195479]]}}, {"type": "Feature", "properties": {"name": "Fryingpan River", "source": "USGS NHD - Flowline Small Scale (1:100k), The National Map", "pulldate": "2026-07-29", "srcurl": "https://hydro.nationalmap.gov/arcgis/rest/services/nhd/MapServer/4", "caveat": "Named main-stem rivers and tributaries tied to project orgs/caucuses (Roaring Fork, Crystal, Fryingpan, Colorado rivers plus Snowmass/Capitol/Castle/Maroon/Woody/Brush/Cattle/West Divide creeks). Not exhaustive - hundreds of smaller unnamed/minor named streams in this area were left out to keep the map readable and the file small. Geometry generalized (maxAllowableOffset=300m) from NHDs small-scale flowline layer."}, "geometry": {"type": "LineString", "coordinates": [[-106.527922, 39.164477], [-106.518471, 39.193306]]}}, {"type": "Feature", "properties": {"name": "Fryingpan River", "source": "USGS NHD - Flowline Small Scale (1:100k), The National Map", "pulldate": "2026-07-29", "srcurl": "https://hydro.nationalmap.gov/arcgis/rest/services/nhd/MapServer/4", "caveat": "Named main-stem rivers and tributaries tied to project orgs/caucuses (Roaring Fork, Crystal, Fryingpan, Colorado rivers plus Snowmass/Capitol/Castle/Maroon/Woody/Brush/Cattle/West Divide creeks). Not exhaustive - hundreds of smaller unnamed/minor named streams in this area were left out to keep the map readable and the file small. Geometry generalized (maxAllowableOffset=300m) from NHDs small-scale flowline layer."}, "geometry": {"type": "LineString", "coordinates": [[-106.518471, 39.193306], [-106.518427, 39.193306]]}}, {"type": "Feature", "properties": {"name": "Fryingpan River", "source": "USGS NHD - Flowline Small Scale (1:100k), The National Map", "pulldate": "2026-07-29", "srcurl": "https://hydro.nationalmap.gov/arcgis/rest/services/nhd/MapServer/4", "caveat": "Named main-stem rivers and tributaries tied to project orgs/caucuses (Roaring Fork, Crystal, Fryingpan, Colorado rivers plus Snowmass/Capitol/Castle/Maroon/Woody/Brush/Cattle/West Divide creeks). Not exhaustive - hundreds of smaller unnamed/minor named streams in this area were left out to keep the map readable and the file small. Geometry generalized (maxAllowableOffset=300m) from NHDs small-scale flowline layer."}, "geometry": {"type": "LineString", "coordinates": [[-106.516342, 39.204034], [-106.51124, 39.229319], [-106.531084, 39.244849]]}}, {"type": "Feature", "properties": {"name": "Fryingpan River", "source": "USGS NHD - Flowline Small Scale (1:100k), The National Map", "pulldate": "2026-07-29", "srcurl": "https://hydro.nationalmap.gov/arcgis/rest/services/nhd/MapServer/4", "caveat": "Named main-stem rivers and tributaries tied to project orgs/caucuses (Roaring Fork, Crystal, Fryingpan, Colorado rivers plus Snowmass/Capitol/Castle/Maroon/Woody/Brush/Cattle/West Divide creeks). Not exhaustive - hundreds of smaller unnamed/minor named streams in this area were left out to keep the map readable and the file small. Geometry generalized (maxAllowableOffset=300m) from NHDs small-scale flowline layer."}, "geometry": {"type": "LineString", "coordinates": [[-106.516576, 39.201452], [-106.516342, 39.204034]]}}, {"type": "Feature", "properties": {"name": "Fryingpan River", "source": "USGS NHD - Flowline Small Scale (1:100k), The National Map", "pulldate": "2026-07-29", "srcurl": "https://hydro.nationalmap.gov/arcgis/rest/services/nhd/MapServer/4", "caveat": "Named main-stem rivers and tributaries tied to project orgs/caucuses (Roaring Fork, Crystal, Fryingpan, Colorado rivers plus Snowmass/Capitol/Castle/Maroon/Woody/Brush/Cattle/West Divide creeks). Not exhaustive - hundreds of smaller unnamed/minor named streams in this area were left out to keep the map readable and the file small. Geometry generalized (maxAllowableOffset=300m) from NHDs small-scale flowline layer."}, "geometry": {"type": "LineString", "coordinates": [[-106.518427, 39.193306], [-106.517879, 39.1952]]}}, {"type": "Feature", "properties": {"name": "Fryingpan River", "source": "USGS NHD - Flowline Small Scale (1:100k), The National Map", "pulldate": "2026-07-29", "srcurl": "https://hydro.nationalmap.gov/arcgis/rest/services/nhd/MapServer/4", "caveat": "Named main-stem rivers and tributaries tied to project orgs/caucuses (Roaring Fork, Crystal, Fryingpan, Colorado rivers plus Snowmass/Capitol/Castle/Maroon/Woody/Brush/Cattle/West Divide creeks). Not exhaustive - hundreds of smaller unnamed/minor named streams in this area were left out to keep the map readable and the file small. Geometry generalized (maxAllowableOffset=300m) from NHDs small-scale flowline layer."}, "geometry": {"type": "LineString", "coordinates": [[-106.739592, 39.361323], [-106.740122, 39.361247]]}}, {"type": "Feature", "properties": {"name": "Fryingpan River", "source": "USGS NHD - Flowline Small Scale (1:100k), The National Map", "pulldate": "2026-07-29", "srcurl": "https://hydro.nationalmap.gov/arcgis/rest/services/nhd/MapServer/4", "caveat": "Named main-stem rivers and tributaries tied to project orgs/caucuses (Roaring Fork, Crystal, Fryingpan, Colorado rivers plus Snowmass/Capitol/Castle/Maroon/Woody/Brush/Cattle/West Divide creeks). Not exhaustive - hundreds of smaller unnamed/minor named streams in this area were left out to keep the map readable and the file small. Geometry generalized (maxAllowableOffset=300m) from NHDs small-scale flowline layer."}, "geometry": {"type": "LineString", "coordinates": [[-106.738577, 39.361476], [-106.739592, 39.361323]]}}, {"type": "Feature", "properties": {"name": "Fryingpan River", "source": "USGS NHD - Flowline Small Scale (1:100k), The National Map", "pulldate": "2026-07-29", "srcurl": "https://hydro.nationalmap.gov/arcgis/rest/services/nhd/MapServer/4", "caveat": "Named main-stem rivers and tributaries tied to project orgs/caucuses (Roaring Fork, Crystal, Fryingpan, Colorado rivers plus Snowmass/Capitol/Castle/Maroon/Woody/Brush/Cattle/West Divide creeks). Not exhaustive - hundreds of smaller unnamed/minor named streams in this area were left out to keep the map readable and the file small. Geometry generalized (maxAllowableOffset=300m) from NHDs small-scale flowline layer."}, "geometry": {"type": "LineString", "coordinates": [[-106.740122, 39.361247], [-106.782765, 39.360129]]}}, {"type": "Feature", "properties": {"name": "Fryingpan River", "source": "USGS NHD - Flowline Small Scale (1:100k), The National Map", "pulldate": "2026-07-29", "srcurl": "https://hydro.nationalmap.gov/arcgis/rest/services/nhd/MapServer/4", "caveat": "Named main-stem rivers and tributaries tied to project orgs/caucuses (Roaring Fork, Crystal, Fryingpan, Colorado rivers plus Snowmass/Capitol/Castle/Maroon/Woody/Brush/Cattle/West Divide creeks). Not exhaustive - hundreds of smaller unnamed/minor named streams in this area were left out to keep the map readable and the file small. Geometry generalized (maxAllowableOffset=300m) from NHDs small-scale flowline layer."}, "geometry": {"type": "LineString", "coordinates": [[-106.782765, 39.360129], [-106.795413, 39.364178]]}}, {"type": "Feature", "properties": {"name": "Fryingpan River", "source": "USGS NHD - Flowline Small Scale (1:100k), The National Map", "pulldate": "2026-07-29", "srcurl": "https://hydro.nationalmap.gov/arcgis/rest/services/nhd/MapServer/4", "caveat": "Named main-stem rivers and tributaries tied to project orgs/caucuses (Roaring Fork, Crystal, Fryingpan, Colorado rivers plus Snowmass/Capitol/Castle/Maroon/Woody/Brush/Cattle/West Divide creeks). Not exhaustive - hundreds of smaller unnamed/minor named streams in this area were left out to keep the map readable and the file small. Geometry generalized (maxAllowableOffset=300m) from NHDs small-scale flowline layer."}, "geometry": {"type": "LineString", "coordinates": [[-106.795413, 39.364178], [-106.8117, 39.366032]]}}, {"type": "Feature", "properties": {"name": "Fryingpan River", "source": "USGS NHD - Flowline Small Scale (1:100k), The National Map", "pulldate": "2026-07-29", "srcurl": "https://hydro.nationalmap.gov/arcgis/rest/services/nhd/MapServer/4", "caveat": "Named main-stem rivers and tributaries tied to project orgs/caucuses (Roaring Fork, Crystal, Fryingpan, Colorado rivers plus Snowmass/Capitol/Castle/Maroon/Woody/Brush/Cattle/West Divide creeks). Not exhaustive - hundreds of smaller unnamed/minor named streams in this area were left out to keep the map readable and the file small. Geometry generalized (maxAllowableOffset=300m) from NHDs small-scale flowline layer."}, "geometry": {"type": "LineString", "coordinates": [[-106.8117, 39.366032], [-106.816739, 39.362851]]}}, {"type": "Feature", "properties": {"name": "Colorado River", "source": "USGS NHD - Flowline Small Scale (1:100k), The National Map", "pulldate": "2026-07-29", "srcurl": "https://hydro.nationalmap.gov/arcgis/rest/services/nhd/MapServer/4", "caveat": "Named main-stem rivers and tributaries tied to project orgs/caucuses (Roaring Fork, Crystal, Fryingpan, Colorado rivers plus Snowmass/Capitol/Castle/Maroon/Woody/Brush/Cattle/West Divide creeks). Not exhaustive - hundreds of smaller unnamed/minor named streams in this area were left out to keep the map readable and the file small. Geometry generalized (maxAllowableOffset=300m) from NHDs small-scale flowline layer."}, "geometry": {"type": "LineString", "coordinates": [[-107.300347, 39.560186], [-107.3043, 39.560871], [-107.307381, 39.556439], [-107.30995, 39.560234]]}}, {"type": "Feature", "properties": {"name": "Colorado River", "source": "USGS NHD - Flowline Small Scale (1:100k), The National Map", "pulldate": "2026-07-29", "srcurl": "https://hydro.nationalmap.gov/arcgis/rest/services/nhd/MapServer/4", "caveat": "Named main-stem rivers and tributaries tied to project orgs/caucuses (Roaring Fork, Crystal, Fryingpan, Colorado rivers plus Snowmass/Capitol/Castle/Maroon/Woody/Brush/Cattle/West Divide creeks). Not exhaustive - hundreds of smaller unnamed/minor named streams in this area were left out to keep the map readable and the file small. Geometry generalized (maxAllowableOffset=300m) from NHDs small-scale flowline layer."}, "geometry": {"type": "LineString", "coordinates": [[-107.270846, 39.56556], [-107.280306, 39.560075], [-107.288552, 39.560954], [-107.29122, 39.557111], [-107.300347, 39.560186]]}}, {"type": "Feature", "properties": {"name": "Colorado River", "source": "USGS NHD - Flowline Small Scale (1:100k), The National Map", "pulldate": "2026-07-29", "srcurl": "https://hydro.nationalmap.gov/arcgis/rest/services/nhd/MapServer/4", "caveat": "Named main-stem rivers and tributaries tied to project orgs/caucuses (Roaring Fork, Crystal, Fryingpan, Colorado rivers plus Snowmass/Capitol/Castle/Maroon/Woody/Brush/Cattle/West Divide creeks). Not exhaustive - hundreds of smaller unnamed/minor named streams in this area were left out to keep the map readable and the file small. Geometry generalized (maxAllowableOffset=300m) from NHDs small-scale flowline layer."}, "geometry": {"type": "LineString", "coordinates": [[-107.245927, 39.557138], [-107.251371, 39.560054]]}}, {"type": "Feature", "properties": {"name": "Colorado River", "source": "USGS NHD - Flowline Small Scale (1:100k), The National Map", "pulldate": "2026-07-29", "srcurl": "https://hydro.nationalmap.gov/arcgis/rest/services/nhd/MapServer/4", "caveat": "Named main-stem rivers and tributaries tied to project orgs/caucuses (Roaring Fork, Crystal, Fryingpan, Colorado rivers plus Snowmass/Capitol/Castle/Maroon/Woody/Brush/Cattle/West Divide creeks). Not exhaustive - hundreds of smaller unnamed/minor named streams in this area were left out to keep the map readable and the file small. Geometry generalized (maxAllowableOffset=300m) from NHDs small-scale flowline layer."}, "geometry": {"type": "LineString", "coordinates": [[-107.229596, 39.56772], [-107.245927, 39.557138]]}}, {"type": "Feature", "properties": {"name": "Colorado River", "source": "USGS NHD - Flowline Small Scale (1:100k), The National Map", "pulldate": "2026-07-29", "srcurl": "https://hydro.nationalmap.gov/arcgis/rest/services/nhd/MapServer/4", "caveat": "Named main-stem rivers and tributaries tied to project orgs/caucuses (Roaring Fork, Crystal, Fryingpan, Colorado rivers plus Snowmass/Capitol/Castle/Maroon/Woody/Brush/Cattle/West Divide creeks). Not exhaustive - hundreds of smaller unnamed/minor named streams in this area were left out to keep the map readable and the file small. Geometry generalized (maxAllowableOffset=300m) from NHDs small-scale flowline layer."}, "geometry": {"type": "LineString", "coordinates": [[-107.30995, 39.560234], [-107.320865, 39.549305], [-107.329902, 39.549263]]}}, {"type": "Feature", "properties": {"name": "Colorado River", "source": "USGS NHD - Flowline Small Scale (1:100k), The National Map", "pulldate": "2026-07-29", "srcurl": "https://hydro.nationalmap.gov/arcgis/rest/services/nhd/MapServer/4", "caveat": "Named main-stem rivers and tributaries tied to project orgs/caucuses (Roaring Fork, Crystal, Fryingpan, Colorado rivers plus Snowmass/Capitol/Castle/Maroon/Woody/Brush/Cattle/West Divide creeks). Not exhaustive - hundreds of smaller unnamed/minor named streams in this area were left out to keep the map readable and the file small. Geometry generalized (maxAllowableOffset=300m) from NHDs small-scale flowline layer."}, "geometry": {"type": "LineString", "coordinates": [[-107.398955, 39.556951], [-107.407678, 39.561848]]}}, {"type": "Feature", "properties": {"name": "Colorado River", "source": "USGS NHD - Flowline Small Scale (1:100k), The National Map", "pulldate": "2026-07-29", "srcurl": "https://hydro.nationalmap.gov/arcgis/rest/services/nhd/MapServer/4", "caveat": "Named main-stem rivers and tributaries tied to project orgs/caucuses (Roaring Fork, Crystal, Fryingpan, Colorado rivers plus Snowmass/Capitol/Castle/Maroon/Woody/Brush/Cattle/West Divide creeks). Not exhaustive - hundreds of smaller unnamed/minor named streams in this area were left out to keep the map readable and the file small. Geometry generalized (maxAllowableOffset=300m) from NHDs small-scale flowline layer."}, "geometry": {"type": "LineString", "coordinates": [[-107.395586, 39.557138], [-107.398955, 39.556951]]}}, {"type": "Feature", "properties": {"name": "Colorado River", "source": "USGS NHD - Flowline Small Scale (1:100k), The National Map", "pulldate": "2026-07-29", "srcurl": "https://hydro.nationalmap.gov/arcgis/rest/services/nhd/MapServer/4", "caveat": "Named main-stem rivers and tributaries tied to project orgs/caucuses (Roaring Fork, Crystal, Fryingpan, Colorado rivers plus Snowmass/Capitol/Castle/Maroon/Woody/Brush/Cattle/West Divide creeks). Not exhaustive - hundreds of smaller unnamed/minor named streams in this area were left out to keep the map readable and the file small. Geometry generalized (maxAllowableOffset=300m) from NHDs small-scale flowline layer."}, "geometry": {"type": "LineString", "coordinates": [[-107.3861, 39.559819], [-107.395586, 39.557138]]}}, {"type": "Feature", "properties": {"name": "Colorado River", "source": "USGS NHD - Flowline Small Scale (1:100k), The National Map", "pulldate": "2026-07-29", "srcurl": "https://hydro.nationalmap.gov/arcgis/rest/services/nhd/MapServer/4", "caveat": "Named main-stem rivers and tributaries tied to project orgs/caucuses (Roaring Fork, Crystal, Fryingpan, Colorado rivers plus Snowmass/Capitol/Castle/Maroon/Woody/Brush/Cattle/West Divide creeks). Not exhaustive - hundreds of smaller unnamed/minor named streams in this area were left out to keep the map readable and the file small. Geometry generalized (maxAllowableOffset=300m) from NHDs small-scale flowline layer."}, "geometry": {"type": "LineString", "coordinates": [[-107.367721, 39.560802], [-107.3861, 39.559819]]}}, {"type": "Feature", "properties": {"name": "Colorado River", "source": "USGS NHD - Flowline Small Scale (1:100k), The National Map", "pulldate": "2026-07-29", "srcurl": "https://hydro.nationalmap.gov/arcgis/rest/services/nhd/MapServer/4", "caveat": "Named main-stem rivers and tributaries tied to project orgs/caucuses (Roaring Fork, Crystal, Fryingpan, Colorado rivers plus Snowmass/Capitol/Castle/Maroon/Woody/Brush/Cattle/West Divide creeks). Not exhaustive - hundreds of smaller unnamed/minor named streams in this area were left out to keep the map readable and the file small. Geometry generalized (maxAllowableOffset=300m) from NHDs small-scale flowline layer."}, "geometry": {"type": "LineString", "coordinates": [[-107.341804, 39.559105], [-107.348452, 39.559652]]}}, {"type": "Feature", "properties": {"name": "Colorado River", "source": "USGS NHD - Flowline Small Scale (1:100k), The National Map", "pulldate": "2026-07-29", "srcurl": "https://hydro.nationalmap.gov/arcgis/rest/services/nhd/MapServer/4", "caveat": "Named main-stem rivers and tributaries tied to project orgs/caucuses (Roaring Fork, Crystal, Fryingpan, Colorado rivers plus Snowmass/Capitol/Castle/Maroon/Woody/Brush/Cattle/West Divide creeks). Not exhaustive - hundreds of smaller unnamed/minor named streams in this area were left out to keep the map readable and the file small. Geometry generalized (maxAllowableOffset=300m) from NHDs small-scale flowline layer."}, "geometry": {"type": "LineString", "coordinates": [[-107.329902, 39.549263], [-107.341804, 39.559105]]}}, {"type": "Feature", "properties": {"name": "Colorado River", "source": "USGS NHD - Flowline Small Scale (1:100k), The National Map", "pulldate": "2026-07-29", "srcurl": "https://hydro.nationalmap.gov/arcgis/rest/services/nhd/MapServer/4", "caveat": "Named main-stem rivers and tributaries tied to project orgs/caucuses (Roaring Fork, Crystal, Fryingpan, Colorado rivers plus Snowmass/Capitol/Castle/Maroon/Woody/Brush/Cattle/West Divide creeks). Not exhaustive - hundreds of smaller unnamed/minor named streams in this area were left out to keep the map readable and the file small. Geometry generalized (maxAllowableOffset=300m) from NHDs small-scale flowline layer."}, "geometry": {"type": "LineString", "coordinates": [[-107.348452, 39.559652], [-107.359636, 39.559839]]}}, {"type": "Feature", "properties": {"name": "Colorado River", "source": "USGS NHD - Flowline Small Scale (1:100k), The National Map", "pulldate": "2026-07-29", "srcurl": "https://hydro.nationalmap.gov/arcgis/rest/services/nhd/MapServer/4", "caveat": "Named main-stem rivers and tributaries tied to project orgs/caucuses (Roaring Fork, Crystal, Fryingpan, Colorado rivers plus Snowmass/Capitol/Castle/Maroon/Woody/Brush/Cattle/West Divide creeks). Not exhaustive - hundreds of smaller unnamed/minor named streams in this area were left out to keep the map readable and the file small. Geometry generalized (maxAllowableOffset=300m) from NHDs small-scale flowline layer."}, "geometry": {"type": "LineString", "coordinates": [[-107.359636, 39.559839], [-107.367721, 39.560802]]}}, {"type": "Feature", "properties": {"name": "Snowmass Creek", "source": "USGS NHD - Flowline Small Scale (1:100k), The National Map", "pulldate": "2026-07-29", "srcurl": "https://hydro.nationalmap.gov/arcgis/rest/services/nhd/MapServer/4", "caveat": "Named main-stem rivers and tributaries tied to project orgs/caucuses (Roaring Fork, Crystal, Fryingpan, Colorado rivers plus Snowmass/Capitol/Castle/Maroon/Woody/Brush/Cattle/West Divide creeks). Not exhaustive - hundreds of smaller unnamed/minor named streams in this area were left out to keep the map readable and the file small. Geometry generalized (maxAllowableOffset=300m) from NHDs small-scale flowline layer."}, "geometry": {"type": "LineString", "coordinates": [[-106.980897, 39.311312], [-106.986467, 39.331806]]}}, {"type": "Feature", "properties": {"name": "Snowmass Creek", "source": "USGS NHD - Flowline Small Scale (1:100k), The National Map", "pulldate": "2026-07-29", "srcurl": "https://hydro.nationalmap.gov/arcgis/rest/services/nhd/MapServer/4", "caveat": "Named main-stem rivers and tributaries tied to project orgs/caucuses (Roaring Fork, Crystal, Fryingpan, Colorado rivers plus Snowmass/Capitol/Castle/Maroon/Woody/Brush/Cattle/West Divide creeks). Not exhaustive - hundreds of smaller unnamed/minor named streams in this area were left out to keep the map readable and the file small. Geometry generalized (maxAllowableOffset=300m) from NHDs small-scale flowline layer."}, "geometry": {"type": "LineString", "coordinates": [[-106.955915, 39.280307], [-106.955637, 39.293851], [-106.980897, 39.311312]]}}, {"type": "Feature", "properties": {"name": "Snowmass Creek", "source": "USGS NHD - Flowline Small Scale (1:100k), The National Map", "pulldate": "2026-07-29", "srcurl": "https://hydro.nationalmap.gov/arcgis/rest/services/nhd/MapServer/4", "caveat": "Named main-stem rivers and tributaries tied to project orgs/caucuses (Roaring Fork, Crystal, Fryingpan, Colorado rivers plus Snowmass/Capitol/Castle/Maroon/Woody/Brush/Cattle/West Divide creeks). Not exhaustive - hundreds of smaller unnamed/minor named streams in this area were left out to keep the map readable and the file small. Geometry generalized (maxAllowableOffset=300m) from NHDs small-scale flowline layer."}, "geometry": {"type": "LineString", "coordinates": [[-106.980098, 39.241335], [-106.973567, 39.254004], [-106.962958, 39.261105], [-106.955915, 39.280307]]}}, {"type": "Feature", "properties": {"name": "Snowmass Creek", "source": "USGS NHD - Flowline Small Scale (1:100k), The National Map", "pulldate": "2026-07-29", "srcurl": "https://hydro.nationalmap.gov/arcgis/rest/services/nhd/MapServer/4", "caveat": "Named main-stem rivers and tributaries tied to project orgs/caucuses (Roaring Fork, Crystal, Fryingpan, Colorado rivers plus Snowmass/Capitol/Castle/Maroon/Woody/Brush/Cattle/West Divide creeks). Not exhaustive - hundreds of smaller unnamed/minor named streams in this area were left out to keep the map readable and the file small. Geometry generalized (maxAllowableOffset=300m) from NHDs small-scale flowline layer."}, "geometry": {"type": "LineString", "coordinates": [[-106.974618, 39.213654], [-106.97292, 39.220934], [-106.98017, 39.228108], [-106.980098, 39.241335]]}}, {"type": "Feature", "properties": {"name": "Snowmass Creek", "source": "USGS NHD - Flowline Small Scale (1:100k), The National Map", "pulldate": "2026-07-29", "srcurl": "https://hydro.nationalmap.gov/arcgis/rest/services/nhd/MapServer/4", "caveat": "Named main-stem rivers and tributaries tied to project orgs/caucuses (Roaring Fork, Crystal, Fryingpan, Colorado rivers plus Snowmass/Capitol/Castle/Maroon/Woody/Brush/Cattle/West Divide creeks). Not exhaustive - hundreds of smaller unnamed/minor named streams in this area were left out to keep the map readable and the file small. Geometry generalized (maxAllowableOffset=300m) from NHDs small-scale flowline layer."}, "geometry": {"type": "LineString", "coordinates": [[-106.98105, 39.208844], [-106.974618, 39.213654]]}}, {"type": "Feature", "properties": {"name": "Snowmass Creek", "source": "USGS NHD - Flowline Small Scale (1:100k), The National Map", "pulldate": "2026-07-29", "srcurl": "https://hydro.nationalmap.gov/arcgis/rest/services/nhd/MapServer/4", "caveat": "Named main-stem rivers and tributaries tied to project orgs/caucuses (Roaring Fork, Crystal, Fryingpan, Colorado rivers plus Snowmass/Capitol/Castle/Maroon/Woody/Brush/Cattle/West Divide creeks). Not exhaustive - hundreds of smaller unnamed/minor named streams in this area were left out to keep the map readable and the file small. Geometry generalized (maxAllowableOffset=300m) from NHDs small-scale flowline layer."}, "geometry": {"type": "LineString", "coordinates": [[-106.990626, 39.203818], [-106.98105, 39.208844]]}}, {"type": "Feature", "properties": {"name": "Snowmass Creek", "source": "USGS NHD - Flowline Small Scale (1:100k), The National Map", "pulldate": "2026-07-29", "srcurl": "https://hydro.nationalmap.gov/arcgis/rest/services/nhd/MapServer/4", "caveat": "Named main-stem rivers and tributaries tied to project orgs/caucuses (Roaring Fork, Crystal, Fryingpan, Colorado rivers plus Snowmass/Capitol/Castle/Maroon/Woody/Brush/Cattle/West Divide creeks). Not exhaustive - hundreds of smaller unnamed/minor named streams in this area were left out to keep the map readable and the file small. Geometry generalized (maxAllowableOffset=300m) from NHDs small-scale flowline layer."}, "geometry": {"type": "LineString", "coordinates": [[-107.016866, 39.190041], [-107.009562, 39.197999], [-107.000615, 39.199732]]}}, {"type": "Feature", "properties": {"name": "Snowmass Creek", "source": "USGS NHD - Flowline Small Scale (1:100k), The National Map", "pulldate": "2026-07-29", "srcurl": "https://hydro.nationalmap.gov/arcgis/rest/services/nhd/MapServer/4", "caveat": "Named main-stem rivers and tributaries tied to project orgs/caucuses (Roaring Fork, Crystal, Fryingpan, Colorado rivers plus Snowmass/Capitol/Castle/Maroon/Woody/Brush/Cattle/West Divide creeks). Not exhaustive - hundreds of smaller unnamed/minor named streams in this area were left out to keep the map readable and the file small. Geometry generalized (maxAllowableOffset=300m) from NHDs small-scale flowline layer."}, "geometry": {"type": "LineString", "coordinates": [[-107.000615, 39.199732], [-106.990626, 39.203818]]}}, {"type": "Feature", "properties": {"name": "Snowmass Creek", "source": "USGS NHD - Flowline Small Scale (1:100k), The National Map", "pulldate": "2026-07-29", "srcurl": "https://hydro.nationalmap.gov/arcgis/rest/services/nhd/MapServer/4", "caveat": "Named main-stem rivers and tributaries tied to project orgs/caucuses (Roaring Fork, Crystal, Fryingpan, Colorado rivers plus Snowmass/Capitol/Castle/Maroon/Woody/Brush/Cattle/West Divide creeks). Not exhaustive - hundreds of smaller unnamed/minor named streams in this area were left out to keep the map readable and the file small. Geometry generalized (maxAllowableOffset=300m) from NHDs small-scale flowline layer."}, "geometry": {"type": "LineString", "coordinates": [[-107.021726, 39.162158], [-107.021995, 39.182013], [-107.016866, 39.190041]]}}, {"type": "Feature", "properties": {"name": "Snowmass Creek", "source": "USGS NHD - Flowline Small Scale (1:100k), The National Map", "pulldate": "2026-07-29", "srcurl": "https://hydro.nationalmap.gov/arcgis/rest/services/nhd/MapServer/4", "caveat": "Named main-stem rivers and tributaries tied to project orgs/caucuses (Roaring Fork, Crystal, Fryingpan, Colorado rivers plus Snowmass/Capitol/Castle/Maroon/Woody/Brush/Cattle/West Divide creeks). Not exhaustive - hundreds of smaller unnamed/minor named streams in this area were left out to keep the map readable and the file small. Geometry generalized (maxAllowableOffset=300m) from NHDs small-scale flowline layer."}, "geometry": {"type": "LineString", "coordinates": [[-107.012859, 39.134556], [-107.015249, 39.152497], [-107.021726, 39.162158]]}}, {"type": "Feature", "properties": {"name": "Snowmass Creek", "source": "USGS NHD - Flowline Small Scale (1:100k), The National Map", "pulldate": "2026-07-29", "srcurl": "https://hydro.nationalmap.gov/arcgis/rest/services/nhd/MapServer/4", "caveat": "Named main-stem rivers and tributaries tied to project orgs/caucuses (Roaring Fork, Crystal, Fryingpan, Colorado rivers plus Snowmass/Capitol/Castle/Maroon/Woody/Brush/Cattle/West Divide creeks). Not exhaustive - hundreds of smaller unnamed/minor named streams in this area were left out to keep the map readable and the file small. Geometry generalized (maxAllowableOffset=300m) from NHDs small-scale flowline layer."}, "geometry": {"type": "LineString", "coordinates": [[-107.011781, 39.133274], [-107.012859, 39.134556]]}}, {"type": "Feature", "properties": {"name": "Snowmass Creek", "source": "USGS NHD - Flowline Small Scale (1:100k), The National Map", "pulldate": "2026-07-29", "srcurl": "https://hydro.nationalmap.gov/arcgis/rest/services/nhd/MapServer/4", "caveat": "Named main-stem rivers and tributaries tied to project orgs/caucuses (Roaring Fork, Crystal, Fryingpan, Colorado rivers plus Snowmass/Capitol/Castle/Maroon/Woody/Brush/Cattle/West Divide creeks). Not exhaustive - hundreds of smaller unnamed/minor named streams in this area were left out to keep the map readable and the file small. Geometry generalized (maxAllowableOffset=300m) from NHDs small-scale flowline layer."}, "geometry": {"type": "LineString", "coordinates": [[-107.016785, 39.124173], [-107.011781, 39.133246]]}}, {"type": "Feature", "properties": {"name": "Snowmass Creek", "source": "USGS NHD - Flowline Small Scale (1:100k), The National Map", "pulldate": "2026-07-29", "srcurl": "https://hydro.nationalmap.gov/arcgis/rest/services/nhd/MapServer/4", "caveat": "Named main-stem rivers and tributaries tied to project orgs/caucuses (Roaring Fork, Crystal, Fryingpan, Colorado rivers plus Snowmass/Capitol/Castle/Maroon/Woody/Brush/Cattle/West Divide creeks). Not exhaustive - hundreds of smaller unnamed/minor named streams in this area were left out to keep the map readable and the file small. Geometry generalized (maxAllowableOffset=300m) from NHDs small-scale flowline layer."}, "geometry": {"type": "LineString", "coordinates": [[-107.011781, 39.133246], [-107.011781, 39.133274]]}}, {"type": "Feature", "properties": {"name": "Snowmass Creek", "source": "USGS NHD - Flowline Small Scale (1:100k), The National Map", "pulldate": "2026-07-29", "srcurl": "https://hydro.nationalmap.gov/arcgis/rest/services/nhd/MapServer/4", "caveat": "Named main-stem rivers and tributaries tied to project orgs/caucuses (Roaring Fork, Crystal, Fryingpan, Colorado rivers plus Snowmass/Capitol/Castle/Maroon/Woody/Brush/Cattle/West Divide creeks). Not exhaustive - hundreds of smaller unnamed/minor named streams in this area were left out to keep the map readable and the file small. Geometry generalized (maxAllowableOffset=300m) from NHDs small-scale flowline layer."}, "geometry": {"type": "LineString", "coordinates": [[-107.000615, 39.084621], [-107.015482, 39.10877], [-107.016785, 39.124173]]}}, {"type": "Feature", "properties": {"name": "Snowmass Creek", "source": "USGS NHD - Flowline Small Scale (1:100k), The National Map", "pulldate": "2026-07-29", "srcurl": "https://hydro.nationalmap.gov/arcgis/rest/services/nhd/MapServer/4", "caveat": "Named main-stem rivers and tributaries tied to project orgs/caucuses (Roaring Fork, Crystal, Fryingpan, Colorado rivers plus Snowmass/Capitol/Castle/Maroon/Woody/Brush/Cattle/West Divide creeks). Not exhaustive - hundreds of smaller unnamed/minor named streams in this area were left out to keep the map readable and the file small. Geometry generalized (maxAllowableOffset=300m) from NHDs small-scale flowline layer."}, "geometry": {"type": "LineString", "coordinates": [[-106.998513, 39.077724], [-107.000615, 39.084621]]}}, {"type": "Feature", "properties": {"name": "Capitol Creek", "source": "USGS NHD - Flowline Small Scale (1:100k), The National Map", "pulldate": "2026-07-29", "srcurl": "https://hydro.nationalmap.gov/arcgis/rest/services/nhd/MapServer/4", "caveat": "Named main-stem rivers and tributaries tied to project orgs/caucuses (Roaring Fork, Crystal, Fryingpan, Colorado rivers plus Snowmass/Capitol/Castle/Maroon/Woody/Brush/Cattle/West Divide creeks). Not exhaustive - hundreds of smaller unnamed/minor named streams in this area were left out to keep the map readable and the file small. Geometry generalized (maxAllowableOffset=300m) from NHDs small-scale flowline layer."}, "geometry": {"type": "LineString", "coordinates": [[-106.981212, 39.307761], [-106.980897, 39.311312]]}}, {"type": "Feature", "properties": {"name": "Capitol Creek", "source": "USGS NHD - Flowline Small Scale (1:100k), The National Map", "pulldate": "2026-07-29", "srcurl": "https://hydro.nationalmap.gov/arcgis/rest/services/nhd/MapServer/4", "caveat": "Named main-stem rivers and tributaries tied to project orgs/caucuses (Roaring Fork, Crystal, Fryingpan, Colorado rivers plus Snowmass/Capitol/Castle/Maroon/Woody/Brush/Cattle/West Divide creeks). Not exhaustive - hundreds of smaller unnamed/minor named streams in this area were left out to keep the map readable and the file small. Geometry generalized (maxAllowableOffset=300m) from NHDs small-scale flowline layer."}, "geometry": {"type": "LineString", "coordinates": [[-106.988272, 39.30352], [-106.981212, 39.307761]]}}, {"type": "Feature", "properties": {"name": "Capitol Creek", "source": "USGS NHD - Flowline Small Scale (1:100k), The National Map", "pulldate": "2026-07-29", "srcurl": "https://hydro.nationalmap.gov/arcgis/rest/services/nhd/MapServer/4", "caveat": "Named main-stem rivers and tributaries tied to project orgs/caucuses (Roaring Fork, Crystal, Fryingpan, Colorado rivers plus Snowmass/Capitol/Castle/Maroon/Woody/Brush/Cattle/West Divide creeks). Not exhaustive - hundreds of smaller unnamed/minor named streams in this area were left out to keep the map readable and the file small. Geometry generalized (maxAllowableOffset=300m) from NHDs small-scale flowline layer."}, "geometry": {"type": "LineString", "coordinates": [[-107.000615, 39.297097], [-106.988272, 39.30352]]}}, {"type": "Feature", "properties": {"name": "Capitol Creek", "source": "USGS NHD - Flowline Small Scale (1:100k), The National Map", "pulldate": "2026-07-29", "srcurl": "https://hydro.nationalmap.gov/arcgis/rest/services/nhd/MapServer/4", "caveat": "Named main-stem rivers and tributaries tied to project orgs/caucuses (Roaring Fork, Crystal, Fryingpan, Colorado rivers plus Snowmass/Capitol/Castle/Maroon/Woody/Brush/Cattle/West Divide creeks). Not exhaustive - hundreds of smaller unnamed/minor named streams in this area were left out to keep the map readable and the file small. Geometry generalized (maxAllowableOffset=300m) from NHDs small-scale flowline layer."}, "geometry": {"type": "LineString", "coordinates": [[-107.015042, 39.280154], [-107.008718, 39.293329], [-107.000615, 39.297097]]}}, {"type": "Feature", "properties": {"name": "Capitol Creek", "source": "USGS NHD - Flowline Small Scale (1:100k), The National Map", "pulldate": "2026-07-29", "srcurl": "https://hydro.nationalmap.gov/arcgis/rest/services/nhd/MapServer/4", "caveat": "Named main-stem rivers and tributaries tied to project orgs/caucuses (Roaring Fork, Crystal, Fryingpan, Colorado rivers plus Snowmass/Capitol/Castle/Maroon/Woody/Brush/Cattle/West Divide creeks). Not exhaustive - hundreds of smaller unnamed/minor named streams in this area were left out to keep the map readable and the file small. Geometry generalized (maxAllowableOffset=300m) from NHDs small-scale flowline layer."}, "geometry": {"type": "LineString", "coordinates": [[-107.04439, 39.241676], [-107.037123, 39.245398], [-107.032874, 39.262024], [-107.015042, 39.280154]]}}, {"type": "Feature", "properties": {"name": "Capitol Creek", "source": "USGS NHD - Flowline Small Scale (1:100k), The National Map", "pulldate": "2026-07-29", "srcurl": "https://hydro.nationalmap.gov/arcgis/rest/services/nhd/MapServer/4", "caveat": "Named main-stem rivers and tributaries tied to project orgs/caucuses (Roaring Fork, Crystal, Fryingpan, Colorado rivers plus Snowmass/Capitol/Castle/Maroon/Woody/Brush/Cattle/West Divide creeks). Not exhaustive - hundreds of smaller unnamed/minor named streams in this area were left out to keep the map readable and the file small. Geometry generalized (maxAllowableOffset=300m) from NHDs small-scale flowline layer."}, "geometry": {"type": "LineString", "coordinates": [[-107.091417, 39.221059], [-107.078113, 39.230572], [-107.062994, 39.232652], [-107.04439, 39.241676]]}}, {"type": "Feature", "properties": {"name": "Capitol Creek", "source": "USGS NHD - Flowline Small Scale (1:100k), The National Map", "pulldate": "2026-07-29", "srcurl": "https://hydro.nationalmap.gov/arcgis/rest/services/nhd/MapServer/4", "caveat": "Named main-stem rivers and tributaries tied to project orgs/caucuses (Roaring Fork, Crystal, Fryingpan, Colorado rivers plus Snowmass/Capitol/Castle/Maroon/Woody/Brush/Cattle/West Divide creeks). Not exhaustive - hundreds of smaller unnamed/minor named streams in this area were left out to keep the map readable and the file small. Geometry generalized (maxAllowableOffset=300m) from NHDs small-scale flowline layer."}, "geometry": {"type": "LineString", "coordinates": [[-107.088749, 39.195479], [-107.085156, 39.206206], [-107.091417, 39.221059]]}}, {"type": "Feature", "properties": {"name": "Capitol Creek", "source": "USGS NHD - Flowline Small Scale (1:100k), The National Map", "pulldate": "2026-07-29", "srcurl": "https://hydro.nationalmap.gov/arcgis/rest/services/nhd/MapServer/4", "caveat": "Named main-stem rivers and tributaries tied to project orgs/caucuses (Roaring Fork, Crystal, Fryingpan, Colorado rivers plus Snowmass/Capitol/Castle/Maroon/Woody/Brush/Cattle/West Divide creeks). Not exhaustive - hundreds of smaller unnamed/minor named streams in this area were left out to keep the map readable and the file small. Geometry generalized (maxAllowableOffset=300m) from NHDs small-scale flowline layer."}, "geometry": {"type": "LineString", "coordinates": [[-107.081535, 39.163927], [-107.087285, 39.17445], [-107.088749, 39.195479]]}}, {"type": "Feature", "properties": {"name": "Capitol Creek", "source": "USGS NHD - Flowline Small Scale (1:100k), The National Map", "pulldate": "2026-07-29", "srcurl": "https://hydro.nationalmap.gov/arcgis/rest/services/nhd/MapServer/4", "caveat": "Named main-stem rivers and tributaries tied to project orgs/caucuses (Roaring Fork, Crystal, Fryingpan, Colorado rivers plus Snowmass/Capitol/Castle/Maroon/Woody/Brush/Cattle/West Divide creeks). Not exhaustive - hundreds of smaller unnamed/minor named streams in this area were left out to keep the map readable and the file small. Geometry generalized (maxAllowableOffset=300m) from NHDs small-scale flowline layer."}, "geometry": {"type": "LineString", "coordinates": [[-107.081769, 39.159469], [-107.081535, 39.163927]]}}, {"type": "Feature", "properties": {"name": "Castle Creek", "source": "USGS NHD - Flowline Small Scale (1:100k), The National Map", "pulldate": "2026-07-29", "srcurl": "https://hydro.nationalmap.gov/arcgis/rest/services/nhd/MapServer/4", "caveat": "Named main-stem rivers and tributaries tied to project orgs/caucuses (Roaring Fork, Crystal, Fryingpan, Colorado rivers plus Snowmass/Capitol/Castle/Maroon/Woody/Brush/Cattle/West Divide creeks). Not exhaustive - hundreds of smaller unnamed/minor named streams in this area were left out to keep the map readable and the file small. Geometry generalized (maxAllowableOffset=300m) from NHDs small-scale flowline layer."}, "geometry": {"type": "LineString", "coordinates": [[-106.848072, 39.155701], [-106.844039, 39.175126], [-106.837158, 39.179973], [-106.832738, 39.192582], [-106.832612, 39.204709]]}}, {"type": "Feature", "properties": {"name": "Castle Creek", "source": "USGS NHD - Flowline Small Scale (1:100k), The National Map", "pulldate": "2026-07-29", "srcurl": "https://hydro.nationalmap.gov/arcgis/rest/services/nhd/MapServer/4", "caveat": "Named main-stem rivers and tributaries tied to project orgs/caucuses (Roaring Fork, Crystal, Fryingpan, Colorado rivers plus Snowmass/Capitol/Castle/Maroon/Woody/Brush/Cattle/West Divide creeks). Not exhaustive - hundreds of smaller unnamed/minor named streams in this area were left out to keep the map readable and the file small. Geometry generalized (maxAllowableOffset=300m) from NHDs small-scale flowline layer."}, "geometry": {"type": "LineString", "coordinates": [[-106.846994, 39.125518], [-106.848072, 39.155701]]}}, {"type": "Feature", "properties": {"name": "Castle Creek", "source": "USGS NHD - Flowline Small Scale (1:100k), The National Map", "pulldate": "2026-07-29", "srcurl": "https://hydro.nationalmap.gov/arcgis/rest/services/nhd/MapServer/4", "caveat": "Named main-stem rivers and tributaries tied to project orgs/caucuses (Roaring Fork, Crystal, Fryingpan, Colorado rivers plus Snowmass/Capitol/Castle/Maroon/Woody/Brush/Cattle/West Divide creeks). Not exhaustive - hundreds of smaller unnamed/minor named streams in this area were left out to keep the map readable and the file small. Geometry generalized (maxAllowableOffset=300m) from NHDs small-scale flowline layer."}, "geometry": {"type": "LineString", "coordinates": [[-106.819165, 39.094619], [-106.835226, 39.10785], [-106.836304, 39.114124], [-106.846994, 39.125518]]}}, {"type": "Feature", "properties": {"name": "Castle Creek", "source": "USGS NHD - Flowline Small Scale (1:100k), The National Map", "pulldate": "2026-07-29", "srcurl": "https://hydro.nationalmap.gov/arcgis/rest/services/nhd/MapServer/4", "caveat": "Named main-stem rivers and tributaries tied to project orgs/caucuses (Roaring Fork, Crystal, Fryingpan, Colorado rivers plus Snowmass/Capitol/Castle/Maroon/Woody/Brush/Cattle/West Divide creeks). Not exhaustive - hundreds of smaller unnamed/minor named streams in this area were left out to keep the map readable and the file small. Geometry generalized (maxAllowableOffset=300m) from NHDs small-scale flowline layer."}, "geometry": {"type": "LineString", "coordinates": [[-106.817027, 39.091691], [-106.819165, 39.094619]]}}, {"type": "Feature", "properties": {"name": "Castle Creek", "source": "USGS NHD - Flowline Small Scale (1:100k), The National Map", "pulldate": "2026-07-29", "srcurl": "https://hydro.nationalmap.gov/arcgis/rest/services/nhd/MapServer/4", "caveat": "Named main-stem rivers and tributaries tied to project orgs/caucuses (Roaring Fork, Crystal, Fryingpan, Colorado rivers plus Snowmass/Capitol/Castle/Maroon/Woody/Brush/Cattle/West Divide creeks). Not exhaustive - hundreds of smaller unnamed/minor named streams in this area were left out to keep the map readable and the file small. Geometry generalized (maxAllowableOffset=300m) from NHDs small-scale flowline layer."}, "geometry": {"type": "LineString", "coordinates": [[-106.806372, 39.082187], [-106.817027, 39.091691]]}}, {"type": "Feature", "properties": {"name": "Castle Creek", "source": "USGS NHD - Flowline Small Scale (1:100k), The National Map", "pulldate": "2026-07-29", "srcurl": "https://hydro.nationalmap.gov/arcgis/rest/services/nhd/MapServer/4", "caveat": "Named main-stem rivers and tributaries tied to project orgs/caucuses (Roaring Fork, Crystal, Fryingpan, Colorado rivers plus Snowmass/Capitol/Castle/Maroon/Woody/Brush/Cattle/West Divide creeks). Not exhaustive - hundreds of smaller unnamed/minor named streams in this area were left out to keep the map readable and the file small. Geometry generalized (maxAllowableOffset=300m) from NHDs small-scale flowline layer."}, "geometry": {"type": "LineString", "coordinates": [[-106.797803, 39.057289], [-106.800363, 39.074746], [-106.806372, 39.082187]]}}, {"type": "Feature", "properties": {"name": "Castle Creek", "source": "USGS NHD - Flowline Small Scale (1:100k), The National Map", "pulldate": "2026-07-29", "srcurl": "https://hydro.nationalmap.gov/arcgis/rest/services/nhd/MapServer/4", "caveat": "Named main-stem rivers and tributaries tied to project orgs/caucuses (Roaring Fork, Crystal, Fryingpan, Colorado rivers plus Snowmass/Capitol/Castle/Maroon/Woody/Brush/Cattle/West Divide creeks). Not exhaustive - hundreds of smaller unnamed/minor named streams in this area were left out to keep the map readable and the file small. Geometry generalized (maxAllowableOffset=300m) from NHDs small-scale flowline layer."}, "geometry": {"type": "LineString", "coordinates": [[-106.797479, 39.053717], [-106.797803, 39.057289]]}}, {"type": "Feature", "properties": {"name": "Castle Creek", "source": "USGS NHD - Flowline Small Scale (1:100k), The National Map", "pulldate": "2026-07-29", "srcurl": "https://hydro.nationalmap.gov/arcgis/rest/services/nhd/MapServer/4", "caveat": "Named main-stem rivers and tributaries tied to project orgs/caucuses (Roaring Fork, Crystal, Fryingpan, Colorado rivers plus Snowmass/Capitol/Castle/Maroon/Woody/Brush/Cattle/West Divide creeks). Not exhaustive - hundreds of smaller unnamed/minor named streams in this area were left out to keep the map readable and the file small. Geometry generalized (maxAllowableOffset=300m) from NHDs small-scale flowline layer."}, "geometry": {"type": "LineString", "coordinates": [[-106.805564, 39.037503], [-106.797479, 39.053717]]}}, {"type": "Feature", "properties": {"name": "Castle Creek", "source": "USGS NHD - Flowline Small Scale (1:100k), The National Map", "pulldate": "2026-07-29", "srcurl": "https://hydro.nationalmap.gov/arcgis/rest/services/nhd/MapServer/4", "caveat": "Named main-stem rivers and tributaries tied to project orgs/caucuses (Roaring Fork, Crystal, Fryingpan, Colorado rivers plus Snowmass/Capitol/Castle/Maroon/Woody/Brush/Cattle/West Divide creeks). Not exhaustive - hundreds of smaller unnamed/minor named streams in this area were left out to keep the map readable and the file small. Geometry generalized (maxAllowableOffset=300m) from NHDs small-scale flowline layer."}, "geometry": {"type": "LineString", "coordinates": [[-106.809256, 39.018947], [-106.805564, 39.037503]]}}, {"type": "Feature", "properties": {"name": "Castle Creek", "source": "USGS NHD - Flowline Small Scale (1:100k), The National Map", "pulldate": "2026-07-29", "srcurl": "https://hydro.nationalmap.gov/arcgis/rest/services/nhd/MapServer/4", "caveat": "Named main-stem rivers and tributaries tied to project orgs/caucuses (Roaring Fork, Crystal, Fryingpan, Colorado rivers plus Snowmass/Capitol/Castle/Maroon/Woody/Brush/Cattle/West Divide creeks). Not exhaustive - hundreds of smaller unnamed/minor named streams in this area were left out to keep the map readable and the file small. Geometry generalized (maxAllowableOffset=300m) from NHDs small-scale flowline layer."}, "geometry": {"type": "LineString", "coordinates": [[-106.852142, 39.006055], [-106.84226, 39.000883], [-106.809256, 39.018947]]}}, {"type": "Feature", "properties": {"name": "Maroon Creek", "source": "USGS NHD - Flowline Small Scale (1:100k), The National Map", "pulldate": "2026-07-29", "srcurl": "https://hydro.nationalmap.gov/arcgis/rest/services/nhd/MapServer/4", "caveat": "Named main-stem rivers and tributaries tied to project orgs/caucuses (Roaring Fork, Crystal, Fryingpan, Colorado rivers plus Snowmass/Capitol/Castle/Maroon/Woody/Brush/Cattle/West Divide creeks). Not exhaustive - hundreds of smaller unnamed/minor named streams in this area were left out to keep the map readable and the file small. Geometry generalized (maxAllowableOffset=300m) from NHDs small-scale flowline layer."}, "geometry": {"type": "LineString", "coordinates": [[-106.877816, 39.166205], [-106.854298, 39.186448], [-106.847434, 39.207389], [-106.849698, 39.214732]]}}, {"type": "Feature", "properties": {"name": "Maroon Creek", "source": "USGS NHD - Flowline Small Scale (1:100k), The National Map", "pulldate": "2026-07-29", "srcurl": "https://hydro.nationalmap.gov/arcgis/rest/services/nhd/MapServer/4", "caveat": "Named main-stem rivers and tributaries tied to project orgs/caucuses (Roaring Fork, Crystal, Fryingpan, Colorado rivers plus Snowmass/Capitol/Castle/Maroon/Woody/Brush/Cattle/West Divide creeks). Not exhaustive - hundreds of smaller unnamed/minor named streams in this area were left out to keep the map readable and the file small. Geometry generalized (maxAllowableOffset=300m) from NHDs small-scale flowline layer."}, "geometry": {"type": "LineString", "coordinates": [[-106.914602, 39.107118], [-106.896581, 39.141099], [-106.877816, 39.166205]]}}, {"type": "Feature", "properties": {"name": "Woody Creek", "source": "USGS NHD - Flowline Small Scale (1:100k), The National Map", "pulldate": "2026-07-29", "srcurl": "https://hydro.nationalmap.gov/arcgis/rest/services/nhd/MapServer/4", "caveat": "Named main-stem rivers and tributaries tied to project orgs/caucuses (Roaring Fork, Crystal, Fryingpan, Colorado rivers plus Snowmass/Capitol/Castle/Maroon/Woody/Brush/Cattle/West Divide creeks). Not exhaustive - hundreds of smaller unnamed/minor named streams in this area were left out to keep the map readable and the file small. Geometry generalized (maxAllowableOffset=300m) from NHDs small-scale flowline layer."}, "geometry": {"type": "LineString", "coordinates": [[-106.880367, 39.274911], [-106.891497, 39.27683]]}}, {"type": "Feature", "properties": {"name": "Woody Creek", "source": "USGS NHD - Flowline Small Scale (1:100k), The National Map", "pulldate": "2026-07-29", "srcurl": "https://hydro.nationalmap.gov/arcgis/rest/services/nhd/MapServer/4", "caveat": "Named main-stem rivers and tributaries tied to project orgs/caucuses (Roaring Fork, Crystal, Fryingpan, Colorado rivers plus Snowmass/Capitol/Castle/Maroon/Woody/Brush/Cattle/West Divide creeks). Not exhaustive - hundreds of smaller unnamed/minor named streams in this area were left out to keep the map readable and the file small. Geometry generalized (maxAllowableOffset=300m) from NHDs small-scale flowline layer."}, "geometry": {"type": "LineString", "coordinates": [[-106.850588, 39.254706], [-106.860972, 39.266628], [-106.873746, 39.273742]]}}, {"type": "Feature", "properties": {"name": "Woody Creek", "source": "USGS NHD - Flowline Small Scale (1:100k), The National Map", "pulldate": "2026-07-29", "srcurl": "https://hydro.nationalmap.gov/arcgis/rest/services/nhd/MapServer/4", "caveat": "Named main-stem rivers and tributaries tied to project orgs/caucuses (Roaring Fork, Crystal, Fryingpan, Colorado rivers plus Snowmass/Capitol/Castle/Maroon/Woody/Brush/Cattle/West Divide creeks). Not exhaustive - hundreds of smaller unnamed/minor named streams in this area were left out to keep the map readable and the file small. Geometry generalized (maxAllowableOffset=300m) from NHDs small-scale flowline layer."}, "geometry": {"type": "LineString", "coordinates": [[-106.873746, 39.273742], [-106.880367, 39.274911]]}}, {"type": "Feature", "properties": {"name": "Woody Creek", "source": "USGS NHD - Flowline Small Scale (1:100k), The National Map", "pulldate": "2026-07-29", "srcurl": "https://hydro.nationalmap.gov/arcgis/rest/services/nhd/MapServer/4", "caveat": "Named main-stem rivers and tributaries tied to project orgs/caucuses (Roaring Fork, Crystal, Fryingpan, Colorado rivers plus Snowmass/Capitol/Castle/Maroon/Woody/Brush/Cattle/West Divide creeks). Not exhaustive - hundreds of smaller unnamed/minor named streams in this area were left out to keep the map readable and the file small. Geometry generalized (maxAllowableOffset=300m) from NHDs small-scale flowline layer."}, "geometry": {"type": "LineString", "coordinates": [[-106.802941, 39.24263], [-106.823782, 39.250212], [-106.850588, 39.254706]]}}, {"type": "Feature", "properties": {"name": "Woody Creek", "source": "USGS NHD - Flowline Small Scale (1:100k), The National Map", "pulldate": "2026-07-29", "srcurl": "https://hydro.nationalmap.gov/arcgis/rest/services/nhd/MapServer/4", "caveat": "Named main-stem rivers and tributaries tied to project orgs/caucuses (Roaring Fork, Crystal, Fryingpan, Colorado rivers plus Snowmass/Capitol/Castle/Maroon/Woody/Brush/Cattle/West Divide creeks). Not exhaustive - hundreds of smaller unnamed/minor named streams in this area were left out to keep the map readable and the file small. Geometry generalized (maxAllowableOffset=300m) from NHDs small-scale flowline layer."}, "geometry": {"type": "LineString", "coordinates": [[-106.769308, 39.2397], [-106.783555, 39.237745], [-106.802941, 39.24263]]}}, {"type": "Feature", "properties": {"name": "Woody Creek", "source": "USGS NHD - Flowline Small Scale (1:100k), The National Map", "pulldate": "2026-07-29", "srcurl": "https://hydro.nationalmap.gov/arcgis/rest/services/nhd/MapServer/4", "caveat": "Named main-stem rivers and tributaries tied to project orgs/caucuses (Roaring Fork, Crystal, Fryingpan, Colorado rivers plus Snowmass/Capitol/Castle/Maroon/Woody/Brush/Cattle/West Divide creeks). Not exhaustive - hundreds of smaller unnamed/minor named streams in this area were left out to keep the map readable and the file small. Geometry generalized (maxAllowableOffset=300m) from NHDs small-scale flowline layer."}, "geometry": {"type": "LineString", "coordinates": [[-106.756705, 39.245023], [-106.769308, 39.2397]]}}, {"type": "Feature", "properties": {"name": "Woody Creek", "source": "USGS NHD - Flowline Small Scale (1:100k), The National Map", "pulldate": "2026-07-29", "srcurl": "https://hydro.nationalmap.gov/arcgis/rest/services/nhd/MapServer/4", "caveat": "Named main-stem rivers and tributaries tied to project orgs/caucuses (Roaring Fork, Crystal, Fryingpan, Colorado rivers plus Snowmass/Capitol/Castle/Maroon/Woody/Brush/Cattle/West Divide creeks). Not exhaustive - hundreds of smaller unnamed/minor named streams in this area were left out to keep the map readable and the file small. Geometry generalized (maxAllowableOffset=300m) from NHDs small-scale flowline layer."}, "geometry": {"type": "LineString", "coordinates": [[-106.725686, 39.243659], [-106.756705, 39.245023]]}}, {"type": "Feature", "properties": {"name": "Woody Creek", "source": "USGS NHD - Flowline Small Scale (1:100k), The National Map", "pulldate": "2026-07-29", "srcurl": "https://hydro.nationalmap.gov/arcgis/rest/services/nhd/MapServer/4", "caveat": "Named main-stem rivers and tributaries tied to project orgs/caucuses (Roaring Fork, Crystal, Fryingpan, Colorado rivers plus Snowmass/Capitol/Castle/Maroon/Woody/Brush/Cattle/West Divide creeks). Not exhaustive - hundreds of smaller unnamed/minor named streams in this area were left out to keep the map readable and the file small. Geometry generalized (maxAllowableOffset=300m) from NHDs small-scale flowline layer."}, "geometry": {"type": "LineString", "coordinates": [[-106.654881, 39.229723], [-106.670682, 39.236883], [-106.707378, 39.238045], [-106.725686, 39.243659]]}}, {"type": "Feature", "properties": {"name": "Brush Creek", "source": "USGS NHD - Flowline Small Scale (1:100k), The National Map", "pulldate": "2026-07-29", "srcurl": "https://hydro.nationalmap.gov/arcgis/rest/services/nhd/MapServer/4", "caveat": "Named main-stem rivers and tributaries tied to project orgs/caucuses (Roaring Fork, Crystal, Fryingpan, Colorado rivers plus Snowmass/Capitol/Castle/Maroon/Woody/Brush/Cattle/West Divide creeks). Not exhaustive - hundreds of smaller unnamed/minor named streams in this area were left out to keep the map readable and the file small. Geometry generalized (maxAllowableOffset=300m) from NHDs small-scale flowline layer."}, "geometry": {"type": "LineString", "coordinates": [[-106.887814, 39.260813], [-106.88484, 39.260792]]}}, {"type": "Feature", "properties": {"name": "Brush Creek", "source": "USGS NHD - Flowline Small Scale (1:100k), The National Map", "pulldate": "2026-07-29", "srcurl": "https://hydro.nationalmap.gov/arcgis/rest/services/nhd/MapServer/4", "caveat": "Named main-stem rivers and tributaries tied to project orgs/caucuses (Roaring Fork, Crystal, Fryingpan, Colorado rivers plus Snowmass/Capitol/Castle/Maroon/Woody/Brush/Cattle/West Divide creeks). Not exhaustive - hundreds of smaller unnamed/minor named streams in this area were left out to keep the map readable and the file small. Geometry generalized (maxAllowableOffset=300m) from NHDs small-scale flowline layer."}, "geometry": {"type": "LineString", "coordinates": [[-106.922561, 39.22046], [-106.919946, 39.227739], [-106.894596, 39.237745], [-106.889745, 39.242692], [-106.885775, 39.24951], [-106.887814, 39.260813]]}}, {"type": "Feature", "properties": {"name": "Brush Creek", "source": "USGS NHD - Flowline Small Scale (1:100k), The National Map", "pulldate": "2026-07-29", "srcurl": "https://hydro.nationalmap.gov/arcgis/rest/services/nhd/MapServer/4", "caveat": "Named main-stem rivers and tributaries tied to project orgs/caucuses (Roaring Fork, Crystal, Fryingpan, Colorado rivers plus Snowmass/Capitol/Castle/Maroon/Woody/Brush/Cattle/West Divide creeks). Not exhaustive - hundreds of smaller unnamed/minor named streams in this area were left out to keep the map readable and the file small. Geometry generalized (maxAllowableOffset=300m) from NHDs small-scale flowline layer."}, "geometry": {"type": "LineString", "coordinates": [[-106.951199, 39.209965], [-106.922561, 39.22046]]}}, {"type": "Feature", "properties": {"name": "Brush Creek", "source": "USGS NHD - Flowline Small Scale (1:100k), The National Map", "pulldate": "2026-07-29", "srcurl": "https://hydro.nationalmap.gov/arcgis/rest/services/nhd/MapServer/4", "caveat": "Named main-stem rivers and tributaries tied to project orgs/caucuses (Roaring Fork, Crystal, Fryingpan, Colorado rivers plus Snowmass/Capitol/Castle/Maroon/Woody/Brush/Cattle/West Divide creeks). Not exhaustive - hundreds of smaller unnamed/minor named streams in this area were left out to keep the map readable and the file small. Geometry generalized (maxAllowableOffset=300m) from NHDs small-scale flowline layer."}, "geometry": {"type": "LineString", "coordinates": [[-106.970189, 39.205099], [-106.961781, 39.204535], [-106.951199, 39.209965]]}}, {"type": "Feature", "properties": {"name": "West Divide Creek", "source": "USGS NHD - Flowline Small Scale (1:100k), The National Map", "pulldate": "2026-07-29", "srcurl": "https://hydro.nationalmap.gov/arcgis/rest/services/nhd/MapServer/4", "caveat": "Named main-stem rivers and tributaries tied to project orgs/caucuses (Roaring Fork, Crystal, Fryingpan, Colorado rivers plus Snowmass/Capitol/Castle/Maroon/Woody/Brush/Cattle/West Divide creeks). Not exhaustive - hundreds of smaller unnamed/minor named streams in this area were left out to keep the map readable and the file small. Geometry generalized (maxAllowableOffset=300m) from NHDs small-scale flowline layer."}, "geometry": {"type": "LineString", "coordinates": [[-107.458981, 39.270529], [-107.46367, 39.272261]]}}, {"type": "Feature", "properties": {"name": "West Divide Creek", "source": "USGS NHD - Flowline Small Scale (1:100k), The National Map", "pulldate": "2026-07-29", "srcurl": "https://hydro.nationalmap.gov/arcgis/rest/services/nhd/MapServer/4", "caveat": "Named main-stem rivers and tributaries tied to project orgs/caucuses (Roaring Fork, Crystal, Fryingpan, Colorado rivers plus Snowmass/Capitol/Castle/Maroon/Woody/Brush/Cattle/West Divide creeks). Not exhaustive - hundreds of smaller unnamed/minor named streams in this area were left out to keep the map readable and the file small. Geometry generalized (maxAllowableOffset=300m) from NHDs small-scale flowline layer."}, "geometry": {"type": "LineString", "coordinates": [[-107.411747, 39.259297], [-107.429525, 39.266106], [-107.445209, 39.26548], [-107.458981, 39.270529]]}}, {"type": "Feature", "properties": {"name": "Cattle Creek", "source": "USGS NHD - Flowline Small Scale (1:100k), The National Map", "pulldate": "2026-07-29", "srcurl": "https://hydro.nationalmap.gov/arcgis/rest/services/nhd/MapServer/4", "caveat": "Named main-stem rivers and tributaries tied to project orgs/caucuses (Roaring Fork, Crystal, Fryingpan, Colorado rivers plus Snowmass/Capitol/Castle/Maroon/Woody/Brush/Cattle/West Divide creeks). Not exhaustive - hundreds of smaller unnamed/minor named streams in this area were left out to keep the map readable and the file small. Geometry generalized (maxAllowableOffset=300m) from NHDs small-scale flowline layer."}, "geometry": {"type": "LineString", "coordinates": [[-107.199673, 39.459976], [-107.220945, 39.457694], [-107.247993, 39.449752], [-107.268214, 39.458284], [-107.270891, 39.46266]]}}, {"type": "Feature", "properties": {"name": "Cattle Creek", "source": "USGS NHD - Flowline Small Scale (1:100k), The National Map", "pulldate": "2026-07-29", "srcurl": "https://hydro.nationalmap.gov/arcgis/rest/services/nhd/MapServer/4", "caveat": "Named main-stem rivers and tributaries tied to project orgs/caucuses (Roaring Fork, Crystal, Fryingpan, Colorado rivers plus Snowmass/Capitol/Castle/Maroon/Woody/Brush/Cattle/West Divide creeks). Not exhaustive - hundreds of smaller unnamed/minor named streams in this area were left out to keep the map readable and the file small. Geometry generalized (maxAllowableOffset=300m) from NHDs small-scale flowline layer."}, "geometry": {"type": "LineString", "coordinates": [[-107.270891, 39.46266], [-107.271314, 39.462917]]}}, {"type": "Feature", "properties": {"name": "Cattle Creek", "source": "USGS NHD - Flowline Small Scale (1:100k), The National Map", "pulldate": "2026-07-29", "srcurl": "https://hydro.nationalmap.gov/arcgis/rest/services/nhd/MapServer/4", "caveat": "Named main-stem rivers and tributaries tied to project orgs/caucuses (Roaring Fork, Crystal, Fryingpan, Colorado rivers plus Snowmass/Capitol/Castle/Maroon/Woody/Brush/Cattle/West Divide creeks). Not exhaustive - hundreds of smaller unnamed/minor named streams in this area were left out to keep the map readable and the file small. Geometry generalized (maxAllowableOffset=300m) from NHDs small-scale flowline layer."}, "geometry": {"type": "LineString", "coordinates": [[-107.155727, 39.4611], [-107.15968, 39.462514]]}}, {"type": "Feature", "properties": {"name": "Cattle Creek", "source": "USGS NHD - Flowline Small Scale (1:100k), The National Map", "pulldate": "2026-07-29", "srcurl": "https://hydro.nationalmap.gov/arcgis/rest/services/nhd/MapServer/4", "caveat": "Named main-stem rivers and tributaries tied to project orgs/caucuses (Roaring Fork, Crystal, Fryingpan, Colorado rivers plus Snowmass/Capitol/Castle/Maroon/Woody/Brush/Cattle/West Divide creeks). Not exhaustive - hundreds of smaller unnamed/minor named streams in this area were left out to keep the map readable and the file small. Geometry generalized (maxAllowableOffset=300m) from NHDs small-scale flowline layer."}, "geometry": {"type": "LineString", "coordinates": [[-107.15968, 39.462514], [-107.18636, 39.458519], [-107.199673, 39.459976]]}}, {"type": "Feature", "properties": {"name": "Cattle Creek", "source": "USGS NHD - Flowline Small Scale (1:100k), The National Map", "pulldate": "2026-07-29", "srcurl": "https://hydro.nationalmap.gov/arcgis/rest/services/nhd/MapServer/4", "caveat": "Named main-stem rivers and tributaries tied to project orgs/caucuses (Roaring Fork, Crystal, Fryingpan, Colorado rivers plus Snowmass/Capitol/Castle/Maroon/Woody/Brush/Cattle/West Divide creeks). Not exhaustive - hundreds of smaller unnamed/minor named streams in this area were left out to keep the map readable and the file small. Geometry generalized (maxAllowableOffset=300m) from NHDs small-scale flowline layer."}, "geometry": {"type": "LineString", "coordinates": [[-107.140528, 39.464692], [-107.141794, 39.459227], [-107.155727, 39.4611]]}}, {"type": "Feature", "properties": {"name": "Cattle Creek", "source": "USGS NHD - Flowline Small Scale (1:100k), The National Map", "pulldate": "2026-07-29", "srcurl": "https://hydro.nationalmap.gov/arcgis/rest/services/nhd/MapServer/4", "caveat": "Named main-stem rivers and tributaries tied to project orgs/caucuses (Roaring Fork, Crystal, Fryingpan, Colorado rivers plus Snowmass/Capitol/Castle/Maroon/Woody/Brush/Cattle/West Divide creeks). Not exhaustive - hundreds of smaller unnamed/minor named streams in this area were left out to keep the map readable and the file small. Geometry generalized (maxAllowableOffset=300m) from NHDs small-scale flowline layer."}, "geometry": {"type": "LineString", "coordinates": [[-107.128077, 39.470413], [-107.140528, 39.464692]]}}, {"type": "Feature", "properties": {"name": "Cattle Creek", "source": "USGS NHD - Flowline Small Scale (1:100k), The National Map", "pulldate": "2026-07-29", "srcurl": "https://hydro.nationalmap.gov/arcgis/rest/services/nhd/MapServer/4", "caveat": "Named main-stem rivers and tributaries tied to project orgs/caucuses (Roaring Fork, Crystal, Fryingpan, Colorado rivers plus Snowmass/Capitol/Castle/Maroon/Woody/Brush/Cattle/West Divide creeks). Not exhaustive - hundreds of smaller unnamed/minor named streams in this area were left out to keep the map readable and the file small. Geometry generalized (maxAllowableOffset=300m) from NHDs small-scale flowline layer."}, "geometry": {"type": "LineString", "coordinates": [[-107.067387, 39.468874], [-107.085488, 39.461557], [-107.102394, 39.459685], [-107.128077, 39.470413]]}}, {"type": "Feature", "properties": {"name": "Cattle Creek", "source": "USGS NHD - Flowline Small Scale (1:100k), The National Map", "pulldate": "2026-07-29", "srcurl": "https://hydro.nationalmap.gov/arcgis/rest/services/nhd/MapServer/4", "caveat": "Named main-stem rivers and tributaries tied to project orgs/caucuses (Roaring Fork, Crystal, Fryingpan, Colorado rivers plus Snowmass/Capitol/Castle/Maroon/Woody/Brush/Cattle/West Divide creeks). Not exhaustive - hundreds of smaller unnamed/minor named streams in this area were left out to keep the map readable and the file small. Geometry generalized (maxAllowableOffset=300m) from NHDs small-scale flowline layer."}, "geometry": {"type": "LineString", "coordinates": [[-107.026738, 39.467313], [-107.038425, 39.473818], [-107.05543, 39.465892], [-107.067387, 39.468874]]}}, {"type": "Feature", "properties": {"name": "Cattle Creek", "source": "USGS NHD - Flowline Small Scale (1:100k), The National Map", "pulldate": "2026-07-29", "srcurl": "https://hydro.nationalmap.gov/arcgis/rest/services/nhd/MapServer/4", "caveat": "Named main-stem rivers and tributaries tied to project orgs/caucuses (Roaring Fork, Crystal, Fryingpan, Colorado rivers plus Snowmass/Capitol/Castle/Maroon/Woody/Brush/Cattle/West Divide creeks). Not exhaustive - hundreds of smaller unnamed/minor named streams in this area were left out to keep the map readable and the file small. Geometry generalized (maxAllowableOffset=300m) from NHDs small-scale flowline layer."}, "geometry": {"type": "LineString", "coordinates": [[-107.023262, 39.464269], [-107.026738, 39.467313]]}}, {"type": "Feature", "properties": {"name": "Cattle Creek", "source": "USGS NHD - Flowline Small Scale (1:100k), The National Map", "pulldate": "2026-07-29", "srcurl": "https://hydro.nationalmap.gov/arcgis/rest/services/nhd/MapServer/4", "caveat": "Named main-stem rivers and tributaries tied to project orgs/caucuses (Roaring Fork, Crystal, Fryingpan, Colorado rivers plus Snowmass/Capitol/Castle/Maroon/Woody/Brush/Cattle/West Divide creeks). Not exhaustive - hundreds of smaller unnamed/minor named streams in this area were left out to keep the map readable and the file small. Geometry generalized (maxAllowableOffset=300m) from NHDs small-scale flowline layer."}, "geometry": {"type": "LineString", "coordinates": [[-106.999807, 39.457146], [-107.000615, 39.457229]]}}, {"type": "Feature", "properties": {"name": "Cattle Creek", "source": "USGS NHD - Flowline Small Scale (1:100k), The National Map", "pulldate": "2026-07-29", "srcurl": "https://hydro.nationalmap.gov/arcgis/rest/services/nhd/MapServer/4", "caveat": "Named main-stem rivers and tributaries tied to project orgs/caucuses (Roaring Fork, Crystal, Fryingpan, Colorado rivers plus Snowmass/Capitol/Castle/Maroon/Woody/Brush/Cattle/West Divide creeks). Not exhaustive - hundreds of smaller unnamed/minor named streams in this area were left out to keep the map readable and the file small. Geometry generalized (maxAllowableOffset=300m) from NHDs small-scale flowline layer."}, "geometry": {"type": "LineString", "coordinates": [[-107.000615, 39.457229], [-107.023262, 39.464269]]}}, {"type": "Feature", "properties": {"name": "Cattle Creek", "source": "USGS NHD - Flowline Small Scale (1:100k), The National Map", "pulldate": "2026-07-29", "srcurl": "https://hydro.nationalmap.gov/arcgis/rest/services/nhd/MapServer/4", "caveat": "Named main-stem rivers and tributaries tied to project orgs/caucuses (Roaring Fork, Crystal, Fryingpan, Colorado rivers plus Snowmass/Capitol/Castle/Maroon/Woody/Brush/Cattle/West Divide creeks). Not exhaustive - hundreds of smaller unnamed/minor named streams in this area were left out to keep the map readable and the file small. Geometry generalized (maxAllowableOffset=300m) from NHDs small-scale flowline layer."}, "geometry": {"type": "LineString", "coordinates": [[-106.995351, 39.454427], [-106.999807, 39.457146]]}}, {"type": "Feature", "properties": {"name": "Cattle Creek", "source": "USGS NHD - Flowline Small Scale (1:100k), The National Map", "pulldate": "2026-07-29", "srcurl": "https://hydro.nationalmap.gov/arcgis/rest/services/nhd/MapServer/4", "caveat": "Named main-stem rivers and tributaries tied to project orgs/caucuses (Roaring Fork, Crystal, Fryingpan, Colorado rivers plus Snowmass/Capitol/Castle/Maroon/Woody/Brush/Cattle/West Divide creeks). Not exhaustive - hundreds of smaller unnamed/minor named streams in this area were left out to keep the map readable and the file small. Geometry generalized (maxAllowableOffset=300m) from NHDs small-scale flowline layer."}, "geometry": {"type": "LineString", "coordinates": [[-106.956706, 39.447165], [-106.965545, 39.438236], [-106.977142, 39.436925], [-106.995351, 39.454427]]}}, {"type": "Feature", "properties": {"name": "Cattle Creek", "source": "USGS NHD - Flowline Small Scale (1:100k), The National Map", "pulldate": "2026-07-29", "srcurl": "https://hydro.nationalmap.gov/arcgis/rest/services/nhd/MapServer/4", "caveat": "Named main-stem rivers and tributaries tied to project orgs/caucuses (Roaring Fork, Crystal, Fryingpan, Colorado rivers plus Snowmass/Capitol/Castle/Maroon/Woody/Brush/Cattle/West Divide creeks). Not exhaustive - hundreds of smaller unnamed/minor named streams in this area were left out to keep the map readable and the file small. Geometry generalized (maxAllowableOffset=300m) from NHDs small-scale flowline layer."}, "geometry": {"type": "LineString", "coordinates": [[-106.919731, 39.453713], [-106.924196, 39.457118], [-106.943051, 39.454455], [-106.956706, 39.447165]]}}]}